n_links,candidate_edge,ADM_NM,opp_recovered,cum_recovered,cum_pct_of_total_loss
1,107992-182906,화곡8동,58,58,0.008683440678625861
2,107992-35641,화곡8동,57,115,0.017217166862792652
3,35709-35710,화곡8동,53,168,0.025152035069123183
4,107785-57311,화곡4동,51,219,0.03278747428653558
5,35709-53257,화곡8동,50,269,0.040273199009488905
6,135954-147142,화곡8동,50,319,0.047758923732442234
7,35981-53258,화곡8동,48,367,0.05494521946647743
8,60302-57356,화곡4동,47,414,0.06198180070605356
9,135954-56542,화곡8동,46,460,0.06886866745117061
10,102678-53258,화곡2동,43,503,0.07530639071291048
11,60362-60341,화곡2동,41,544,0.08144468498573221
12,35981-35980,화곡8동,41,585,0.08758297925855393
13,60362-60348,화곡2동,40,625,0.09357155903691661
14,35972-53261,화곡2동,40,665,0.09956013881527927
15,60302-60297,화곡4동,39,704,0.10539900409918285
16,60362-60349,화곡2동,39,743,0.11123786938308645
17,60302-60301,화곡4동,39,782,0.11707673466699005
18,35972-35741,화곡2동,37,819,0.1226161709619755
19,144684-144714,갈현2동,37,856,0.12815560725696096
20,182375-182357,서교동,37,893,0.13369504355194645
21,144751-144750,갈현2동,36,929,0.13908476535247286
22,13392-13391,가산동,34,963,0.1441750581640811
23,181014-181015,서강동,33,996,0.1491156364812303
24,182375-182356,서교동,33,1029,0.15405621479837947
25,126096-13388,가산동,33,1062,0.1589967931155287
26,112372-112386,도화동,33,1095,0.1639373714326779
27,144708-144690,갈현2동,30,1125,0.16842880626644988
28,93293-93296,상도3동,30,1155,0.1729202411002219
29,107597-213451,가양2동,29,1184,0.1772619614395348
30,28655-79462,번2동,28,1212,0.18145396728438867
31,28657-29107,번2동,28,1240,0.18564597312924253
32,144552-144551,갈현1동,28,1268,0.1898379789740964
33,28657-29110,번2동,28,1296,0.19402998481895029
34,28655-79463,번2동,28,1324,0.19822199066380414
35,28611-29110,번2동,28,1352,0.202413996508658
36,106154-106145,용강동,27,1379,0.2064562878590528
37,77626-77624,용강동,27,1406,0.21049857920944756
38,33251-145825,구로3동,27,1433,0.2145408705598424
39,145319-145377,화곡4동,27,1460,0.2185831619102372
40,126092-126094,가산동,27,1487,0.22262545326063196
41,182334-182335,서교동,26,1513,0.22651803011656768
42,18939-18006,자양3동,26,1539,0.23041060697250346
43,18043-18042,자양3동,26,1565,0.23430318382843918
44,100844-100846,구로4동,26,1591,0.2381957606843749
45,93137-126805,상도3동,26,1617,0.24208833754031062
46,126451-126461,상도3동,26,1643,0.24598091439624636
47,100844-100843,구로4동,25,1668,0.24972377675772303
48,88292-88291,중곡4동,25,1693,0.2534666391191997
49,132339-132330,응암2동,25,1718,0.25720950148067634
50,181986-181984,연남동,25,1743,0.260952363842153
51,145256-145260,등촌2동,25,1768,0.2646952262036297
52,18007-18942,자양3동,25,1793,0.26843808856510637
53,31576-143792,가리봉동,25,1818,0.272180950926583
54,183852-183850,남가좌2동,25,1843,0.27592381328805965
55,66587-79463,번2동,25,1868,0.27966667564953634
56,66587-66589,번2동,25,1893,0.283409538011013
57,100883-188703,구로5동,24,1917,0.2870026858780306
58,88292-88295,중곡4동,24,1941,0.29059583374504816
59,214611-77553,용강동,24,1965,0.2941889816120658
60,163296-163295,방배본동,24,1989,0.2977821294790834
61,91078-91080,반포4동,24,2013,0.301375277346101
62,20754-20753,갈현2동,24,2037,0.30496842521311857
63,91078-91079,반포4동,24,2061,0.3085615730801362
64,144704-144703,갈현2동,24,2085,0.3121547209471538
65,113939-113938,노량진2동,23,2108,0.31559815431971233
66,91078-91564,반포4동,23,2131,0.3190415876922708
67,126484-95117,상도4동,23,2154,0.32248502106482935
68,69046-69045,공덕동,23,2177,0.32592845443738794
69,52744-52949,등촌3동,23,2200,0.3293718878099464
70,52744-52745,등촌3동,23,2223,0.33281532118250495
71,145375-145376,화곡4동,23,2246,0.3362587545550635
72,171681-171679,면목4동,23,2269,0.339702187927622
73,145319-145318,화곡4동,23,2292,0.34314562130018056
74,182281-182282,성산1동,23,2315,0.3465890546727391
75,154587-154586,응암3동,22,2337,0.3498827735508385
76,146803-146801,구산동,22,2359,0.353176492428938
77,132339-132340,응암2동,22,2381,0.3564702113070375
78,181014-27418,서강동,22,2403,0.35976393018513697
79,169171-169510,당산2동,22,2425,0.3630576490632364
80,67217-67216,송중동,22,2447,0.3663513679413359
81,158842-158841,상암동,22,2469,0.3696450868194353
82,184460-184461,신내1동,22,2491,0.3729388056975348
83,146319-146339,갈현1동,22,2513,0.3762325245756343
84,67217-67226,송중동,22,2535,0.37952624345373376
85,67217-67230,송중동,21,2556,0.38267024783737413
86,52713-52707,가양2동,21,2577,0.3858142522210145
87,72755-72756,중곡3동,21,2598,0.38895825660465494
88,161905-161887,방학1동,21,2619,0.39210226098829526
89,119924-189306,방배4동,21,2640,0.3952462653719357
90,68124-68125,대방동,21,2661,0.3983902697555762
91,33232-33227,구로4동,20,2681,0.4013845596447575
92,68147-68146,대방동,20,2701,0.4043788495339388
93,134632-131294,역삼2동,20,2721,0.40737313942312015
94,143137-132291,역촌동,20,2741,0.41036742931230147
95,146514-146510,갈현2동,20,2761,0.4133617192014828
96,114199-114200,상도2동,20,2781,0.4163560090906641
97,169171-169172,당산2동,20,2801,0.41935029897984544
98,173001-173000,망원1동,20,2821,0.42234458886902676
99,153385-154788,응암3동,20,2841,0.4253388787582081
100,110972-110971,대조동,20,2861,0.42833316864738946
101,27753-27750,자양3동,20,2881,0.4313274585365708
102,33232-144135,구로4동,20,2901,0.4343217484257521
103,150824-150821,원효로2동,20,2921,0.43731603831493343
104,140214-32009,독산2동,20,2941,0.44031032820411475
105,161019-161023,남가좌2동,20,2961,0.4433046180932961
106,130904-130882,신도림동,19,2980,0.44614919348801835
107,149910-149911,북가좌2동,19,2999,0.4489937688827406
108,26684-26682,화곡본동,19,3018,0.45183834427746283
109,26684-26683,화곡본동,19,3037,0.4546829196721851
110,39839-39840,시흥4동,19,3056,0.4575274950669074
111,11614-11612,자양4동,19,3075,0.4603720704616297
112,156095-156097,홍은2동,19,3094,0.46321664585635197
113,173164-173160,망원1동,19,3113,0.46606122125107424
114,91747-91753,방배1동,19,3132,0.46890579664579646
115,18525-18448,인헌동,19,3151,0.47175037204051873
116,183868-183848,남가좌2동,19,3170,0.474594947435241
117,91984-91761,방배1동,19,3189,0.47743952282996327
118,175716-175717,상봉1동,18,3207,0.48013438373022643
119,108232-180309,화곡6동,18,3225,0.48282924463048965
120,200753-200042,월곡1동,18,3243,0.4855241055307528
121,123764-123762,은천동,18,3261,0.48821896643101603
122,85915-85914,자양3동,18,3279,0.4909138273312793
123,110555-34777,미성동,18,3297,0.49360868823154247
124,110555-110554,미성동,18,3315,0.4963035491318057
125,211851-105315,염리동,18,3333,0.49899841003206885
126,154594-154579,응암3동,18,3351,0.5016932709323321
127,37590-37589,신원동,18,3369,0.5043881318325952
128,183852-80568,남가좌2동,18,3387,0.5070829927328584
129,85915-85913,자양3동,18,3405,0.5097778536331217
130,162351-162348,개봉1동,18,3423,0.5124727145333848
131,139013-132924,상도4동,18,3441,0.515167575433648
132,108137-108136,독산3동,18,3459,0.5178624363339112
133,134632-102912,역삼2동,18,3477,0.5205572972341744
134,197712-10847,동선동,18,3495,0.5232521581344377
135,194313-194444,삼선동,18,3513,0.5259470190347009
136,58324-58322,양평2동,18,3531,0.528641879934964
137,37590-37614,신원동,18,3549,0.5313367408352272
138,65814-66325,신도림동,18,3567,0.5340316017354905
139,109859-109857,사당2동,17,3584,0.5365767481412945
140,140686-140685,상암동,17,3601,0.5391218945470987
141,150018-149657,북가좌2동,17,3618,0.5416670409529029
142,134632-134643,역삼2동,17,3635,0.5442121873587069
143,175729-175758,신내1동,17,3652,0.5467573337645111
144,143797-143794,독산1동,17,3669,0.5493024801703151
145,111199-111223,응암1동,17,3686,0.5518476265761193
146,149677-149678,북가좌2동,17,3703,0.5543927729819235
147,183852-183871,남가좌2동,17,3720,0.5569379193877276
148,111071-111073,녹번동,17,3737,0.5594830657935318
149,50538-50537,중계4동,17,3754,0.5620282121993359
150,91984-195511,방배1동,17,3771,0.56457335860514
151,37590-37597,신원동,17,3788,0.5671185050109442
152,81261-81440,신길7동,17,3805,0.5696636514167482
153,85483-85230,자양1동,17,3822,0.5722087978225524
154,16159-16148,미성동,17,3839,0.5747539442283565
155,77627-136443,용강동,17,3856,0.5772990906341606
156,66148-66147,신도림동,17,3873,0.5798442370399648
157,74965-74966,쌍문1동,17,3890,0.5823893834457688
158,153806-153805,쌍문1동,17,3907,0.584934529851573
159,86245-85889,자양1동,17,3924,0.5874796762573772
160,60260-113282,장안1동,17,3941,0.5900248226631813
161,149910-149793,북가좌2동,17,3958,0.5925699690689855
162,16159-16152,미성동,17,3975,0.5951151154747896
163,27753-27754,자양3동,16,3991,0.5975105473861346
164,153815-153814,쌍문1동,16,4007,0.5999059792974797
165,195070-195072,정릉2동,16,4023,0.6023014112088247
166,187953-187951,행당2동,16,4039,0.6046968431201698
167,187932-187933,행당2동,16,4055,0.6070922750315149
168,153871-152230,쌍문1동,16,4071,0.6094877069428599
169,115769-115768,상도2동,16,4087,0.611883138854205
170,77627-136903,용강동,16,4103,0.61427857076555
171,166294-166293,신정3동,16,4119,0.6166740026768951
172,113801-89788,보라매동,16,4135,0.6190694345882403
173,191199-12603,방배3동,16,4151,0.6214648664995853
174,31520-31519,구로3동,16,4167,0.6238602984109304
175,91040-91034,반포4동,16,4183,0.6262557303222754
176,171559-171560,면목7동,16,4199,0.6286511622336205
177,158705-158704,홍은2동,16,4215,0.6310465941449656
178,38895-39111,신원동,16,4231,0.6334420260563106
179,38896-39111,신원동,16,4247,0.6358374579676557
180,29555-29518,독산3동,16,4263,0.6382328898790007
181,53472-53250,사당5동,16,4279,0.6406283217903458
182,140214-106133,독산2동,16,4295,0.6430237537016908
183,109893-16135,미성동,16,4311,0.6454191856130359
184,86376-86375,중곡3동,16,4327,0.647814617524381
185,109893-16134,미성동,16,4343,0.6502100494357261
186,166285-166286,신정3동,16,4359,0.6526054813470712
187,164977-164978,양평2동,16,4375,0.6550009132584163
188,139386-117226,사당3동,16,4391,0.6573963451697613
189,135021-135020,역촌동,16,4407,0.6597917770811064
190,180318-180317,화곡6동,16,4423,0.6621872089924514
191,87416-87278,대방동,15,4438,0.6644329264093374
192,171428-171453,면목7동,15,4453,0.6666786438262234
193,85483-84996,자양1동,15,4468,0.6689243612431094
194,141523-141797,응암3동,15,4483,0.6711700786599953
195,184474-184472,신내1동,15,4498,0.6734157960768814
196,138063-138053,사당5동,15,4513,0.6756615134937674
197,195551-195550,반포4동,15,4528,0.6779072309106533
198,161713-162194,목4동,15,4543,0.6801529483275394
199,194032-194031,서초4동,15,4558,0.6823986657444254
200,37732-37733,신원동,15,4573,0.6846443831613114
201,132787-115803,상도2동,15,4588,0.6868901005781974
202,71079-71081,구의1동,15,4603,0.6891358179950834
203,119209-119206,사당5동,15,4618,0.6913815354119693
204,21430-21431,가양2동,15,4633,0.6936272528288554
205,60260-60229,장안1동,15,4648,0.6958729702457414
206,3245-3971,장안1동,15,4663,0.6981186876626274
207,131858-131840,역삼2동,15,4678,0.7003644050795134
208,119209-119208,사당5동,15,4693,0.7026101224963993
209,164977-164976,양평2동,15,4708,0.7048558399132854
210,27753-27752,자양3동,15,4723,0.7071015573301713
211,193038-193039,정릉4동,15,4738,0.7093472747470573
212,100877-100878,구로5동,15,4753,0.7115929921639433
213,144790-144769,갈현2동,15,4768,0.7138387095808294
214,156171-156170,방학2동,15,4783,0.7160844269977154
215,61269-61270,행당2동,15,4798,0.7183301444146014
216,26655-26059,화곡본동,15,4813,0.7205758618314874
217,111071-111067,녹번동,15,4828,0.7228215792483733
218,87431-87430,대방동,15,4843,0.7250672966652594
219,40863-158688,홍은2동,15,4858,0.7273130140821453
220,28655-66598,번2동,15,4873,0.7295587314990314
221,195070-195069,정릉2동,15,4888,0.7318044489159173
222,162351-162352,개봉1동,15,4903,0.7340501663328033
223,13869-29585,도화동,15,4918,0.7362958837496894
224,142042-142045,응암3동,14,4932,0.7383918866721162
225,53718-53766,삼성동,14,4946,0.7404878895945431
226,17241-17240,인헌동,14,4960,0.7425838925169701
227,29555-29557,독산3동,14,4974,0.7446798954393972
228,161736-161733,목3동,14,4988,0.746775898361824
229,28401-28404,공릉2동,14,5002,0.748871901284251
230,131822-131821,역삼2동,14,5016,0.7509679042066779
231,44196-44198,상봉1동,14,5030,0.7530639071291048
232,95184-95174,상도4동,14,5044,0.7551599100515317
233,141688-141689,응암3동,14,5058,0.7572559129739587
234,197992-197989,보문동,14,5072,0.7593519158963856
235,150072-150071,북가좌1동,14,5086,0.7614479188188126
236,39858-39865,시흥4동,14,5100,0.7635439217412394
237,112430-112439,사당3동,14,5114,0.7656399246636664
238,29608-29614,독산4동,14,5128,0.7677359275860933
239,179331-179338,고척1동,14,5142,0.7698319305085202
240,64875-64876,금호2·3가동,14,5156,0.7719279334309471
241,30221-108501,독산4동,14,5170,0.7740239363533741
242,110415-110363,신사동,14,5184,0.7761199392758011
243,72994-121095,은천동,14,5198,0.778215942198228
244,73005-121096,은천동,14,5212,0.7803119451206549
245,28392-28394,공릉2동,14,5226,0.7824079480430818
246,196557-195878,송파1동,14,5240,0.7845039509655087
247,97190-97189,응암1동,14,5254,0.7865999538879356
248,75101-75100,망원1동,14,5268,0.7886959568103625
249,119924-119929,방배4동,14,5282,0.7907919597327895
250,74-89128,구의3동,14,5296,0.7928879626552165
251,74199-74198,중곡2동,14,5310,0.7949839655776435
252,87431-87428,대방동,14,5324,0.7970799685000705
253,113801-38528,보라매동,14,5338,0.7991759714224974
254,87447-87446,대방동,14,5352,0.8012719743449243
255,140214-105414,독산2동,14,5366,0.8033679772673512
256,121423-121409,가락2동,14,5380,0.8054639801897782
257,10044-123081,가락2동,14,5394,0.8075599831122051
258,151553-151552,북가좌2동,14,5408,0.809655986034632
259,75101-75080,망원1동,14,5422,0.8117519889570589
260,101320-101319,구로5동,14,5436,0.8138479918794859
261,87473-87485,대방동,14,5450,0.8159439948019128
262,147191-147193,신사1동,14,5464,0.8180399977243397
263,55630-55633,노량진1동,14,5478,0.8201360006467666
264,36748-36749,군자동,14,5492,0.8222320035691936
265,184474-184473,신내1동,14,5506,0.8243280064916205
266,190368-190367,상계2동,14,5520,0.8264240094140474
267,50395-50390,중계4동,14,5534,0.8285200123364743
268,179331-98985,고척1동,14,5548,0.8306160152589013
269,64875-64879,금호2·3가동,14,5562,0.8327120181813282
270,152693-152696,원효로2동,13,5575,0.8346583066092961
271,115015-110854,난곡동,13,5588,0.8366045950372639
272,73112-86348,중곡1동,13,5601,0.8385508834652318
273,206403-209693,장위3동,13,5614,0.8404971718931996
274,3245-3227,장안1동,13,5627,0.8424434603211675
275,123152-123134,문정1동,13,5640,0.8443897487491353
276,70553-70552,중곡2동,13,5653,0.8463360371771032
277,123152-123149,문정1동,13,5666,0.8482823256050711
278,108503-108425,독산4동,13,5679,0.850228614033039
279,50395-50433,중계4동,13,5692,0.8521749024610068
280,190281-190264,상계2동,13,5705,0.8541211908889746
281,190265-190259,상계2동,13,5718,0.8560674793169427
282,161757-161759,목2동,13,5731,0.8580137677449106
283,179115-179116,고척1동,13,5744,0.8599600561728784
284,95578-95581,보라매동,13,5757,0.8619063446008463
285,190265-190266,상계2동,13,5770,0.8638526330288141
286,179115-179114,고척1동,13,5783,0.865798921456782
287,100120-100121,구로4동,13,5796,0.8677452098847498
288,36163-36207,상계5동,13,5809,0.8696914983127177
289,83722-120303,중앙동,13,5822,0.8716377867406856
290,123619-95638,은천동,13,5835,0.8735840751686534
291,50395-50394,중계4동,13,5848,0.8755303635966213
292,208895-42448,상계5동,13,5861,0.8774766520245891
293,104988-104985,목4동,13,5874,0.879422940452557
294,39251-39250,서원동,13,5887,0.8813692288805248
295,38765-38767,시흥4동,13,5900,0.8833155173084927
296,39607-130061,시흥4동,13,5913,0.8852618057364605
297,115214-115213,서초2동,13,5926,0.8872080941644285
298,108000-108683,서초1동,13,5939,0.8891543825923963
299,98470-98469,번3동,13,5952,0.8911006710203642
300,100066-100065,구로2동,13,5965,0.893046959448332
301,190281-190278,상계2동,13,5978,0.8949932478762999
302,146165-146166,염창동,13,5991,0.8969395363042677
303,118266-118263,광장동,13,6004,0.8988858247322355
304,97692-97693,여의동,13,6017,0.9008321131602035
305,111149-111148,대조동,13,6030,0.9027784015881714
306,110972-110975,대조동,13,6043,0.9047246900161392
307,41977-41978,역삼2동,13,6056,0.906670978444107
308,172983-172984,망원1동,13,6069,0.9086172668720749
309,154688-154692,응암3동,13,6082,0.9105635553000427
310,63207-63206,중계2·3동,13,6095,0.9125098437280106
311,132339-132338,응암2동,13,6108,0.9144561321559784
312,30221-30219,독산4동,12,6120,0.9162527060894873
313,132777-132821,녹번동,12,6132,0.9180492800229962
314,15062-205042,대치2동,12,6144,0.919845853956505
315,203932-203933,월곡1동,12,6156,0.9216424278900138
316,105485-136442,용강동,12,6168,0.9234390018235226
317,11842-11846,공릉2동,12,6180,0.9252355757570314
318,215528-184020,북가좌1동,12,6192,0.9270321496905402
319,52717-215129,가양2동,12,6204,0.928828723624049
320,83722-83723,중앙동,12,6216,0.9306252975575577
321,158445-158446,방학1동,12,6228,0.9324218714910666
322,141458-101672,오류1동,12,6240,0.9342184454245753
323,77626-136903,용강동,12,6252,0.9360150193580842
324,132116-78590,대조동,12,6264,0.9378115932915929
325,97416-97414,오류1동,12,6276,0.9396081672251018
326,193924-197067,돈암2동,12,6288,0.9414047411586105
327,100713-100802,대학동,12,6300,0.9432013150921194
328,83685-83684,중앙동,12,6312,0.9449978890256281
329,112134-141227,오류1동,12,6324,0.9467944629591369
330,68068-88942,구의3동,12,6336,0.9485910368926457
331,112134-112135,오류1동,12,6348,0.9503876108261545
332,83744-83745,중앙동,12,6360,0.9521841847596633
333,203934-203933,월곡1동,12,6372,0.9539807586931721
334,169256-169259,당산2동,12,6384,0.9557773326266809
335,190401-190402,상계6·7동,12,6396,0.9575739065601897
336,189537-189531,상계5동,12,6408,0.9593704804936984
337,77710-77709,대조동,12,6420,0.9611670544272073
338,157657-153927,원효로1동,12,6432,0.962963628360716
339,142042-141950,응암3동,12,6444,0.9647602022942249
340,72994-72995,은천동,12,6456,0.9665567762277336
341,33258-144181,구로3동,12,6468,0.9683533501612425
342,30520-30518,독산2동,12,6480,0.9701499240947512
343,75101-75102,망원1동,12,6492,0.97194649802826
344,49848-49850,둔촌2동,12,6504,0.9737430719617688
345,188024-188027,구로5동,12,6516,0.9755396458952776
346,75789-75788,중곡2동,12,6528,0.9773362198287864
347,100877-188683,구로5동,12,6540,0.9791327937622952
348,36199-36202,중곡1동,12,6552,0.980929367695804
349,144751-146933,갈현2동,12,6564,0.982725941629313
350,91206-91210,대방동,12,6576,0.9845225155628218
351,152727-152725,원효로2동,12,6588,0.9863190894963305
352,94074-38549,보라매동,12,6600,0.9881156634298394
353,198317-198323,문정1동,12,6612,0.9899122373633482
354,91095-91096,대방동,12,6624,0.991708811296857
355,191198-119798,방배3동,12,6636,0.9935053852303657
356,152835-157852,용문동,12,6648,0.9953019591638745
357,101660-102197,오류2동,12,6660,0.9970985330973834
358,141849-151605,증산동,12,6672,0.9988951070308921
359,91839-91840,월계2동,12,6684,1.0006916809644009
360,146037-65512,구로4동,12,6696,1.0024882548979097
361,92500-114347,삼성동,12,6708,1.0042848288314186
362,92500-53357,삼성동,12,6720,1.0060814027649272
363,53718-53717,삼성동,12,6732,1.007877976698436
364,161655-162273,화곡1동,12,6744,1.009674550631945
365,14741-14742,구로2동,12,6756,1.0114711245654537
366,105453-105540,목2동,12,6768,1.0132676984989626
367,115128-114361,삼성동,12,6780,1.0150642724324712
368,115599-112301,응암2동,12,6792,1.01686084636598
369,135173-135174,불광1동,11,6803,1.0185077058050298
370,6403-6402,회현동,11,6814,1.0201545652440795
371,50396-50437,중계4동,11,6825,1.0218014246831293
372,19599-19598,남가좌2동,11,6836,1.023448284122179
373,11897-11898,자양4동,11,6847,1.0250951435612288
374,159947-159951,묵2동,11,6858,1.0267420030002785
375,166055-166025,당산2동,11,6869,1.0283888624393283
376,123194-123195,문정1동,11,6880,1.0300357218783778
377,195536-195537,방배1동,11,6891,1.0316825813174275
378,123152-123153,문정1동,11,6902,1.0333294407564773
379,24456-24461,합정동,11,6913,1.034976300195527
380,145530-145529,구로3동,11,6924,1.0366231596345767
381,171956-51679,신내2동,11,6935,1.0382700190736265
382,184474-184475,신내1동,11,6946,1.0399168785126762
383,116122-116124,사당2동,11,6957,1.041563737951726
384,196557-115841,송파1동,11,6968,1.0432105973907757
385,104988-104979,목4동,11,6979,1.0448574568298257
386,141523-141522,응암3동,11,6990,1.0465043162688754
387,202246-127581,수서동,11,7001,1.0481511757079252
388,168700-168701,대림3동,11,7012,1.049798035146975
389,151965-151963,원효로2동,11,7023,1.0514448945860244
390,100987-100980,서초3동,11,7034,1.0530917540250742
391,95183-95180,상도4동,11,7045,1.054738613464124
392,4336-4333,장안1동,11,7056,1.0563854729031736
393,156218-20133,방학2동,11,7067,1.0580323323422234
394,13769-13775,공덕동,11,7078,1.0596791917812731
395,61517-61516,중계2·3동,11,7089,1.0613260512203229
396,130327-108565,독산4동,11,7100,1.0629729106593726
397,61263-61262,중계2·3동,11,7111,1.0646197700984223
398,152727-152730,원효로2동,11,7122,1.066266629537472
399,197145-197143,동선동,11,7133,1.0679134889765218
400,202246-202247,수서동,11,7144,1.0695603484155716
401,42706-42707,신길6동,11,7155,1.0712072078546213
402,168679-168680,대림3동,11,7166,1.072854067293671
403,42714-42713,신길6동,11,7177,1.0745009267327208
404,113730-113711,삼성동,11,7188,1.0761477861717705
405,72994-121070,은천동,11,7199,1.07779464561082
406,188995-188998,조원동,11,7210,1.0794415050498698
407,60624-64212,하계2동,11,7221,1.0810883644889195
408,79792-79774,면목4동,11,7232,1.0827352239279693
409,159913-20967,창1동,11,7243,1.084382083367019
410,176330-176386,영등포본동,11,7254,1.0860289428060688
411,100554-100535,마천1동,11,7265,1.0876758022451185
412,198946-198921,안암동,11,7276,1.0893226616841682
413,94741-94734,서초3동,11,7287,1.090969521123218
414,14741-14740,구로2동,11,7298,1.0926163805622677
415,117691-139284,사당4동,11,7309,1.0942632400013175
416,102252-102251,신월1동,11,7320,1.0959100994403672
417,90867-90869,월계2동,11,7331,1.097556958879417
418,202278-202245,수서동,11,7342,1.0992038183184667
419,179421-177909,면목7동,10,7352,1.1007009632630573
420,21335-161290,창3동,10,7362,1.102198108207648
421,21896-161810,화곡1동,10,7372,1.1036952531522386
422,160554-34835,화곡1동,10,7382,1.1051923980968292
423,140841-140840,대림3동,10,7392,1.1066895430414199
424,204980-200975,월곡1동,10,7402,1.1081866879860107
425,73263-73259,상도1동,10,7412,1.1096838329306014
426,80016-79998,묵1동,10,7422,1.111180977875192
427,36048-36045,구로2동,10,7432,1.1126781228197828
428,97305-84127,오류2동,10,7442,1.1141752677643735
429,10860-197393,길음1동,10,7452,1.1156724127089641
430,112760-112759,대림2동,10,7462,1.1171695576535547
431,115536-103849,여의동,10,7472,1.1186667025981454
432,79277-79270,면목7동,10,7482,1.120163847542736
433,65814-99133,신도림동,10,7492,1.1216609924873266
434,197943-197942,보문동,10,7502,1.1231581374319173
435,189537-189582,상계5동,10,7512,1.1246552823765081
436,65106-100375,구로2동,10,7522,1.1261524273210988
437,109509-109496,등촌3동,10,7532,1.1276495722656894
438,180308-180309,화곡6동,10,7542,1.12914671721028
439,68246-120160,성현동,10,7552,1.1306438621548707
440,120161-120201,성현동,10,7562,1.1321410070994613
441,36090-36146,상계5동,10,7572,1.133638152044052
442,26684-26695,화곡본동,10,7582,1.1351352969886426
443,182607-182609,화곡8동,10,7592,1.1366324419332334
444,193848-193851,성북동,10,7602,1.138129586877824
445,145827-145826,구로3동,10,7612,1.1396267318224147
446,165176-165178,염창동,10,7622,1.1411238767670053
447,161253-161255,창3동,10,7632,1.142621021711596
448,189214-100880,구로5동,10,7642,1.1441181666561866
449,25278-25284,길동,10,7652,1.1456153116007772
450,124843-124505,금호2·3가동,10,7662,1.1471124565453679
451,80112-80111,성내2동,10,7672,1.1486096014899587
452,82574-82575,홍제3동,10,7682,1.1501067464345494
453,151466-151467,신사1동,10,7692,1.15160389137914
454,28794-28795,공릉2동,10,7702,1.1531010363237306
455,148569-148680,이태원2동,10,7712,1.1545981812683213
456,148569-148675,이태원2동,10,7722,1.156095326212912
457,14528-69088,공덕동,10,7732,1.1575924711575025
458,76516-76426,묵1동,10,7742,1.1590896161020932
459,102017-154493,신월1동,10,7752,1.160586761046684
460,96964-96960,진관동,10,7762,1.1620839059912746
461,141700-141701,응암3동,10,7772,1.1635810509358653
462,25278-25246,길동,10,7782,1.165078195880456
463,28392-28393,공릉2동,10,7792,1.1665753408250465
464,163623-163611,상암동,10,7802,1.1680724857696372
465,92239-91795,월계2동,10,7812,1.1695696307142278
466,177531-177532,목5동,10,7822,1.1710667756588187
467,195387-93048,방배3동,10,7832,1.1725639206034093
468,70897-70898,구의1동,10,7842,1.174061065548
469,71744-130454,역삼1동,10,7852,1.1755582104925908
470,25053-25054,충현동,10,7862,1.1770553554371814
471,72341-72340,충현동,10,7872,1.178552500381772
472,92239-92241,월계2동,10,7882,1.1800496453263627
473,112938-89650,신림동,9,7891,1.1813970757764942
474,27703-40797,서강동,9,7900,1.182744506226626
475,116614-116616,서림동,9,7909,1.1840919366767575
476,146856-146857,구산동,9,7918,1.185439367126889
477,115510-112003,난향동,9,7927,1.1867867975770208
478,21335-22183,창3동,9,7936,1.1881342280271523
479,63710-63709,천호2동,9,7945,1.1894816584772838
480,60624-60623,하계2동,9,7954,1.1908290889274153
481,164212-164234,대림2동,9,7963,1.192176519377547
482,204950-204426,장위1동,9,7972,1.1935239498276786
483,164212-164211,대림2동,9,7981,1.1948713802778101
484,107131-164741,염창동,9,7990,1.196218810727942
485,107597-42482,가양2동,9,7999,1.1975662411780734
486,42482-21446,가양2동,9,8008,1.198913671628205
487,25287-25289,길동,9,8017,1.2002611020783367
488,78616-76911,대조동,9,8026,1.2016085325284682
489,106463-106466,금호4가동,9,8035,1.2029559629785997
490,121284-121283,성현동,9,8044,1.2043033934287315
491,120689-120711,오금동,9,8053,1.205650823878863
492,13251-13250,장위1동,9,8062,1.2069982543289945
493,204672-204671,도곡1동,9,8071,1.2083456847791263
494,12728-12729,군자동,9,8080,1.2096931152292578
495,90027-90028,상도3동,9,8089,1.2110405456793893
496,15602-15525,화양동,9,8098,1.2123879761295209
497,65638-65639,역삼1동,9,8107,1.2137354065796526
498,94657-94656,사당1동,9,8116,1.2150828370297841
499,118306-118308,광장동,9,8125,1.2164302674799157
500,118075-118076,광장동,9,8134,1.2177776979300474
501,3245-3246,장안1동,9,8143,1.219125128380179
502,97664-20763,응암3동,9,8152,1.2204725588303105
503,199122-199123,오금동,9,8161,1.2218199892804422
504,96928-96929,진관동,9,8170,1.2231674197305737
505,11914-11913,자양4동,9,8179,1.2245148501807053
506,185300-185299,정릉4동,9,8188,1.225862280630837
507,120161-120163,성현동,9,8197,1.2272097110809685
508,169502-106409,금호4가동,9,8206,1.2285571415311
509,36048-36046,구로2동,9,8215,1.2299045719812318
510,24638-24648,성산1동,9,8224,1.2312520024313633
511,98020-98019,여의동,9,8233,1.2325994328814949
512,215357-115834,송파1동,9,8242,1.2339468633316264
513,124469-10408,금호2·3가동,9,8251,1.2352942937817584
514,25287-25245,길동,9,8260,1.23664172423189
515,204029-204028,장위1동,9,8269,1.2379891546820214
516,190420-190421,상계6·7동,9,8278,1.2393365851321532
517,161713-56600,목4동,9,8287,1.2406840155822847
518,161168-161164,불광1동,9,8296,1.2420314460324162
519,40863-80844,홍은2동,9,8305,1.2433788764825477
520,144436-144435,오류2동,9,8314,1.2447263069326795
521,176484-176483,면목3·8동,9,8323,1.246073737382811
522,176484-176486,면목3·8동,9,8332,1.2474211678329425
523,90177-90176,서원동,9,8341,1.2487685982830743
524,101175-17019,독산3동,9,8350,1.2501160287332058
525,102401-102406,신월1동,9,8359,1.2514634591833373
526,195239-95929,방배3동,9,8368,1.252810889633469
527,182697-106377,목1동,9,8377,1.2541583200836006
528,159311-159312,불광1동,9,8386,1.2555057505337321
529,40791-40792,서강동,9,8395,1.256853180983864
530,146514-146507,갈현2동,9,8404,1.2582006114339954
531,46473-46462,도림동,9,8413,1.259548041884127
532,176484-176169,면목3·8동,9,8422,1.2608954723342585
533,46459-46458,도림동,9,8431,1.2622429027843902
534,62329-62331,불광1동,9,8440,1.2635903332345217
535,104463-104854,목3동,9,8449,1.2649377636846533
536,155245-155254,천호3동,9,8458,1.266285194134785
537,102379-102382,신월1동,9,8467,1.2676326245849165
538,46459-176418,도림동,9,8476,1.268980055035048
539,76315-79986,묵1동,9,8485,1.2703274854851798
540,109460-109463,시흥5동,8,8493,1.2715252014408522
541,196279-195841,잠실4동,8,8501,1.2727229173965249
542,173019-173018,망원1동,8,8509,1.2739206333521973
543,173019-173023,망원1동,8,8517,1.27511834930787
544,60297-57344,화곡4동,8,8525,1.2763160652635424
545,54144-53895,신대방2동,8,8533,1.277513781219215
546,87568-87567,잠실6동,8,8541,1.2787114971748874
547,193233-193232,정릉4동,8,8549,1.27990921313056
548,55475-55030,시흥5동,8,8557,1.2811069290862325
549,109460-109459,시흥5동,8,8565,1.2823046450419051
550,123421-123422,장지동,8,8573,1.2835023609975775
551,10319-8518,약수동,8,8581,1.2847000769532502
552,41977-131929,역삼2동,8,8589,1.2858977929089226
553,72011-72006,북아현동,8,8597,1.2870955088645952
554,77276-77408,북아현동,8,8605,1.2882932248202676
555,35958-51010,역삼2동,8,8613,1.2894909407759403
556,188001-188296,구로5동,8,8621,1.2906886567316127
557,163991-163990,구로5동,8,8629,1.2918863726872853
558,71744-71758,역삼1동,8,8637,1.2930840886429578
559,132616-78183,역촌동,8,8645,1.2942818045986304
560,149693-149694,북가좌2동,8,8653,1.2954795205543028
561,161118-161145,신도림동,8,8661,1.2966772365099755
562,132777-77137,녹번동,8,8669,1.297874952465648
563,5833-5840,회현동,8,8677,1.2990726684213205
564,135173-135171,불광1동,8,8685,1.3002703843769932
565,55740-55714,시흥5동,8,8693,1.3014681003326656
566,55475-55476,시흥5동,8,8701,1.3026658162883382
567,46952-47139,한강로동,8,8709,1.3038635322440106
568,123079-123064,가락2동,8,8717,1.3050612481996833
569,52246-123599,암사1동,8,8725,1.3062589641553557
570,198436-198433,가락2동,8,8733,1.3074566801110283
571,46400-46401,창5동,8,8741,1.3086543960667008
572,49131-48795,수유3동,8,8749,1.3098521120223734
573,164538-164534,염창동,8,8757,1.3110498279780458
574,99554-99549,구로2동,8,8765,1.3122475439337185
575,64578-64577,남영동,8,8773,1.3134452598893909
576,99554-99548,구로2동,8,8781,1.3146429758450635
577,140482-140484,도림동,8,8789,1.315840691800736
578,169092-169078,대림2동,8,8797,1.3170384077564086
579,140695-140692,도림동,8,8805,1.318236123712081
580,167117-167118,대림3동,8,8813,1.3194338396677536
581,166186-123335,천호2동,8,8821,1.320631555623426
582,52235-54755,천호2동,8,8829,1.3218292715790987
583,52235-52170,천호2동,8,8837,1.323026987534771
584,52235-52250,천호2동,8,8845,1.3242247034904437
585,52246-52245,암사1동,8,8853,1.3254224194461162
586,124428-124407,금호2·3가동,8,8861,1.3266201354017888
587,41770-41851,송천동,8,8869,1.3278178513574612
588,107131-107130,염창동,8,8877,1.3290155673131339
589,178028-178026,천호1동,8,8885,1.3302132832688063
590,121804-173833,우이동,8,8893,1.331410999224479
591,109173-109172,화곡3동,8,8901,1.3326087151801513
592,139255-73134,흑석동,8,8909,1.333806431135824
593,92579-89962,석촌동,8,8917,1.3350041470914964
594,56123-56168,성내3동,8,8925,1.336201863047169
595,111146-111107,대조동,8,8933,1.3373995790028415
596,152991-152990,효창동,8,8941,1.338597294958514
597,146262-101615,오류2동,8,8949,1.3397950109141865
598,114385-114382,마천2동,8,8957,1.3409927268698592
599,114266-114267,마천2동,8,8965,1.3421904428255316
600,80557-80554,오류2동,8,8973,1.3433881587812042
601,183184-183186,둔촌1동,8,8981,1.3445858747368766
602,181274-181400,서강동,8,8989,1.3457835906925493
603,163592-168111,홍은1동,8,8997,1.3469813066482217
604,80557-80482,오류2동,8,9005,1.3481790226038943
605,25784-25783,길동,8,9013,1.3493767385595667
606,139407-112501,사당2동,8,9021,1.3505744545152394
607,23057-21913,화곡1동,8,9029,1.3517721704709118
608,28990-28989,신정2동,8,9037,1.3529698864265844
609,94741-94743,서초3동,8,9045,1.3541676023822569
610,120205-120206,성현동,8,9053,1.3553653183379295
611,103351-22168,신월6동,8,9061,1.356563034293602
612,32015-50704,하계1동,8,9069,1.3577607502492746
613,128366-128365,평창동,8,9077,1.358958466204947
614,115312-114797,대학동,8,9085,1.3601561821606196
615,115312-92732,대학동,8,9093,1.3613538981162923
616,189656-189655,하계1동,8,9101,1.362551614071965
617,19104-164531,가양3동,8,9109,1.3637493300276373
618,189740-214921,하계2동,8,9117,1.36494704598331
619,90467-90466,서림동,8,9125,1.3661447619389824
620,37600-37601,신원동,8,9133,1.367342477894655
621,37600-37588,신원동,8,9141,1.3685401938503274
622,102401-102399,신월1동,8,9149,1.369737909806
623,90177-90178,서원동,8,9157,1.3709356257616725
624,50719-50720,중계2·3동,8,9165,1.3721333417173451
625,156810-156822,신월1동,8,9173,1.3733310576730176
626,55319-55292,상계9동,8,9181,1.3745287736286902
627,50756-50758,중계1동,8,9189,1.3757264895843626
628,189399-189395,상계5동,8,9197,1.3769242055400353
629,161762-161731,목3동,8,9205,1.3781219214957077
630,189399-189402,상계5동,8,9213,1.3793196374513803
631,189420-189421,상계5동,8,9221,1.3805173534070527
632,104456-104457,목3동,8,9229,1.3817150693627254
633,36090-189500,상계5동,8,9237,1.3829127853183978
634,118530-67982,행운동,8,9245,1.3841105012740704
635,113845-113844,보라매동,8,9253,1.3853082172297428
636,43754-43755,묵2동,8,9261,1.3865059331854155
637,25602-25596,우장산동,8,9269,1.387703649141088
638,121150-121110,성현동,8,9277,1.3889013650967605
639,76346-76298,묵1동,8,9285,1.390099081052433
640,37904-37902,삼성동,8,9293,1.3912967970081056
641,61525-61531,중계2·3동,8,9301,1.392494512963778
642,121382-121377,서림동,7,9308,1.3935425144249916
643,79792-79799,면목4동,7,9315,1.394590515886205
644,18619-112920,당산2동,7,9322,1.3956385173474184
645,32634-32635,시흥1동,7,9329,1.396686518808632
646,121382-121381,서림동,7,9336,1.3977345202698455
647,110068-110067,신사동,7,9343,1.3987825217310588
648,35940-35941,삼성2동,7,9350,1.3998305231922723
649,167763-167758,개봉2동,7,9357,1.4008785246534858
650,159884-159887,창1동,7,9364,1.4019265261146991
651,146514-146513,갈현2동,7,9371,1.4029745275759127
652,104830-104821,목3동,7,9378,1.4040225290371262
653,79481-80257,행운동,7,9385,1.4050705304983397
654,183268-183269,화곡8동,7,9392,1.406118531959553
655,19414-19413,당산1동,7,9399,1.4071665334207666
656,156009-155899,화곡1동,7,9406,1.4082145348819801
657,110015-110014,신사동,7,9413,1.4092625363431934
658,54630-54585,시흥5동,7,9420,1.410310537804407
659,73387-73361,송파2동,7,9427,1.4113585392656205
660,78144-78123,중화1동,7,9434,1.4124065407268338
661,119382-119380,청림동,7,9441,1.4134545421880473
662,49100-49030,인수동,7,9448,1.4145025436492609
663,121181-73603,은천동,7,9455,1.4155505451104742
664,180286-180301,등촌3동,7,9462,1.4165985465716877
665,31874-31881,군자동,7,9469,1.4176465480329012
666,136797-136796,불광1동,7,9476,1.4186945494941146
667,49008-49094,수유3동,7,9483,1.419742550955328
668,48763-48762,수유3동,7,9490,1.4207905524165416
669,64578-42067,남영동,7,9497,1.421838553877755
670,84456-84455,홍제1동,7,9504,1.4228865553389685
671,164690-164689,창5동,7,9511,1.423934556800182
672,164703-164702,창5동,7,9518,1.4249825582613955
673,114237-114236,서초4동,7,9525,1.426030559722609
674,189724-189723,하계2동,7,9532,1.4270785611838226
675,126092-13381,가산동,7,9539,1.428126562645036
676,52859-159763,양평2동,7,9546,1.4291745641062494
677,17092-17107,반포1동,7,9553,1.430222565567463
678,18533-18530,인헌동,7,9560,1.4312705670286763
679,42714-42715,신길6동,7,9567,1.4323185684898898
680,23899-12774,군자동,7,9574,1.4333665699511033
681,184488-184492,망우본동,7,9581,1.4344145714123169
682,17092-17094,반포1동,7,9588,1.4354625728735302
683,178341-178336,등촌3동,7,9595,1.4365105743347437
684,49008-49110,수유3동,7,9602,1.4375585757959572
685,151826-149120,양평1동,7,9609,1.4386065772571706
686,63747-63750,성내2동,7,9616,1.439654578718384
687,304-48935,청량리동,7,9623,1.4407025801795976
688,23904-23905,천호3동,7,9630,1.441750581640811
689,92955-92948,삼성동,7,9637,1.4427985831020245
690,18281-18400,정릉1동,7,9644,1.443846584563238
691,159928-159916,창2동,7,9651,1.4448945860244513
692,21446-134958,가양3동,7,9658,1.4459425874856648
693,168679-168667,대림3동,7,9665,1.4469905889468784
694,11063-192935,삼선동,7,9672,1.4480385904080917
695,11897-11896,자양4동,7,9679,1.4490865918693052
696,25128-25122,북아현동,7,9686,1.4501345933305188
697,134233-134255,종로1·2·3·4가동,7,9693,1.4511825947917323
698,21253-21254,신월6동,7,9700,1.4522305962529456
699,166186-54761,천호2동,7,9707,1.4532785977141591
700,195837-195836,잠실4동,7,9714,1.4543265991753727
701,87573-87567,잠실6동,7,9721,1.455374600636586
702,77276-77280,북아현동,7,9728,1.4564226020977995
703,37793-37819,난곡동,7,9735,1.457470603559013
704,196006-196007,잠실6동,7,9742,1.4585186050202263
705,195999-196000,잠실3동,7,9749,1.4595666064814399
706,8473-8477,약수동,7,9756,1.4606146079426534
707,35481-35486,난곡동,7,9763,1.4616626094038667
708,35481-35465,난곡동,7,9770,1.4627106108650803
709,197369-197368,길음1동,7,9777,1.4637586123262938
710,21253-165031,신월6동,7,9784,1.464806613787507
711,96598-96636,서림동,7,9791,1.4658546152487206
712,97168-96848,녹번동,7,9798,1.4669026167099342
713,128574-128572,무악동,7,9805,1.4679506181711477
714,21261-165030,신월7동,7,9812,1.468998619632361
715,198355-198354,가락2동,7,9819,1.4700466210935745
716,79792-79791,면목4동,7,9826,1.471094622554788
717,114712-114713,가락2동,7,9833,1.4721426240160014
718,49767-49766,구로1동,7,9840,1.473190625477215
719,43203-43188,면목2동,7,9847,1.4742386269384284
720,99282-51746,구로1동,7,9854,1.4752866283996418
721,99282-99281,구로1동,7,9861,1.4763346298608553
722,51748-49776,구로1동,7,9868,1.4773826313220688
723,51748-99283,구로1동,7,9875,1.4784306327832821
724,124891-124881,금호2·3가동,7,9882,1.4794786342444957
725,49780-51749,구로1동,7,9889,1.4805266357057092
726,49778-51746,구로1동,7,9896,1.4815746371669225
727,199624-93398,가락본동,7,9903,1.482622638628136
728,185106-51751,구로1동,7,9910,1.4836706400893496
729,22102-24686,인수동,7,9917,1.484718641550563
730,96841-96840,녹번동,7,9924,1.4857666430117764
731,88124-88944,구의3동,7,9931,1.48681464447299
732,49767-99590,구로1동,7,9938,1.4878626459342035
733,115321-115327,가락2동,7,9945,1.488910647395417
734,21260-21259,신월6동,7,9952,1.4899586488566305
735,114659-114743,가락2동,7,9959,1.4910066503178439
736,42585-103263,신월2동,6,9965,1.4919049372845983
737,188757-12528,발산1동,6,9971,1.4928032242513527
738,95240-138959,상도4동,6,9977,1.4937015112181071
739,71753-71752,역삼1동,6,9983,1.4945997981848615
740,62940-62938,창4동,6,9989,1.495498085151616
741,148103-148101,홍제1동,6,9995,1.4963963721183704
742,62934-59258,창4동,6,10001,1.4972946590851248
743,42039-42038,도림동,6,10007,1.498192946051879
744,188528-188529,발산1동,6,10013,1.4990912330186335
745,59312-23184,창4동,6,10019,1.4999895199853879
746,94738-194980,서초3동,6,10025,1.5008878069521423
747,62935-59258,창4동,6,10031,1.5017860939188967
748,104345-111613,신정1동,6,10037,1.5026843808856511
749,4478-4481,이문1동,6,10043,1.5035826678524056
750,182729-183300,신정2동,6,10049,1.50448095481916
751,175030-175040,화곡1동,6,10055,1.5053792417859142
752,127401-92690,상도2동,6,10061,1.5062775287526686
753,174177-174175,방배2동,6,10067,1.507175815719423
754,175558-175547,신내1동,6,10073,1.5080741026861775
755,105453-105449,목2동,6,10079,1.508972389652932
756,104630-104909,신도림동,6,10085,1.5098706766196863
757,127401-127404,상도2동,6,10091,1.5107689635864407
758,96880-96881,녹번동,6,10097,1.5116672505531952
759,93020-93019,방배3동,6,10103,1.5125655375199494
760,87141-93719,혜화동,6,10109,1.5134638244867038
761,77205-77206,충현동,6,10115,1.5143621114534582
762,134392-134391,종로1·2·3·4가동,6,10121,1.5152603984202127
763,8035-8049,다산동,6,10127,1.516158685386967
764,133823-133822,가회동,6,10133,1.5170569723537215
765,90619-90569,상계1동,6,10139,1.517955259320476
766,112627-112626,우장산동,6,10145,1.5188535462872303
767,79481-79426,행운동,6,10151,1.5197518332539846
768,121588-116475,도곡2동,6,10157,1.520650120220739
769,126272-126255,상도3동,6,10163,1.5215484071874934
770,204217-204218,도곡2동,6,10169,1.5224466941542478
771,182729-182728,신정2동,6,10175,1.5233449811210023
772,147072-147071,홍제1동,6,10181,1.5242432680877567
773,164802-164801,창5동,6,10187,1.525141555054511
774,170517-48724,상봉1동,6,10193,1.5260398420212655
775,128008-129298,상도2동,6,10199,1.5269381289880197
776,161600-161603,도봉1동,6,10205,1.5278364159547742
777,54957-54954,상계9동,6,10211,1.5287347029215286
778,161600-161599,도봉1동,6,10217,1.529632989888283
779,106645-30752,신정2동,6,10223,1.5305312768550374
780,84259-84238,홍은1동,6,10229,1.5314295638217919
781,130981-139027,상도2동,6,10235,1.5323278507885463
782,155245-155244,천호3동,6,10241,1.5332261377553007
783,212225-38178,중곡4동,6,10247,1.534124424722055
784,175547-175558,신내2동,6,10253,1.5350227116888093
785,64908-133771,시흥3동,6,10259,1.5359209986555638
786,22505-41083,도봉2동,6,10265,1.5368192856223182
787,25352-25351,길동,6,10271,1.5377175725890726
788,176330-176329,영등포본동,6,10277,1.538615859555827
789,120689-120623,오금동,6,10283,1.5395141465225815
790,88654-86162,구의2동,6,10289,1.5404124334893359
791,122830-122828,방이1동,6,10295,1.54131072045609
792,70264-139220,흑석동,6,10301,1.5422090074228445
793,70264-70263,흑석동,6,10307,1.543107294389599
794,17788-17785,흑석동,6,10313,1.5440055813563534
795,104345-111665,신정1동,6,10319,1.5449038683231078
796,112185-112184,마천2동,6,10325,1.5458021552898622
797,200554-200552,종암동,6,10331,1.5467004422566166
798,190489-190492,중계2·3동,6,10337,1.547598729223371
799,188101-188102,조원동,6,10343,1.5484970161901253
800,158545-158430,방학1동,6,10349,1.5493953031568797
801,151722-151721,양평1동,6,10355,1.550293590123634
802,200518-86812,종암동,6,10361,1.5511918770903887
803,148986-148987,양평1동,6,10367,1.5520901640571432
804,83682-83526,성현동,6,10373,1.5529884510238976
805,5166-110146,장안1동,6,10379,1.5538867379906518
806,149000-148993,양평1동,6,10385,1.5547850249574062
807,158563-158565,쌍문2동,6,10391,1.5556833119241607
808,120689-120688,오금동,6,10397,1.556581598890915
809,200431-86730,종암동,6,10403,1.5574798858576695
810,60040-139645,성산2동,6,10409,1.558378172824424
811,109119-109120,화곡3동,6,10415,1.5592764597911783
812,92529-92528,석촌동,6,10421,1.5601747467579328
813,214002-197501,정릉1동,6,10427,1.561073033724687
814,109165-109164,화곡3동,6,10433,1.5619713206914414
815,188801-188800,화곡3동,6,10439,1.5628696076581956
816,188801-188941,화곡3동,6,10445,1.56376789462495
817,199445-199444,종암동,6,10451,1.5646661815917045
818,55388-55389,전농1동,6,10457,1.5655644685584589
819,191755-191754,공릉2동,6,10463,1.5664627555252133
820,60025-60017,성산2동,6,10469,1.5673610424919677
821,19414-19432,당산1동,6,10475,1.5682593294587222
822,42016-42013,당산1동,6,10481,1.5691576164254766
823,139644-139645,성산2동,6,10487,1.5700559033922308
824,19474-111822,당산1동,6,10493,1.5709541903589852
825,120654-120639,오금동,6,10499,1.5718524773257396
826,198558-198557,오금동,6,10505,1.572750764292494
827,55388-1513,전농1동,6,10511,1.5736490512592485
828,149025-149014,양평1동,6,10517,1.574547338226003
829,181336-181335,서강동,6,10523,1.5754456251927573
830,21258-165031,신월6동,6,10529,1.5763439121595118
831,104931-126818,길동,6,10535,1.577242199126266
832,44602-45015,신길4동,6,10541,1.5781404860930204
833,89349-89350,신림동,6,10547,1.5790387730597748
834,21123-21117,송천동,6,10553,1.5799370600265292
835,28495-28529,공릉1동,6,10559,1.5808353469932837
836,68519-196395,잠실3동,6,10565,1.581733633960038
837,104931-104925,길동,6,10571,1.5826319209267927
838,179492-179441,송천동,6,10577,1.5835302078935471
839,123421-123409,장지동,6,10583,1.5844284948603016
840,42264-42263,가양3동,6,10589,1.585326781827056
841,198105-198107,장지동,6,10595,1.5862250687938104
842,190634-190633,중계2·3동,6,10601,1.5871233557605648
843,188562-188560,발산1동,6,10607,1.5880216427273193
844,4360-45691,장안2동,6,10613,1.5889199296940735
845,144790-144774,갈현2동,6,10619,1.589818216660828
846,179630-179654,미아동,6,10625,1.5907165036275823
847,89315-89318,신림동,6,10631,1.5916147905943367
848,89349-37313,신림동,6,10637,1.5925130775610912
849,89314-89313,신림동,6,10643,1.5934113645278456
850,69088-69037,공덕동,6,10649,1.5943096514946
851,119661-35637,염창동,6,10655,1.5952079384613542
852,41214-41219,신수동,6,10661,1.5961062254281086
853,27053-27189,신수동,6,10667,1.597004512394863
854,68068-68069,구의3동,6,10673,1.5979027993616175
855,125681-125682,길동,6,10679,1.598801086328372
856,198315-115476,문정1동,6,10685,1.5996993732951263
857,89314-89316,신림동,6,10691,1.6005976602618808
858,76196-76195,구산동,6,10697,1.6014959472286352
859,23651-41357,방학1동,6,10703,1.6023942341953896
860,183368-183369,목1동,5,10708,1.603142806667685
861,174693-174692,화곡1동,5,10713,1.6038913791399803
862,77205-77458,충현동,5,10718,1.6046399516122756
863,46715-46713,신정3동,5,10723,1.605388524084571
864,161655-161656,화곡1동,5,10728,1.6061370965568662
865,76787-74973,역촌동,5,10733,1.6068856690291615
866,153404-154798,응암3동,5,10738,1.6076342415014568
867,77222-77223,충현동,5,10743,1.6083828139737522
868,21260-21262,신월6동,5,10748,1.6091313864460475
869,21253-165032,신월6동,5,10753,1.6098799589183428
870,27212-27213,신수동,5,10758,1.610628531390638
871,77246-77249,충현동,5,10763,1.6113771038629334
872,22985-22984,목2동,5,10768,1.6121256763352287
873,168331-147598,개봉3동,5,10773,1.612874248807524
874,191862-191861,공릉2동,5,10778,1.6136228212798194
875,13655-13656,아현동,5,10783,1.6143713937521147
876,20215-20216,방학2동,5,10788,1.6151199662244102
877,42475-42476,등촌2동,5,10793,1.6158685386967055
878,156258-156261,방학2동,5,10798,1.6166171111690009
879,159077-159078,창1동,5,10803,1.6173656836412962
880,47655-63552,상계10동,5,10808,1.6181142561135915
881,143537-143536,역촌동,5,10813,1.6188628285858868
882,42846-42847,신월2동,5,10818,1.6196114010581821
883,148423-148424,홍제1동,5,10823,1.6203599735304774
884,42585-42764,신월2동,5,10828,1.6211085460027728
885,19104-148784,가양3동,5,10833,1.621857118475068
886,143473-143533,역촌동,5,10838,1.6226056909473634
887,42585-42762,신월2동,5,10843,1.6233542634196587
888,61545-61547,중계2·3동,5,10848,1.624102835891954
889,104345-111661,신정1동,5,10853,1.6248514083642493
890,146794-146780,구산동,5,10858,1.6255999808365447
891,178337-178341,등촌3동,5,10863,1.6263485533088402
892,80568-183997,남가좌2동,5,10868,1.6270971257811355
893,76742-76146,갈현2동,5,10873,1.6278456982534308
894,191865-191863,공릉2동,5,10878,1.6285942707257262
895,21251-21223,신월4동,5,10883,1.6293428431980215
896,21275-21247,신월4동,5,10888,1.6300914156703168
897,161281-161285,창3동,5,10893,1.630839988142612
898,84201-81281,홍은2동,5,10898,1.6315885606149074
899,56733-56735,홍은2동,5,10903,1.6323371330872027
900,180922-180921,서강동,5,10908,1.633085705559498
901,85055-85054,방화1동,5,10913,1.6338342780317934
902,167600-167456,홍은1동,5,10918,1.6345828505040887
903,163592-166194,홍은1동,5,10923,1.635331422976384
904,146856-146852,구산동,5,10928,1.6360799954486793
905,85510-85610,방화1동,5,10933,1.6368285679209746
906,85510-85509,방화1동,5,10938,1.63757714039327
907,181336-181337,서강동,5,10943,1.6383257128655653
908,165676-165667,염창동,5,10948,1.6390742853378608
909,21251-21203,신월4동,5,10953,1.6398228578101561
910,5439-5440,답십리2동,5,10958,1.6405714302824514
911,169439-169438,영등포동,5,10963,1.6413200027547468
912,212805-196346,잠실3동,5,10968,1.642068575227042
913,118181-67882,광장동,5,10973,1.6428171476993374
914,104931-104932,길동,5,10978,1.6435657201716327
915,60204-65537,신길1동,5,10983,1.644314292643928
916,43754-43753,묵2동,5,10988,1.6450628651162233
917,65317-65305,용산2가동,5,10993,1.6458114375885187
918,42250-42258,남영동,5,10998,1.646560010060814
919,150470-147463,원효로2동,5,11003,1.6473085825331093
920,206286-206227,월곡2동,5,11008,1.6480571550054046
921,172593-192678,양재1동,5,11013,1.6488057274777
922,174199-174182,방배4동,5,11018,1.6495542999499953
923,196525-196025,잠실3동,5,11023,1.6503028724222908
924,21740-53611,둔촌1동,5,11028,1.651051444894586
925,198187-121629,장지동,5,11033,1.6518000173668814
926,21123-21118,송천동,5,11038,1.6525485898391767
927,44110-44301,대림1동,5,11043,1.653297162311472
928,57510-60483,이촌1동,5,11048,1.6540457347837674
929,163097-19948,이촌1동,5,11053,1.6547943072560627
930,118247-118248,광장동,5,11058,1.655542879728358
931,118247-118246,광장동,5,11063,1.6562914522006533
932,64466-64465,이촌1동,5,11068,1.6570400246729486
933,183562-183552,미아동,5,11073,1.657788597145244
934,47468-47496,성내1동,5,11078,1.6585371696175393
935,60457-60467,이촌1동,5,11083,1.6592857420898346
936,172292-172235,천호3동,5,11088,1.66003431456213
937,18559-18556,청림동,5,11093,1.6607828870344252
938,151722-151725,양평1동,5,11098,1.6615314595067205
939,170321-170318,중화1동,5,11103,1.6622800319790159
940,197321-197315,길음1동,5,11108,1.6630286044513114
941,195982-195986,석촌동,5,11113,1.6637771769236067
942,206050-206049,월곡2동,5,11118,1.664525749395902
943,143524-55877,청담동,5,11123,1.6652743218681973
944,122995-122994,가락2동,5,11128,1.6660228943404927
945,69054-206825,길음1동,5,11133,1.666771466812788
946,198436-198439,가락2동,5,11138,1.6675200392850833
947,91163-91159,대방동,5,11143,1.6682686117573786
948,91288-91277,대방동,5,11148,1.669017184229674
949,112105-109067,마천2동,5,11153,1.6697657567019693
950,194809-194810,길음1동,5,11158,1.6705143291742646
951,197321-198254,길음1동,5,11163,1.6712629016465599
952,206564-206565,정릉3동,5,11168,1.6720114741188552
953,197280-197279,보문동,5,11173,1.6727600465911505
954,212447-200013,종암동,5,11178,1.6735086190634458
955,89653-89654,신림동,5,11183,1.6742571915357414
956,114266-114261,마천2동,5,11188,1.6750057640080367
957,115321-115320,가락2동,5,11193,1.675754336480332
958,110068-110069,신사동,5,11198,1.6765029089526273
959,186023-186016,왕십리도선동,5,11203,1.6772514814249226
960,25898-25899,왕십리도선동,5,11208,1.678000053897218
961,103927-103884,여의동,5,11213,1.6787486263695133
962,90708-90707,잠실4동,5,11218,1.6794971988418086
963,179421-178808,면목7동,5,11223,1.680245771314104
964,197269-197270,보문동,5,11228,1.6809943437863992
965,169356-42359,영등포동,5,11233,1.6817429162586945
966,150470-152673,원효로2동,5,11238,1.6824914887309899
967,169439-169440,영등포동,5,11243,1.6832400612032852
968,41786-41785,문래동,5,11248,1.6839886336755805
969,70166-70167,강일동,5,11253,1.6847372061478758
970,100526-100529,독산2동,5,11258,1.6854857786201711
971,112200-112199,휘경2동,5,11263,1.6862343510924664
972,159420-93901,숭인1동,5,11268,1.686982923564762
973,5560-5559,중림동,5,11273,1.6877314960370573
974,20776-1733,답십리1동,5,11278,1.6884800685093526
975,22368-22277,청담동,5,11283,1.689228640981648
976,4045-4044,휘경2동,5,11288,1.6899772134539432
977,1831-1803,답십리1동,5,11293,1.6907257859262386
978,162811-10243,황학동,5,11298,1.6914743583985339
979,133886-32344,시흥1동,5,11303,1.6922229308708292
980,22368-131533,청담동,5,11308,1.6929715033431245
981,72248-10243,황학동,5,11313,1.6937200758154198
982,57468-57442,이촌1동,5,11318,1.6944686482877152
983,2597-2598,답십리2동,5,11323,1.6952172207600105
984,204925-204924,대치1동,5,11328,1.6959657932323058
985,133886-133887,시흥1동,5,11333,1.696714365704601
986,133886-133973,시흥1동,5,11338,1.6974629381768964
987,40499-40500,상계10동,4,11342,1.6980617961547328
988,102846-102880,신월4동,4,11346,1.698660654132569
989,115206-110134,신사동,4,11350,1.6992595121104053
990,31339-31341,석관동,4,11354,1.6998583700882415
991,12507-30010,자양3동,4,11358,1.700457228066078
992,182072-182079,합정동,4,11362,1.7010560860439141
993,80100-80094,면목4동,4,11366,1.7016549440217503
994,63108-2786,이문1동,4,11370,1.7022538019995865
995,116784-162473,공항동,4,11374,1.702852659977423
996,74141-116716,공항동,4,11378,1.7034515179552592
997,190574-190573,중계2·3동,4,11382,1.7040503759330954
998,74141-74169,공항동,4,11386,1.7046492339109316
999,62675-62676,상계6·7동,4,11390,1.705248091888768
1000,26484-25885,상계3·4동,4,11394,1.7058469498666042
1001,25912-25871,상계3·4동,4,11398,1.7064458078444404
1002,170808-170812,면목2동,4,11402,1.7070446658222767
1003,42980-46290,신월4동,4,11406,1.707643523800113
1004,42932-42937,신월4동,4,11410,1.7082423817779493
1005,184659-184658,가양1동,4,11414,1.7088412397557855
1006,11842-11843,공릉2동,4,11418,1.7094400977336222
1007,2406-2404,답십리2동,4,11422,1.7100389557114584
1008,169051-169048,상도1동,4,11426,1.7106378136892948
1009,15404-14809,미성동,4,11430,1.711236671667131
1010,16414-16409,미성동,4,11434,1.7118355296449672
1011,65086-65089,가양1동,4,11438,1.7124343876228034
1012,16098-16099,미성동,4,11442,1.7130332456006396
1013,16078-89710,미성동,4,11446,1.713632103578476
1014,16078-89709,미성동,4,11450,1.7142309615563123
1015,13436-205442,장위1동,4,11454,1.7148298195341485
1016,42932-42933,신월4동,4,11458,1.715428677511985
1017,191527-192415,성북동,4,11462,1.7160275354898211
1018,2288-2281,전농2동,4,11466,1.7166263934676573
1019,184667-184668,가양1동,4,11470,1.7172252514454935
1020,874-889,전농1동,4,11474,1.7178241094233297
1021,4081-4082,장안2동,4,11478,1.7184229674011662
1022,38144-210003,제기동,4,11482,1.7190218253790024
1023,147518-147519,신월7동,4,11486,1.7196206833568386
1024,86907-146279,제기동,4,11490,1.720219541334675
1025,199677-199679,종암동,4,11494,1.7208183993125112
1026,209839-209842,용신동,4,11498,1.7214172572903474
1027,44360-44348,상봉2동,4,11502,1.7220161152681837
1028,115389-115393,인헌동,4,11506,1.7226149732460199
1029,57114-57059,신정3동,4,11510,1.7232138312238563
1030,1892-1891,이문1동,4,11514,1.7238126892016925
1031,2046-4581,휘경1동,4,11518,1.7244115471795287
1032,69446-69444,잠실3동,4,11522,1.7250104051573651
1033,2001-2003,휘경1동,4,11526,1.7256092631352014
1034,20365-20357,신월1동,4,11530,1.7262081211130376
1035,69850-69899,잠실3동,4,11534,1.7268069790908738
1036,108838-193908,서초2동,4,11538,1.72740583706871
1037,102401-102402,신월1동,4,11542,1.7280046950465464
1038,154791-153407,응암3동,4,11546,1.7286035530243826
1039,76787-146604,역촌동,4,11550,1.7292024110022188
1040,103547-103549,신정3동,4,11554,1.7298012689800553
1041,124361-124358,우장산동,4,11558,1.7304001269578915
1042,83847-73645,도곡2동,4,11562,1.7309989849357277
1043,37369-37298,삼성1동,4,11566,1.731597842913564
1044,131093-189266,방배본동,4,11570,1.7321967008914
1045,184488-184491,망우본동,4,11574,1.7327955588692365
1046,104729-147097,신정7동,4,11578,1.7333944168470727
1047,161711-161695,목3동,4,11582,1.733993274824909
1048,92839-195552,반포4동,4,11586,1.7345921328027454
1049,37369-37297,삼성1동,4,11590,1.7351909907805816
1050,78996-132548,역촌동,4,11594,1.7357898487584178
1051,175590-175592,신내2동,4,11598,1.736388706736254
1052,69446-69447,잠실3동,4,11602,1.7369875647140902
1053,142201-142151,불광2동,4,11606,1.7375864226919266
1054,85494-85489,자양2동,4,11610,1.7381852806697629
1055,118530-67970,행운동,4,11614,1.738784138647599
1056,18541-18540,인헌동,4,11618,1.7393829966254355
1057,147253-147254,신사2동,4,11622,1.7399818546032717
1058,175574-175555,신내2동,4,11626,1.740580712581108
1059,44360-44361,상봉2동,4,11630,1.7411795705589441
1060,44360-44359,상봉2동,4,11634,1.7417784285367803
1061,2824-2823,이문1동,4,11638,1.7423772865146168
1062,57136-57135,신월2동,4,11642,1.742976144492453
1063,120019-77913,낙성대동,4,11646,1.7435750024702892
1064,119500-119506,낙성대동,4,11650,1.7441738604481256
1065,103522-56995,신월2동,4,11654,1.7447727184259618
1066,3391-3390,이문1동,4,11658,1.745371576403798
1067,159997-159996,묵2동,4,11662,1.7459704343816342
1068,56998-56999,신월2동,4,11666,1.7465692923594704
1069,95530-115115,보라매동,4,11670,1.7471681503373069
1070,68519-196384,잠실3동,4,11674,1.747767008315143
1071,192607-192748,내곡동,4,11678,1.7483658662929793
1072,69448-69447,잠실3동,4,11682,1.7489647242708157
1073,51837-51839,신월2동,4,11686,1.749563582248652
1074,156474-160555,화곡1동,4,11690,1.7501624402264881
1075,192633-192632,양재2동,4,11694,1.7507612982043244
1076,51846-51847,신월2동,4,11698,1.7513601561821606
1077,192633-120018,양재2동,4,11702,1.751959014159997
1078,205998-205975,월곡2동,4,11706,1.7525578721378332
1079,185235-185236,망우본동,4,11710,1.7531567301156694
1080,40791-40788,서강동,4,11714,1.7537555880935058
1081,186568-186525,왕십리도선동,4,11718,1.754354446071342
1082,104937-104936,길동,4,11722,1.7549533040491783
1083,66092-161803,서빙고동,4,11726,1.7555521620270145
1084,52859-159768,양평2동,4,11730,1.7561510200048507
1085,48817-25672,수유3동,4,11734,1.7567498779826871
1086,48328-48327,수유2동,4,11738,1.7573487359605233
1087,66102-66100,보광동,4,11742,1.7579475939383595
1088,177013-177015,보광동,4,11746,1.758546451916196
1089,69037-69088,공덕동,4,11750,1.7591453098940322
1090,70166-70165,강일동,4,11754,1.7597441678718684
1091,152354-152583,천호2동,4,11758,1.7603430258497046
1092,70202-70203,강일동,4,11762,1.7609418838275408
1093,125143-125139,천호3동,4,11766,1.7615407418053772
1094,35634-14808,독산3동,4,11770,1.7621395997832134
1095,70160-70159,강일동,4,11774,1.7627384577610496
1096,70116-70121,강일동,4,11778,1.763337315738886
1097,69044-69032,공덕동,4,11782,1.7639361737167223
1098,198652-198653,풍납2동,4,11786,1.7645350316945585
1099,186568-55797,왕십리도선동,4,11790,1.7651338896723947
1100,71431-71430,아현동,4,11794,1.765732747650231
1101,148581-148494,이태원2동,4,11798,1.7663316056280673
1102,75991-75983,당산1동,4,11802,1.7669304636059036
1103,152714-152708,원효로2동,4,11806,1.7675293215837398
1104,43823-43825,영등포동,4,11810,1.7681281795615762
1105,169366-169367,영등포동,4,11814,1.7687270375394124
1106,176366-49464,영등포본동,4,11818,1.7693258955172486
1107,160591-161645,이태원1동,4,11822,1.7699247534950848
1108,48484-47831,개봉1동,4,11826,1.770523611472921
1109,148581-148694,이태원2동,4,11830,1.7711224694507575
1110,58359-58175,대림3동,4,11834,1.7717213274285937
1111,161324-161321,창2동,4,11838,1.7723201854064299
1112,99049-99048,홍제3동,4,11842,1.7729190433842663
1113,137888-21183,옥수동,4,11846,1.7735179013621025
1114,165196-107106,염창동,4,11850,1.7741167593399387
1115,166944-166955,신길3동,4,11854,1.774715617317775
1116,82574-84315,홍제3동,4,11858,1.7753144752956111
1117,99052-99321,홍제3동,4,11862,1.7759133332734476
1118,170188-170200,홍제3동,4,11866,1.7765121912512838
1119,107267-107268,등촌1동,4,11870,1.77711104922912
1120,42474-42473,등촌2동,4,11874,1.7777099072069564
1121,196646-68426,삼전동,4,11878,1.7783087651847926
1122,100095-15377,독산3동,4,11882,1.7789076231626288
1123,69786-69784,강일동,4,11886,1.779506481140465
1124,75966-75963,당산1동,4,11890,1.7801053391183013
1125,64908-65855,시흥3동,4,11894,1.7807041970961377
1126,163826-20854,쌍문2동,4,11898,1.781303055073974
1127,214002-197465,정릉1동,4,11902,1.7819019130518101
1128,75966-121975,당산1동,4,11906,1.7825007710296465
1129,139255-137051,흑석동,4,11910,1.7830996290074828
1130,70389-68766,흑석동,4,11914,1.783698486985319
1131,144257-144259,쌍문1동,4,11918,1.7842973449631552
1132,68776-68777,흑석동,4,11922,1.7848962029409914
1133,69054-194758,길음1동,4,11926,1.7854950609188278
1134,96397-96367,마천2동,4,11930,1.786093918896664
1135,132362-132361,응암1동,4,11934,1.7866927768745002
1136,62434-62433,시흥3동,4,11938,1.7872916348523367
1137,128181-152900,무악동,4,11942,1.7878904928301729
1138,138236-138237,사당3동,4,11946,1.788489350808009
1139,116228-116229,송파2동,4,11950,1.7890882087858453
1140,29305-29304,번2동,4,11954,1.7896870667636815
1141,128181-128182,무악동,4,11958,1.790285924741518
1142,189135-189134,화곡3동,4,11962,1.7908847827193541
1143,100303-100304,마천2동,4,11966,1.7914836406971903
1144,75966-75965,당산1동,4,11970,1.7920824986750268
1145,163826-163825,쌍문2동,4,11974,1.792681356652863
1146,64908-65073,시흥3동,4,11978,1.7932802146306992
1147,19474-41686,당산1동,4,11982,1.7938790726085354
1148,186446-60724,왕십리도선동,4,11986,1.7944779305863716
1149,186446-186440,왕십리도선동,4,11990,1.795076788564208
1150,96397-96396,마천2동,4,11994,1.7956756465420443
1151,150291-150342,남가좌1동,3,11997,1.7961247900254214
1152,178036-178085,천호1동,3,12000,1.7965739335087987
1153,31179-132725,삼성1동,3,12003,1.7970230769921758
1154,152616-150029,북가좌1동,3,12006,1.797472220475553
1155,142629-142386,종로5·6가동,3,12009,1.7979213639589302
1156,133823-133824,가회동,3,12012,1.7983705074423075
1157,153626-153627,남가좌2동,3,12015,1.7988196509256846
1158,128526-67179,무악동,3,12018,1.7992687944090617
1159,22368-41019,청담동,3,12021,1.799717937892439
1160,21411-21408,청담동,3,12024,1.8001670813758162
1161,153626-153625,남가좌2동,3,12027,1.8006162248591935
1162,153636-153635,남가좌2동,3,12030,1.8010653683425706
1163,21411-21410,청담동,3,12033,1.801514511825948
1164,67478-126922,고덕2동,3,12036,1.801963655309325
1165,42880-42878,역삼2동,3,12039,1.8024127987927023
1166,137359-137357,혜화동,3,12042,1.8028619422760794
1167,12095-12106,화양동,3,12045,1.8033110857594565
1168,153681-153672,남가좌1동,3,12048,1.8037602292428339
1169,11343-11346,화양동,3,12051,1.804209372726211
1170,146233-146234,청운효자동,3,12054,1.8046585162095883
1171,66092-66110,서빙고동,3,12057,1.8051076596929654
1172,146233-146232,청운효자동,3,12060,1.8055568031763427
1173,163996-163997,혜화동,3,12063,1.8060059466597198
1174,164376-63519,원효로1동,3,12066,1.8064550901430971
1175,163072-163065,한강로동,3,12069,1.8069042336264742
1176,70312-171887,중곡3동,3,12072,1.8073533771098513
1177,203954-203955,도곡1동,3,12075,1.8078025205932287
1178,84694-84693,구의1동,3,12078,1.8082516640766058
1179,146233-146212,청운효자동,3,12081,1.808700807559983
1180,56349-56348,상일동,3,12084,1.8091499510433602
1181,66771-66772,한남동,3,12087,1.8095990945267375
1182,146619-146620,역촌동,3,12090,1.8100482380101146
1183,172292-172289,천호3동,3,12093,1.8104973814934917
1184,188484-188482,행당1동,3,12096,1.810946524976869
1185,132736-132727,삼성1동,3,12099,1.8113956684602461
1186,131625-131623,역촌동,3,12102,1.8118448119436235
1187,93225-195841,잠실4동,3,12105,1.8122939554270006
1188,151083-151075,신사2동,3,12108,1.8127430989103779
1189,14528-14529,공덕동,3,12111,1.813192242393755
1190,200340-200335,풍납2동,3,12114,1.813641385877132
1191,37121-62736,잠실본동,3,12117,1.8140905293605094
1192,17469-17470,거여1동,3,12120,1.8145396728438865
1193,114594-114597,거여2동,3,12123,1.8149888163272638
1194,62733-62736,잠실본동,3,12126,1.815437959810641
1195,196855-17497,거여2동,3,12129,1.8158871032940183
1196,75759-142056,신사1동,3,12132,1.8163362467773954
1197,147168-147166,신사1동,3,12135,1.8167853902607727
1198,34894-34893,자양4동,3,12138,1.8172345337441498
1199,34904-11808,자양4동,3,12141,1.8176836772275269
1200,147745-147746,신사1동,3,12144,1.8181328207109042
1201,195719-201339,방이2동,3,12147,1.8185819641942813
1202,60018-60031,성산2동,3,12150,1.8190311076776586
1203,50952-50951,성수2가3동,3,12153,1.8194802511610357
1204,96686-99195,오금동,3,12156,1.819929394644413
1205,55697-55696,성수2가1동,3,12159,1.8203785381277902
1206,60025-60026,성산2동,3,12162,1.8208276816111675
1207,34619-34618,성산2동,3,12165,1.8212768250945446
1208,35000-34998,성수1가1동,3,12168,1.8217259685779217
1209,188726-188725,행당1동,3,12171,1.822175112061299
1210,55615-78390,성수1가1동,3,12174,1.822624255544676
1211,154896-154895,응암2동,3,12177,1.8230733990280534
1212,153349-153350,수색동,3,12180,1.8235225425114305
1213,153337-153342,수색동,3,12183,1.8239716859948079
1214,87568-87566,잠실6동,3,12186,1.824420829478185
1215,196503-196508,잠실3동,3,12189,1.824869972961562
1216,47507-47508,성내1동,3,12192,1.8253191164449394
1217,118434-118432,광장동,3,12195,1.8257682599283165
1218,118181-118260,광장동,3,12198,1.8262174034116938
1219,136858-136864,응암3동,3,12201,1.826666546895071
1220,69446-69894,잠실3동,3,12204,1.8271156903784482
1221,141025-141024,용산2가동,3,12207,1.8275648338618253
1222,132130-132135,불광2동,3,12210,1.8280139773452024
1223,61492-61490,신정4동,3,12213,1.8284631208285798
1224,132142-78080,불광2동,3,12216,1.8289122643119569
1225,111566-111564,신정4동,3,12219,1.8293614077953342
1226,69128-69129,아현동,3,12222,1.8298105512787113
1227,136442-105485,용강동,3,12225,1.8302596947620886
1228,200566-200563,풍납1동,3,12228,1.8307088382454657
1229,84845-84844,풍납1동,3,12231,1.831157981728843
1230,84845-84846,풍납1동,3,12234,1.8316071252122201
1231,68915-68849,공덕동,3,12237,1.8320562686955972
1232,68915-68913,공덕동,3,12240,1.8325054121789746
1233,87568-87571,잠실6동,3,12243,1.8329545556623517
1234,151526-146806,구산동,3,12246,1.833403699145729
1235,116751-116752,풍납1동,3,12249,1.833852842629106
1236,96964-96971,진관동,3,12252,1.8343019861124834
1237,69159-14529,공덕동,3,12255,1.8347511295958605
1238,69159-14549,공덕동,3,12258,1.8352002730792378
1239,96964-96966,진관동,3,12261,1.8356494165626152
1240,195986-195977,석촌동,3,12264,1.8360985600459925
1241,103070-103069,연희동,3,12267,1.8365477035293696
1242,205047-205046,대치2동,3,12270,1.836996847012747
1243,166424-166415,당산1동,3,12273,1.837445990496124
1244,99463-99436,보문동,3,12276,1.8378951339795013
1245,21446-42482,가양3동,3,12279,1.8383442774628784
1246,76287-45357,면목2동,3,12282,1.8387934209462558
1247,109269-188175,발산1동,3,12285,1.8392425644296329
1248,92109-92091,서림동,3,12288,1.83969170791301
1249,100918-100557,서림동,3,12291,1.8401408513963873
1250,166378-166379,당산1동,3,12294,1.8405899948797644
1251,28019-28014,송천동,3,12297,1.8410391383631417
1252,100526-141123,독산2동,3,12300,1.8414882818465188
1253,40226-40225,상계10동,3,12303,1.8419374253298961
1254,18011-18010,인헌동,3,12306,1.8423865688132732
1255,157514-157524,쌍문3동,3,12309,1.8428357122966506
1256,85510-85512,방화1동,3,12312,1.8432848557800277
1257,60388-60379,화곡2동,3,12315,1.8437339992634048
1258,40039-40076,상계9동,3,12318,1.844183142746782
1259,40108-40107,상계9동,3,12321,1.8446322862301592
1260,120382-120381,중앙동,3,12324,1.8450814297135365
1261,119934-120360,중앙동,3,12327,1.8455305731969136
1262,119934-119933,중앙동,3,12330,1.845979716680291
1263,146297-146294,오류2동,3,12333,1.846428860163668
1264,79481-78520,행운동,3,12336,1.8468780036470451
1265,44697-44696,중화2동,3,12339,1.8473271471304225
1266,35634-35609,독산3동,3,12342,1.8477762906137996
1267,156421-156434,화곡1동,3,12345,1.8482254340971769
1268,166424-166425,당산1동,3,12348,1.848674577580554
1269,22652-22648,방학1동,3,12351,1.8491237210639313
1270,157048-157047,쌍문3동,3,12354,1.8495728645473084
1271,177218-177219,수유2동,3,12357,1.8500220080306855
1272,49676-49664,화곡1동,3,12360,1.8504711515140628
1273,145408-60380,화곡4동,3,12363,1.85092029499744
1274,54158-54475,대방동,3,12366,1.8513694384808173
1275,168386-168381,개봉1동,3,12369,1.8518185819641944
1276,172752-172754,개봉1동,3,12372,1.8522677254475717
1277,205047-205040,대치2동,3,12375,1.8527168689309488
1278,145313-145310,화곡4동,3,12378,1.853166012414326
1279,48484-48489,개봉1동,3,12381,1.8536151558977032
1280,26197-26194,삼양동,3,12384,1.8540642993810803
1281,28135-28134,공릉1동,3,12387,1.8545134428644576
1282,189923-189637,공릉1동,3,12390,1.8549625863478347
1283,17858-17857,사당5동,3,12393,1.855411729831212
1284,10730-103289,길음2동,3,12396,1.8558608733145892
1285,10726-10725,길음2동,3,12399,1.8563100167979665
1286,145408-145406,화곡4동,3,12402,1.8567591602813436
1287,56399-108489,화곡8동,3,12405,1.857208303764721
1288,169337-169336,영등포동,3,12408,1.857657447248098
1289,169337-169338,영등포동,3,12411,1.858106590731475
1290,200314-200315,길음2동,3,12414,1.8585557342148524
1291,113593-113587,사당1동,3,12417,1.8590048776982295
1292,166633-166631,영등포동,3,12420,1.8594540211816069
1293,75821-75780,삼양동,3,12423,1.859903164664984
1294,113902-113887,사당1동,3,12426,1.8603523081483613
1295,76876-76882,화곡2동,3,12429,1.8608014516317384
1296,156550-111478,문래동,3,12432,1.8612505951151155
1297,60396-60384,화곡2동,3,12435,1.8616997385984928
1298,21829-163825,쌍문2동,3,12438,1.86214888208187
1299,182971-182961,화곡8동,3,12441,1.8625980255652472
1300,168386-172750,개봉1동,3,12444,1.8630471690486243
1301,76346-76291,묵1동,3,12447,1.8634963125320017
1302,76346-76345,묵1동,3,12450,1.8639454560153788
1303,22590-22541,인수동,3,12453,1.8643945994987559
1304,110456-194840,잠원동,3,12456,1.8648437429821332
1305,188643-100350,구로5동,3,12459,1.8652928864655103
1306,36827-36828,중계1동,3,12462,1.8657420299488876
1307,29018-29016,중계본동,3,12465,1.8661911734322647
1308,95911-95912,서초3동,3,12468,1.866640316915642
1309,30872-30887,서초3동,3,12471,1.8670894603990191
1310,30872-15939,서초3동,3,12474,1.8675386038823965
1311,22610-24906,인수동,3,12477,1.8679877473657736
1312,156865-102432,신월1동,3,12480,1.8684368908491507
1313,144918-143889,신월1동,3,12483,1.868886034332528
1314,154211-154248,방학3동,3,12486,1.869335177815905
1315,28317-61396,번1동,3,12489,1.8697843212992824
1316,185279-185285,망우본동,3,12492,1.8702334647826595
1317,185279-185342,망우본동,3,12495,1.8706826082660368
1318,22621-22581,인수동,3,12498,1.871131751749414
1319,29018-29015,중계본동,3,12501,1.8715808952327913
1320,61406-61404,번1동,3,12504,1.8720300387161684
1321,22610-22595,인수동,3,12507,1.8724791821995455
1322,3608-3607,휘경2동,3,12510,1.8729283256829228
1323,304-303,청량리동,3,12513,1.8733774691662999
1324,73315-91405,개포2동,3,12516,1.8738266126496772
1325,98115-98127,고척2동,3,12519,1.8742757561330543
1326,189644-189828,하계2동,3,12522,1.8747248996164316
1327,154231-154230,방학3동,3,12525,1.8751740430998087
1328,51893-51892,구로1동,3,12528,1.8756231865831858
1329,30370-30373,대치2동,3,12531,1.8760723300665632
1330,30370-30368,대치2동,3,12534,1.8765214735499403
1331,18619-165431,당산2동,3,12537,1.8769706170333176
1332,22590-22589,인수동,3,12540,1.8774197605166947
1333,36797-33893,중계4동,3,12543,1.877868904000072
1334,110346-204555,잠원동,3,12546,1.878318047483449
1335,51678-171903,묵1동,3,12549,1.8787671909668262
1336,32000-31997,시흥1동,3,12552,1.8792163344502035
1337,22652-22653,방학1동,3,12555,1.8796654779335806
1338,196697-196693,돈암2동,3,12558,1.880114621416958
1339,178341-34821,등촌3동,3,12561,1.880563764900335
1340,172102-172103,인수동,3,12564,1.8810129083837124
1341,172102-170469,인수동,3,12567,1.8814620518670895
1342,172102-170483,인수동,3,12570,1.8819111953504668
1343,149496-113042,개봉3동,3,12573,1.882360338833844
1344,169700-169695,우이동,3,12576,1.882809482317221
1345,36797-36828,중계4동,3,12579,1.8832586258005983
1346,119888-189294,방배4동,3,12582,1.8837077692839754
1347,57076-22951,도봉2동,3,12585,1.8841569127673528
1348,193860-193858,정릉2동,3,12588,1.8846060562507299
1349,57076-57078,도봉2동,3,12591,1.8850551997341072
1350,215157-215156,등촌3동,3,12594,1.8855043432174843
1351,172924-172915,우이동,3,12597,1.8859534867008616
1352,22590-22636,인수동,3,12600,1.8864026301842387
1353,174479-174480,방배2동,3,12603,1.8868517736676158
1354,96554-96555,반포4동,3,12606,1.8873009171509931
1355,104442-104445,목3동,3,12609,1.8877500606343702
1356,184519-184520,신내1동,3,12612,1.8881992041177476
1357,20451-20448,도봉2동,3,12615,1.8886483476011247
1358,58185-58184,개봉2동,3,12618,1.889097491084502
1359,185466-185467,망우본동,3,12621,1.889546634567879
1360,28019-28020,송천동,2,12623,1.8898460635567973
1361,161324-161305,창2동,2,12625,1.8901454925457153
1362,75541-75523,송중동,2,12627,1.8904449215346335
1363,20211-156315,방학3동,2,12629,1.8907443505235517
1364,75541-75540,송중동,2,12631,1.8910437795124697
1365,43466-43465,수유1동,2,12633,1.891343208501388
1366,42813-42814,창4동,2,12635,1.891642637490306
1367,41100-41107,도봉2동,2,12637,1.8919420664792241
1368,9138-103170,신당5동,2,12639,1.8922414954681424
1369,21294-20468,도봉1동,2,12641,1.8925409244570603
1370,165146-10195,신당5동,2,12643,1.8928403534459786
1371,165146-9193,신당5동,2,12645,1.8931397824348966
1372,9545-9541,신당5동,2,12647,1.8934392114238148
1373,163170-10232,황학동,2,12649,1.893738640412733
1374,22923-22921,도봉2동,2,12651,1.894038069401651
1375,9502-9503,황학동,2,12653,1.8943374983905692
1376,42794-42795,창4동,2,12655,1.8946369273794874
1377,164567-164580,황학동,2,12657,1.8949363563684054
1378,164567-9474,황학동,2,12659,1.8952357853573236
1379,20451-51727,도봉2동,2,12661,1.8955352143462418
1380,10171-10161,다산동,2,12663,1.8958346433351598
1381,125859-8917,다산동,2,12665,1.896134072324078
1382,183513-183515,번1동,2,12667,1.896433501312996
1383,183473-183474,번1동,2,12669,1.8967329303019143
1384,9138-9146,신당5동,2,12671,1.8970323592908325
1385,25113-25115,수유1동,2,12673,1.8973317882797505
1386,25113-43486,수유1동,2,12675,1.8976312172686687
1387,155363-10193,신당5동,2,12677,1.8979306462575867
1388,47943-47937,삼양동,2,12679,1.8982300752465049
1389,49116-49118,수유3동,2,12681,1.898529504235423
1390,163844-163840,창5동,2,12683,1.898828933224341
1391,163186-48634,수유2동,2,12685,1.8991283622132593
1392,46355-22731,창5동,2,12687,1.8994277912021775
1393,23181-23172,수유1동,2,12689,1.8997272201910955
1394,179211-179215,보광동,2,12691,1.9000266491800137
1395,23181-23180,수유1동,2,12693,1.900326078168932
1396,107373-107374,불광1동,2,12695,1.90062550715785
1397,46183-46182,창5동,2,12697,1.9009249361467682
1398,154211-154210,방학3동,2,12699,1.9012243651356862
1399,21490-161583,도봉1동,2,12701,1.9015237941246044
1400,161578-161589,도봉1동,2,12703,1.9018232231135226
1401,22408-22409,도봉1동,2,12705,1.9021226521024406
1402,25113-43483,수유1동,2,12707,1.9024220810913588
1403,20211-154173,방학3동,2,12709,1.9027215100802768
1404,51874-51877,송정동,2,12711,1.903020939069195
1405,143709-143708,용산2가동,2,12713,1.9033203680581132
1406,174874-174451,망우3동,2,12715,1.9036197970470312
1407,50357-50352,중계4동,2,12717,1.9039192260359494
1408,90936-91466,상계1동,2,12719,1.9042186550248676
1409,174381-174377,망우3동,2,12721,1.9045180840137856
1410,94960-94959,상계1동,2,12723,1.9048175130027039
1411,208686-208685,상계1동,2,12725,1.905116941991622
1412,208686-94348,상계1동,2,12727,1.90541637098054
1413,208692-94342,상계1동,2,12729,1.9057157999694583
1414,208692-208694,상계1동,2,12731,1.9060152289583763
1415,208692-94341,상계1동,2,12733,1.9063146579472945
1416,76376-76363,묵1동,2,12735,1.9066140869362127
1417,76330-43288,묵1동,2,12737,1.9069135159251307
1418,118391-118390,광장동,2,12739,1.907212944914049
1419,118190-212229,광장동,2,12741,1.907512373902967
1420,170685-170684,상봉2동,2,12743,1.9078118028918851
1421,84859-84909,자양1동,2,12745,1.9081112318808033
1422,174874-174876,망우3동,2,12747,1.9084106608697213
1423,34170-34169,중계4동,2,12749,1.9087100898586395
1424,155715-155716,옥수동,2,12751,1.9090095188475578
1425,174874-174875,망우3동,2,12753,1.9093089478364758
1426,28839-28838,공릉2동,2,12755,1.909608376825394
1427,211079-210880,제기동,2,12757,1.9099078058143122
1428,174-211206,용신동,2,12759,1.9102072348032302
1429,60603-60604,월계3동,2,12761,1.9105066637921484
1430,10537-5529,이문2동,2,12763,1.9108060927810664
1431,5109-5105,답십리1동,2,12765,1.9111055217699846
1432,1059-1061,답십리1동,2,12767,1.9114049507589028
1433,55836-55838,월계1동,2,12769,1.9117043797478208
1434,55836-55882,월계1동,2,12771,1.912003808736739
1435,36300-36295,중곡1동,2,12773,1.912303237725657
1436,185466-185564,망우본동,2,12775,1.9126026667145752
1437,89057-88699,구의1동,2,12777,1.9129020957034935
1438,80076-79179,면목본동,2,12779,1.9132015246924114
1439,175553-175571,신내2동,2,12781,1.9135009536813297
1440,212317-118151,광장동,2,12783,1.9138003826702479
1441,151192-151193,신사2동,2,12785,1.9140998116591659
1442,55288-55289,상계10동,2,12787,1.914399240648084
1443,12296-12297,자양4동,2,12789,1.9146986696370023
1444,79237-79238,면목5동,2,12791,1.9149980986259203
1445,51774-51775,송정동,2,12793,1.9152975276148385
1446,76843-54658,송정동,2,12795,1.9155969566037565
1447,197510-197506,정릉1동,2,12797,1.9158963855926747
1448,155664-186838,용답동,2,12799,1.916195814581593
1449,195641-195639,정릉1동,2,12801,1.916495243570511
1450,194964-194727,정릉1동,2,12803,1.9167946725594291
1451,157557-157519,쌍문3동,2,12805,1.9170941015483471
1452,157002-157003,쌍문3동,2,12807,1.9173935305372654
1453,155628-155626,쌍문3동,2,12809,1.9176929595261836
1454,146845-146863,구산동,2,12811,1.9179923885151016
1455,29468-29467,인수동,2,12813,1.9182918175040198
1456,80413-80414,연희동,2,12815,1.918591246492938
1457,155715-158851,옥수동,2,12817,1.918890675481856
1458,155715-155717,옥수동,2,12819,1.9191901044707742
1459,154211-154212,방학3동,2,12821,1.9194895334596924
1460,51897-51941,송정동,2,12823,1.9197889624486104
1461,51897-51811,송정동,2,12825,1.9200883914375286
1462,74552-188897,성수1가2동,2,12827,1.9203878204264466
1463,26135-26128,왕십리2동,2,12829,1.9206872494153648
1464,79226-79227,면목5동,2,12831,1.920986678404283
1465,26135-26137,왕십리2동,2,12833,1.921286107393201
1466,208760-208759,석관동,2,12835,1.9215855363821193
1467,208760-208762,석관동,2,12837,1.9218849653710373
1468,86477-18734,종암동,2,12839,1.9221843943599555
1469,208193-200365,종암동,2,12841,1.9224838233488737
1470,151491-151243,신사1동,2,12843,1.9227832523377917
1471,74552-188900,성수1가2동,2,12845,1.92308268132671
1472,200169-200205,월곡1동,2,12847,1.9233821103156281
1473,200179-200183,월곡1동,2,12849,1.923681539304546
1474,55615-149223,성수1가1동,2,12851,1.9239809682934643
1475,200289-200291,월곡1동,2,12853,1.9242803972823825
1476,200289-200288,월곡1동,2,12855,1.9245798262713005
1477,152148-34996,성수1가1동,2,12857,1.9248792552602187
1478,183513-183512,번1동,2,12859,1.9251786842491367
1479,9021-9015,청구동,2,12861,1.925478113238055
1480,69915-69916,삼전동,2,12863,1.9257775422269732
1481,191130-189317,방배4동,2,12865,1.9260769712158912
1482,167142-167139,대림3동,2,12867,1.9263764002048094
1483,92144-199584,가락본동,2,12869,1.9266758291937274
1484,43823-43831,영등포동,2,12871,1.9269752581826456
1485,176252-176251,영등포동,2,12873,1.9272746871715638
1486,142434-142910,신월5동,2,12875,1.9275741161604818
1487,142434-142435,신월5동,2,12877,1.9278735451494
1488,141288-141297,신월5동,2,12879,1.9281729741383182
1489,141655-142417,신월5동,2,12881,1.9284724031272362
1490,141655-142423,신월5동,2,12883,1.9287718321161544
1491,20423-102844,신월4동,2,12885,1.9290712611050727
1492,91629-119972,방배4동,2,12887,1.9293706900939906
1493,142431-141588,신월3동,2,12889,1.9296701190829089
1494,194483-194069,양재1동,2,12891,1.9299695480718269
1495,195395-93060,방배3동,2,12893,1.930268977060745
1496,103502-51838,신월2동,2,12895,1.9305684060496633
1497,143797-143805,독산1동,2,12897,1.9308678350385813
1498,104979-67136,목4동,2,12899,1.9311672640274995
1499,123280-198818,문정1동,2,12901,1.9314666930164175
1500,123280-123277,문정1동,2,12903,1.9317661220053357
1501,100391-15448,독산1동,2,12905,1.932065550994254
1502,174208-174210,방배2동,2,12907,1.932364979983172
1503,62733-62732,잠실본동,2,12909,1.9326644089720901
1504,100665-89343,독산1동,2,12911,1.9329638379610083
1505,53056-105778,목1동,2,12913,1.9332632669499263
1506,194483-194482,양재1동,2,12915,1.9335626959388446
1507,196569-95080,석촌동,2,12917,1.9338621249277628
1508,51617-51607,시흥5동,2,12919,1.9341615539166808
1509,119931-119482,낙성대동,2,12921,1.934460982905599
1510,103653-103655,신정4동,2,12923,1.934760411894517
1511,46145-45797,신길3동,2,12925,1.9350598408834352
1512,46145-46144,신길3동,2,12927,1.9353592698723534
1513,46145-46130,신길3동,2,12929,1.9356586988612714
1514,200340-200345,풍납2동,2,12931,1.9359581278501896
1515,196833-17489,거여2동,2,12933,1.9362575568391076
1516,17954-17953,거여2동,2,12935,1.9365569858280258
1517,98984-98983,신정7동,2,12937,1.936856414816944
1518,166835-43090,신길3동,2,12939,1.937155843805862
1519,46043-46174,신길3동,2,12941,1.9374552727947802
1520,46043-46173,신길3동,2,12943,1.9377547017836985
1521,95571-95573,보라매동,2,12945,1.9380541307726165
1522,32127-32128,양재2동,2,12947,1.9383535597615347
1523,199410-199408,방이1동,2,12949,1.9386529887504529
1524,196375-196374,방이2동,2,12951,1.9389524177393709
1525,195719-195720,방이2동,2,12953,1.939251846728289
1526,95293-120538,오륜동,2,12955,1.939551275717207
1527,198017-120538,오륜동,2,12957,1.9398507047061253
1528,100236-99193,오금동,2,12959,1.9401501336950435
1529,115642-115641,신길5동,2,12961,1.9404495626839615
1530,84891-84905,오금동,2,12963,1.9407489916728797
1531,16837-191599,양재2동,2,12965,1.9410484206617977
1532,43098-43096,신길6동,2,12967,1.941347849650716
1533,196569-196550,석촌동,2,12969,1.9416472786396342
1534,118684-118681,발산1동,2,12971,1.9419467076285521
1535,159736-159737,방화3동,2,12973,1.9422461366174704
1536,104097-104081,신정4동,2,12975,1.9425455656063886
1537,180301-180285,등촌3동,2,12977,1.9428449945953066
1538,96951-96950,수궁동,2,12979,1.9431444235842248
1539,60350-60349,화곡4동,2,12981,1.943443852573143
1540,175207-175201,화곡3동,2,12983,1.943743281562061
1541,109157-109156,화곡3동,2,12985,1.9440427105509792
1542,104577-101363,가리봉동,2,12987,1.9443421395398972
1543,101367-51900,구로2동,2,12989,1.9446415685288154
1544,147964-147960,화곡본동,2,12991,1.9449409975177336
1545,94211-108483,화곡본동,2,12993,1.9452404265066516
1546,26655-26656,화곡본동,2,12995,1.9455398554955698
1547,180300-180284,등촌3동,2,12997,1.9458392844844878
1548,134550-139934,압구정동,2,12999,1.946138713473406
1549,134550-102919,압구정동,2,13001,1.9464381424623243
1550,145319-145316,화곡4동,2,13003,1.9467375714512423
1551,139927-139928,압구정동,2,13005,1.9470370004401605
1552,168386-168387,개봉1동,2,13007,1.9473364294290787
1553,139927-139921,압구정동,2,13009,1.9476358584179967
1554,30487-30486,대치2동,2,13011,1.947935287406915
1555,139927-139923,압구정동,2,13013,1.9482347163958331
1556,30472-30470,대치2동,2,13015,1.9485341453847511
1557,148378-148362,등촌2동,2,13017,1.9488335743736693
1558,130554-139925,압구정동,2,13019,1.9491330033625873
1559,11281-11280,청담동,2,13021,1.9494324323515055
1560,52779-42343,등촌1동,2,13023,1.9497318613404238
1561,205581-205409,대치2동,2,13025,1.9500312903293417
1562,145313-105080,화곡4동,2,13027,1.95033071931826
1563,80442-80443,오류2동,2,13029,1.950630148307178
1564,211703-211691,잠실2동,2,13031,1.9509295772960962
1565,17108-155188,방화1동,2,13033,1.9512290062850144
1566,159710-86525,방화3동,2,13035,1.9515284352739324
1567,196336-68485,잠실2동,2,13037,1.9518278642628506
1568,154118-154117,방화2동,2,13039,1.9521272932517688
1569,51618-51615,시흥5동,2,13041,1.9524267222406868
1570,68303-212480,잠실3동,2,13043,1.952726151229605
1571,72333-72551,방화2동,2,13045,1.9530255802185232
1572,72296-72292,방화2동,2,13047,1.9533250092074412
1573,72688-72504,방화2동,2,13049,1.9536244381963594
1574,169663-169664,구로5동,2,13051,1.9539238671852774
1575,204632-204628,신사동,2,13053,1.9542232961741957
1576,112537-110602,반포1동,2,13055,1.9545227251631139
1577,134417-134434,논현2동,2,13057,1.9548221541520319
1578,145311-145310,화곡4동,2,13059,1.95512158314095
1579,17092-194417,반포1동,2,13061,1.955421012129868
1580,110346-194503,잠원동,2,13063,1.9557204411187863
1581,174759-174763,개봉2동,2,13065,1.9560198701077045
1582,110352-110351,잠원동,2,13067,1.9563192990966225
1583,131926-131910,역삼2동,2,13069,1.9566187280855407
1584,203954-204205,도곡1동,2,13071,1.956918157074459
1585,195036-99923,서초3동,2,13073,1.957217586063377
1586,118672-118673,발산1동,2,13075,1.9575170150522951
1587,108154-183292,가양1동,2,13077,1.9578164440412134
1588,174826-174825,개봉2동,2,13079,1.9581158730301313
1589,86840-86529,가양1동,2,13081,1.9584153020190496
1590,107039-107040,신정4동,2,13083,1.9587147310079676
1591,14825-14824,대치2동,2,13085,1.9590141599968858
1592,131490-131489,명일2동,2,13087,1.959313588985804
1593,170188-170198,홍제3동,2,13089,1.959613017974722
1594,86541-86542,강일동,2,13091,1.9599124469636402
1595,86545-86549,강일동,2,13093,1.9602118759525582
1596,64695-80626,성내2동,2,13095,1.9605113049414764
1597,138236-138250,사당3동,2,13097,1.9608107339303946
1598,24592-24589,서교동,2,13099,1.9611101629193126
1599,89447-89446,신대방2동,2,13101,1.9614095919082308
1600,141110-141109,망원2동,2,13103,1.961709020897149
1601,56844-81376,홍은2동,2,13105,1.962008449886067
1602,89503-89502,신대방2동,2,13107,1.9623078788749855
1603,56844-84243,홍은2동,2,13109,1.9626073078639037
1604,178054-178053,천호1동,2,13111,1.962906736852822
1605,70242-201092,강일동,2,13113,1.96320616584174
1606,76236-76178,성산2동,2,13115,1.9635055948306581
1607,124062-124060,신대방1동,2,13117,1.9638050238195763
1608,56349-201049,상일동,2,13119,1.9641044528084943
1609,39255-39256,신원동,2,13121,1.9644038817974125
1610,39455-39456,사당5동,2,13123,1.9647033107863305
1611,69128-69176,아현동,2,13125,1.9650027397752488
1612,113902-113886,사당1동,2,13127,1.965302168764167
1613,80896-126793,명일1동,2,13129,1.965601597753085
1614,39455-137147,사당5동,2,13131,1.9659010267420032
1615,69032-69044,공덕동,2,13133,1.9662004557309214
1616,140686-149455,상암동,2,13135,1.9664998847198394
1617,39455-39458,사당5동,2,13137,1.9667993137087576
1618,18533-18531,인헌동,2,13139,1.9670987426976756
1619,69044-69033,공덕동,2,13141,1.9673981716865938
1620,103613-103614,명일2동,2,13143,1.967697600675512
1621,103613-103612,명일2동,2,13145,1.96799702966443
1622,131339-131338,명일2동,2,13147,1.9682964586533482
1623,113316-113314,사당1동,2,13149,1.9685958876422665
1624,64695-64494,성내2동,2,13151,1.9688953166311844
1625,27252-27254,신수동,2,13153,1.9691947456201027
1626,164896-164893,양평2동,2,13155,1.9694941746090207
1627,149835-149823,창신2동,2,13157,1.9697936035979389
1628,37739-37738,신원동,2,13159,1.970093032586857
1629,152664-152662,남가좌2동,2,13161,1.970392461575775
1630,76000-62819,당산1동,2,13163,1.9706918905646933
1631,183833-183821,북가좌2동,2,13165,1.9709913195536115
1632,92432-92429,삼성동,2,13167,1.9712907485425295
1633,61444-61443,신정4동,2,13169,1.9715901775314477
1634,83944-84524,남가좌2동,2,13171,1.9718896065203657
1635,92432-92431,삼성동,2,13173,1.972189035509284
1636,76000-75999,당산1동,2,13175,1.9724884644982021
1637,104097-104058,신정4동,2,13177,1.9727878934871201
1638,71395-167327,교남동,2,13179,1.9730873224760384
1639,123429-120780,청룡동,2,13181,1.9733867514649566
1640,26998-26997,대치2동,1,13182,1.9735364659594155
1641,30465-30464,대치2동,1,13183,1.9736861804538746
1642,114471-114467,은천동,1,13184,1.9738358949483337
1643,115226-108837,서초2동,1,13185,1.9739856094427928
1644,114471-95634,은천동,1,13186,1.9741353239372519
1645,194026-194027,서초4동,1,13187,1.9742850384317108
1646,73005-121097,은천동,1,13188,1.9744347529261699
1647,119641-119674,성현동,1,13189,1.974584467420629
1648,205061-205060,대치2동,1,13190,1.974734181915088
1649,26830-26829,대치2동,1,13191,1.9748838964095472
1650,26994-26995,대치2동,1,13192,1.9750336109040063
1651,59720-185392,망우본동,1,13193,1.9751833253984652
1652,116307-213805,은천동,1,13194,1.9753330398929243
1653,110435-110436,잠원동,1,13195,1.9754827543873834
1654,110148-3124,답십리2동,1,13196,1.9756324688818425
1655,90988-92047,반포2동,1,13197,1.9757821833763016
1656,206862-206868,장위2동,1,13198,1.9759318978707605
1657,30472-30468,대치2동,1,13199,1.9760816123652196
1658,200876-200877,종암동,1,13200,1.9762313268596787
1659,175118-175117,면목3·8동,1,13201,1.9763810413541378
1660,177130-177131,면목3·8동,1,13202,1.976530755848597
1661,177562-177561,면목3·8동,1,13203,1.9766804703430558
1662,206824-206839,장위2동,1,13204,1.976830184837515
1663,5439-1800,답십리2동,1,13205,1.976979899331974
1664,171291-171292,면목3·8동,1,13206,1.9771296138264332
1665,171339-171338,면목3·8동,1,13207,1.9772793283208923
1666,206824-206837,장위2동,1,13208,1.9774290428153511
1667,184343-184342,신내1동,1,13209,1.9775787573098103
1668,115145-95604,은천동,1,13210,1.9777284718042694
1669,206870-206869,장위2동,1,13211,1.9778781862987285
1670,214141-83875,개포2동,1,13212,1.9780279007931876
1671,207210-207243,장위2동,1,13213,1.9781776152876467
1672,30275-30276,서초1동,1,13214,1.9783273297821056
1673,13161-13162,삼선동,1,13215,1.9784770442765647
1674,4036-5342,휘경2동,1,13216,1.9786267587710238
1675,90669-90681,개포2동,1,13217,1.978776473265483
1676,73315-204306,개포2동,1,13218,1.978926187759942
1677,210072-210071,용신동,1,13219,1.9790759022544009
1678,204329-122339,개포2동,1,13220,1.97922561674886
1679,209909-209911,용신동,1,13221,1.979375331243319
1680,73760-73759,삼선동,1,13222,1.9795250457377782
1681,26836-26841,대치2동,1,13223,1.9796747602322373
1682,209984-4844,용신동,1,13224,1.9798244747266964
1683,210748-52316,제기동,1,13225,1.9799741892211553
1684,210748-210750,제기동,1,13226,1.9801239037156144
1685,76260-120853,청룡동,1,13227,1.9802736182100735
1686,206791-206792,성북동,1,13228,1.9804233327045326
1687,210775-210792,제기동,1,13229,1.9805730471989917
1688,204292-122315,개포2동,1,13230,1.9807227616934506
1689,26830-26828,대치2동,1,13231,1.9808724761879097
1690,212592-212543,전농1동,1,13232,1.9810221906823688
1691,119647-83027,성현동,1,13233,1.981171905176828
1692,26913-26842,대치2동,1,13234,1.981321619671287
1693,1994-1993,휘경1동,1,13235,1.981471334165746
1694,207633-207651,장위3동,1,13236,1.981621048660205
1695,1349-1345,휘경2동,1,13237,1.9817707631546642
1696,1349-1347,휘경2동,1,13238,1.9819204776491233
1697,1349-54978,휘경2동,1,13239,1.9820701921435824
1698,120854-120853,청룡동,1,13240,1.9822199066380413
1699,122339-204309,개포2동,1,13241,1.9823696211325004
1700,5013-5011,휘경2동,1,13242,1.9825193356269595
1701,204322-204248,개포2동,1,13243,1.9826690501214186
1702,120912-120911,청룡동,1,13244,1.9828187646158777
1703,123479-116534,청룡동,1,13245,1.9829684791103368
1704,207633-207634,장위3동,1,13246,1.9831181936047957
1705,120822-120849,청룡동,1,13247,1.9832679080992548
1706,92047-195461,반포2동,1,13248,1.983417622593714
1707,120929-120995,중앙동,1,13249,1.983567337088173
1708,92053-92055,반포3동,1,13250,1.9837170515826321
1709,45668-213983,양재1동,1,13251,1.983866766077091
1710,115196-115194,서초2동,1,13252,1.9840164805715501
1711,192874-192876,내곡동,1,13253,1.9841661950660092
1712,80078-79972,면목4동,1,13254,1.9843159095604683
1713,192717-108832,내곡동,1,13255,1.9844656240549274
1714,79984-79927,면목4동,1,13256,1.9846153385493865
1715,39260-39258,신원동,1,13257,1.9847650530438454
1716,121707-100933,서림동,1,13258,1.9849147675383045
1717,67255-53147,신사동,1,13259,1.9850644820327636
1718,79780-79774,면목4동,1,13260,1.9852141965272228
1719,192658-192659,양재2동,1,13261,1.9853639110216819
1720,43158-43157,양재1동,1,13262,1.9855136255161407
1721,76567-44077,묵1동,1,13263,1.9856633400105999
1722,39742-39740,양재1동,1,13264,1.985813054505059
1723,15987-15988,양재1동,1,13265,1.985962768999518
1724,79933-79935,면목4동,1,13266,1.9861124834939772
1725,145979-3955,장안1동,1,13267,1.986262197988436
1726,79933-79932,면목4동,1,13268,1.9864119124828952
1727,194119-37512,양재1동,1,13269,1.9865616269773543
1728,160035-160034,묵2동,1,13270,1.9867113414718134
1729,45982-45885,면목5동,1,13271,1.9868610559662725
1730,160338-160356,중화2동,1,13272,1.9870107704607314
1731,80076-171161,면목본동,1,13273,1.9871604849551905
1732,160165-160164,중화2동,1,13274,1.9873101994496496
1733,120278-120233,중앙동,1,13275,1.9874599139441087
1734,120928-120997,중앙동,1,13276,1.9876096284385678
1735,170789-170788,상봉2동,1,13277,1.987759342933027
1736,94669-94670,남현동,1,13278,1.9879090574274858
1737,104428-116811,남현동,1,13279,1.988058771921945
1738,114043-114042,서원동,1,13280,1.988208486416404
1739,95994-96040,서원동,1,13281,1.9883582009108631
1740,89831-89851,서원동,1,13282,1.9885079154053222
1741,76588-76587,중화1동,1,13283,1.9886576298997811
1742,114578-115160,서원동,1,13284,1.9888073443942402
1743,114578-114580,서원동,1,13285,1.9889570588886993
1744,90177-115160,서원동,1,13286,1.9891067733831584
1745,83026-83025,청림동,1,13287,1.9892564878776176
1746,114118-114119,서원동,1,13288,1.9894062023720767
1747,44733-44732,중화2동,1,13289,1.9895559168665355
1748,44705-44704,중화2동,1,13290,1.9897056313609947
1749,44776-44777,중화2동,1,13291,1.9898553458554538
1750,45963-45946,면목5동,1,13292,1.9900050603499129
1751,44709-44708,중화2동,1,13293,1.990154774844372
1752,67255-53127,신사동,1,13294,1.9903044893388309
1753,212306-212305,묵2동,1,13295,1.99045420383329
1754,160016-160022,묵2동,1,13296,1.990603918327749
1755,45938-45939,면목2동,1,13297,1.9907536328222082
1756,93775-93080,반포3동,1,13298,1.9909033473166673
1757,119942-119701,반포3동,1,13299,1.9910530618111262
1758,82469-82471,신내2동,1,13300,1.9912027763055853
1759,122740-122739,반포3동,1,13301,1.9913524908000444
1760,90088-93782,반포3동,1,13302,1.9915022052945035
1761,175735-175732,신내2동,1,13303,1.9916519197889626
1762,170989-170979,면목본동,1,13304,1.9918016342834215
1763,170989-170978,면목본동,1,13305,1.9919513487778806
1764,170884-170883,면목본동,1,13306,1.9921010632723397
1765,44911-44913,면목본동,1,13307,1.9922507777667988
1766,44911-44912,면목본동,1,13308,1.992400492261258
1767,45468-45467,면목본동,1,13309,1.992550206755717
1768,202835-209652,석관동,1,13310,1.992699921250176
1769,45091-45117,면목본동,1,13311,1.992849635744635
1770,87079-188060,조원동,1,13312,1.9929993502390941
1771,188227-188226,조원동,1,13313,1.9931490647335532
1772,171136-171124,면목본동,1,13314,1.9932987792280124
1773,171163-171176,면목본동,1,13315,1.9934484937224712
1774,171163-171162,면목본동,1,13316,1.9935982082169303
1775,96274-96264,반포3동,1,13317,1.9937479227113895
1776,93802-93804,반포3동,1,13318,1.9938976372058486
1777,189288-131170,방배본동,1,13319,1.9940473517003077
1778,115206-89266,신사동,1,13320,1.9941970661947668
1779,45938-45838,면목2동,1,13321,1.9943467806892257
1780,45855-45856,면목2동,1,13322,1.9944964951836848
1781,53074-53247,신사동,1,13323,1.9946462096781439
1782,110099-110131,신사동,1,13324,1.994795924172603
1783,78605-78580,면목2동,1,13325,1.994945638667062
1784,110099-110133,신사동,1,13326,1.995095353161521
1785,119728-195484,방배3동,1,13327,1.99524506765598
1786,185803-185799,신내1동,1,13328,1.9953947821504392
1787,185803-185804,신내1동,1,13329,1.9955444966448983
1788,37527-89273,신사동,1,13330,1.9956942111393574
1789,209634-209635,석관동,1,13331,1.9958439256338163
1790,120312-120311,방배2동,1,13332,1.9959936401282754
1791,207810-207787,석관동,1,13333,1.9961433546227345
1792,207810-207811,석관동,1,13334,1.9962930691171936
1793,80756-80758,방배2동,1,13335,1.9964427836116527
1794,80757-80758,방배2동,1,13336,1.9965924981061116
1795,110012-110013,신사동,1,13337,1.9967422126005707
1796,79406-79407,방배2동,1,13338,1.9968919270950298
1797,183956-16435,연희동,1,13339,1.997041641589489
1798,36199-36200,중곡1동,1,13340,1.997191356083948
1799,3996-4000,장안1동,1,13341,1.9973410705784072
1800,49848-49844,둔촌2동,1,13342,1.997490785072866
1801,124469-124455,금호2·3가동,1,13343,1.9976404995673251
1802,125013-177957,암사1동,1,13344,1.9977902140617843
1803,125013-125014,암사1동,1,13345,1.9979399285562434
1804,137834-137833,옥수동,1,13346,1.9980896430507025
1805,177956-177957,암사1동,1,13347,1.9982393575451614
1806,167959-167958,암사1동,1,13348,1.9983890720396205
1807,167961-167971,암사1동,1,13349,1.9985387865340796
1808,167972-167973,암사1동,1,13350,1.9986885010285387
1809,167972-167971,암사1동,1,13351,1.9988382155229978
1810,183145-183146,둔촌2동,1,13352,1.998987930017457
1811,183145-183172,둔촌2동,1,13353,1.9991376445119158
1812,54401-54402,둔촌2동,1,13354,1.9992873590063749
1813,41024-131550,청담동,1,13355,1.999437073500834
1814,61006-54375,둔촌2동,1,13356,1.999586787995293
1815,58961-211726,둔촌1동,1,13357,1.9997365024897522
1816,183179-183182,둔촌1동,1,13358,1.999886216984211
1817,183186-183184,둔촌1동,1,13359,2.00003593147867
1818,21740-21731,둔촌1동,1,13360,2.0001856459731293
1819,126787-183182,둔촌1동,1,13361,2.0003353604675884
1820,126787-183184,둔촌1동,1,13362,2.0004850749620475
1821,152727-152728,원효로2동,1,13363,2.0006347894565066
1822,126787-183170,둔촌1동,1,13364,2.0007845039509657
1823,82622-82599,성내3동,1,13365,2.000934218445425
1824,152831-152827,효창동,1,13366,2.0010839329398835
1825,63718-63664,천호2동,1,13367,2.0012336474343426
1826,25330-25782,길동,1,13368,2.0013833619288017
1827,77548-77547,금호2·3가동,1,13369,2.001533076423261
1828,214201-108871,풍납1동,1,13370,2.00168279091772
1829,152132-28222,성수1가1동,1,13371,2.001832505412179
1830,115908-115907,송파1동,1,13372,2.001982219906638
1831,28337-28338,성수1가1동,1,13373,2.0021319344010973
1832,94595-195860,송파1동,1,13374,2.0022816488955564
1833,51354-51353,성수2가1동,1,13375,2.0024313633900155
1834,55606-67698,성수2가1동,1,13376,2.002581077884474
1835,68547-51373,성수2가1동,1,13377,2.0027307923789333
1836,55536-12214,성수2가3동,1,13378,2.0028805068733924
1837,50948-50945,성수2가3동,1,13379,2.0030302213678515
1838,122855-122800,오금동,1,13380,2.0031799358623106
1839,51921-51842,송정동,1,13381,2.0033296503567697
1840,15737-15738,마천2동,1,13382,2.003479364851229
1841,55251-31232,용답동,1,13383,2.003629079345688
1842,15735-15730,마천2동,1,13384,2.003778793840147
1843,26309-26308,왕십리도선동,1,13385,2.003928508334606
1844,26309-26307,왕십리도선동,1,13386,2.0040782228290652
1845,52099-52100,왕십리도선동,1,13387,2.004227937323524
1846,95848-108634,마천1동,1,13388,2.004377651817983
1847,26288-26307,왕십리도선동,1,13389,2.004527366312442
1848,26288-52408,왕십리도선동,1,13390,2.004677080806901
1849,26274-25884,왕십리도선동,1,13391,2.0048267953013603
1850,109793-109792,풍납2동,1,13392,2.0049765097958194
1851,196238-108871,풍납2동,1,13393,2.0051262242902785
1852,82622-82621,성내3동,1,13394,2.0052759387847376
1853,152835-74385,용문동,1,13395,2.0054256532791968
1854,150419-150420,용문동,1,13396,2.005575367773656
1855,64832-64830,한강로동,1,13397,2.005725082268115
1856,158310-155992,한남동,1,13398,2.0058747967625736
1857,66771-178766,한남동,1,13399,2.0060245112570327
1858,201266-33525,강일동,1,13400,2.006174225751492
1859,6080-6081,회현동,1,13401,2.006323940245951
1860,6424-6425,회현동,1,13402,2.00647365474041
1861,7364-7372,광희동,1,13403,2.006623369234869
1862,9840-6950,광희동,1,13404,2.0067730837293283
1863,9618-26184,신당5동,1,13405,2.0069227982237874
1864,70235-70234,강일동,1,13406,2.0070725127182465
1865,200950-31077,강일동,1,13407,2.0072222272127056
1866,154061-99460,창신3동,1,13408,2.0073719417071647
1867,136015-135994,혜화동,1,13409,2.0075216562016234
1868,136026-135947,혜화동,1,13410,2.0076713706960825
1869,136026-162394,혜화동,1,13411,2.0078210851905416
1870,135223-135224,혜화동,1,13412,2.0079707996850007
1871,129333-14337,청운효자동,1,13413,2.00812051417946
1872,129375-129368,청운효자동,1,13414,2.008270228673919
1873,93758-93761,숭인2동,1,13415,2.008419943168378
1874,137713-137718,이화동,1,13416,2.008569657662837
1875,134392-134450,종로1·2·3·4가동,1,13417,2.0087193721572962
1876,135570-165577,종로1·2·3·4가동,1,13418,2.0088690866517553
1877,9962-8933,약수동,1,13419,2.009018801146214
1878,128630-128631,평창동,1,13420,2.009168515640673
1879,17353-17352,상일동,1,13421,2.009318230135132
1880,56348-56349,상일동,1,13422,2.0094679446295913
1881,65418-65417,이촌1동,1,13423,2.0096176591240504
1882,103568-103569,명일1동,1,13424,2.0097673736185095
1883,64660-64536,성내2동,1,13425,2.0099170881129687
1884,163097-163098,이촌1동,1,13426,2.0100668026074278
1885,64660-64535,성내2동,1,13427,2.010216517101887
1886,60457-65417,이촌1동,1,13428,2.010366231596346
1887,125143-125141,천호3동,1,13429,2.010515946090805
1888,24942-24941,천호1동,1,13430,2.0106656605852637
1889,212099-213477,이촌2동,1,13431,2.010815375079723
1890,63257-63258,이촌2동,1,13432,2.010965089574182
1891,178054-177996,천호1동,1,13433,2.011114804068641
1892,152050-150213,이태원1동,1,13434,2.0112645185631
1893,178054-178080,천호1동,1,13435,2.0114142330575593
1894,178028-178030,천호1동,1,13436,2.0115639475520184
1895,125981-67470,고덕2동,1,13437,2.0117136620464775
1896,169573-182766,서빙고동,1,13438,2.0118633765409366
1897,168607-168613,서빙고동,1,13439,2.0120130910353957
1898,169593-169591,서빙고동,1,13440,2.0121628055298544
1899,168537-168520,서빙고동,1,13441,2.0123125200243135
1900,125981-173607,고덕2동,1,13442,2.0124622345187726
1901,66159-66158,서빙고동,1,13443,2.0126119490132317
1902,176945-176903,보광동,1,13444,2.012761663507691
1903,176945-176908,보광동,1,13445,2.01291137800215
1904,179211-177837,보광동,1,13446,2.013061092496609
1905,177062-143307,청파동,1,13447,2.013210806991068
1906,196013-92973,석촌동,1,13448,2.0133605214855272
1907,68696-68694,삼전동,1,13449,2.0135102359799864
1908,196634-196636,삼전동,1,13450,2.0136599504744455
1909,203739-203740,개포4동,1,13451,2.013809664968904
1910,203601-203504,개포4동,1,13452,2.0139593794633632
1911,121307-203745,개포1동,1,13453,2.0141090939578223
1912,206527-206526,장위2동,1,13454,2.0142588084522814
1913,203476-121482,개포1동,1,13455,2.0144085229467406
1914,203598-203610,개포1동,1,13456,2.0145582374411997
1915,70449-70450,중곡2동,1,13457,2.0147079519356588
1916,121499-121498,개포1동,1,13458,2.014857666430118
1917,203755-203757,개포1동,1,13459,2.015007380924577
1918,121259-203564,개포1동,1,13460,2.015157095419036
1919,203560-203740,개포1동,1,13461,2.015306809913495
1920,72391-72393,중곡3동,1,13462,2.015456524407954
1921,204130-122183,개포1동,1,13463,2.015606238902413
1922,51280-127146,도곡2동,1,13464,2.015755953396872
1923,72783-203968,도곡1동,1,13465,2.015905667891331
1924,204079-73490,도곡1동,1,13466,2.0160553823857903
1925,89057-70916,구의1동,1,13467,2.0162050968802494
1926,66741-130409,역삼1동,1,13468,2.0163548113747085
1927,204823-204824,대치1동,1,13469,2.0165045258691676
1928,204915-116466,대치1동,1,13470,2.0166542403636267
1929,41049-131721,삼성2동,1,13471,2.016803954858086
1930,88654-88655,구의2동,1,13472,2.016953669352545
1931,130269-130264,논현2동,1,13473,2.0171033838470036
1932,130269-130270,논현2동,1,13474,2.0172530983414627
1933,203601-203609,개포4동,1,13475,2.017402812835922
1934,203739-203647,개포4동,1,13476,2.017552527330381
1935,118307-118306,광장동,1,13477,2.01770224182484
1936,12788-12748,군자동,1,13478,2.017851956319299
1937,189080-189079,청담동,1,13479,2.0180016708137583
1938,59678-59677,압구정동,1,13480,2.0181513853082174
1939,3688-3704,장안2동,1,13481,2.0183010998026765
1940,3866-3870,장안2동,1,13482,2.0184508142971356
1941,3866-5370,장안2동,1,13483,2.0186005287915942
1942,5322-3724,장안2동,1,13484,2.0187502432860533
1943,5322-5325,장안2동,1,13485,2.0188999577805125
1944,5374-5373,장안2동,1,13486,2.0190496722749716
1945,2855-2839,이문1동,1,13487,2.0191993867694307
1946,2826-4511,이문1동,1,13488,2.01934910126389
1947,169003-169005,세곡동,1,13489,2.019498815758349
1948,2852-94482,이문1동,1,13490,2.019648530252808
1949,202108-202109,세곡동,1,13491,2.019798244747267
1950,3282-3279,이문2동,1,13492,2.019947959241726
1951,91425-91424,일원2동,1,13493,2.0200976737361853
1952,10537-100246,이문2동,1,13494,2.020247388230644
1953,91425-202758,일원2동,1,13495,2.020397102725103
1954,205719-205746,일원2동,1,13496,2.020546817219562
1955,203083-93451,일원1동,1,13497,2.0206965317140213
1956,203083-203082,일원1동,1,13498,2.0208462462084804
1957,202804-91449,일원1동,1,13499,2.0209959607029395
1958,91439-91447,일원1동,1,13500,2.0211456751973986
1959,203306-203305,개포4동,1,13501,2.0212953896918577
1960,64412-64413,논현1동,1,13502,2.021445104186317
1961,129991-129990,논현1동,1,13503,2.021594818680776
1962,19356-131519,금호4가동,1,13504,2.0217445331752346
1963,19195-35143,자양3동,1,13505,2.0218942476696937
1964,12403-12404,자양4동,1,13506,2.022043962164153
1965,116730-116729,문정2동,1,13507,2.022193676658612
1966,116730-83640,문정2동,1,13508,2.022343391153071
1967,116730-83641,문정2동,1,13509,2.02249310564753
1968,11669-11670,자양4동,1,13510,2.0226428201419893
1969,198315-198317,문정1동,1,13511,2.0227925346364484
1970,198317-198315,문정1동,1,13512,2.0229422491309075
1971,73591-73413,가락본동,1,13513,2.0230919636253666
1972,49708-26289,왕십리2동,1,13514,2.0232416781198257
1973,55198-186470,마장동,1,13515,2.0233913926142844
1974,186278-186279,마장동,1,13516,2.0235411071087435
1975,186277-53343,마장동,1,13517,2.0236908216032026
1976,186277-186279,마장동,1,13518,2.0238405360976617
1977,186529-53210,마장동,1,13519,2.023990250592121
1978,187339-187324,사근동,1,13520,2.02413996508658
1979,97819-97835,사근동,1,13521,2.024289679581039
1980,187022-187495,행당1동,1,13522,2.024439394075498
1981,69919-196636,삼전동,1,13523,2.024589108569957
1982,69919-196739,삼전동,1,13524,2.0247388230644163
1983,196646-196647,삼전동,1,13525,2.0248885375588754
1984,187917-187916,행당2동,1,13526,2.025038252053334
1985,188424-188425,응봉동,1,13527,2.025187966547793
1986,188421-188420,응봉동,1,13528,2.0253376810422523
1987,196264-196265,잠실4동,1,13529,2.0254873955367114
1988,195699-195698,잠실4동,1,13530,2.0256371100311705
1989,67469-118306,광장동,1,13531,2.0257868245256296
1990,195709-195707,잠실4동,1,13532,2.0259365390200887
1991,39425-39426,신사동,1,13533,2.026086253514548
1992,118406-118403,광장동,1,13534,2.026235968009007
1993,89229-89227,위례동,1,13535,2.026385682503466
1994,196796-196797,위례동,1,13536,2.026535396997925
1995,115322-87402,장지동,1,13537,2.026685111492384
1996,196508-196503,잠실3동,1,13538,2.026834825986843
1997,118252-67882,광장동,1,13539,2.026984540481302
1998,196387-68754,잠실3동,1,13540,2.027134254975761
1999,195999-196387,잠실3동,1,13541,2.0272839694702203
2000,84807-84809,자양1동,1,13542,2.0274336839646794
2001,33595-196231,잠실7동,1,13543,2.0275833984591385
2002,85921-32148,자양1동,1,13544,2.0277331129535976
2003,86294-85920,자양1동,1,13545,2.0278828274480567
2004,84936-86232,자양1동,1,13546,2.028032541942516
2005,195830-195831,잠실4동,1,13547,2.0281822564369745
2006,196266-196267,잠실4동,1,13548,2.0283319709314336
2007,196266-196265,잠실4동,1,13549,2.0284816854258927
2008,196280-196279,잠실4동,1,13550,2.028631399920352
2009,196268-196265,잠실4동,1,13551,2.028781114414811
2010,195706-195707,잠실4동,1,13552,2.02893082890927
2011,196263-195701,잠실4동,1,13553,2.029080543403729
2012,196263-196262,잠실4동,1,13554,2.0292302578981882
2013,196265-196268,잠실4동,1,13555,2.0293799723926473
2014,207270-207269,장위2동,1,13556,2.0295296868871064
2015,174099-174098,정릉4동,1,13557,2.0296794013815656
2016,206548-206596,장위2동,1,13558,2.029829115876024
2017,103522-57030,신월2동,1,13559,2.0299788303704833
2018,190094-190073,월계3동,1,13560,2.0301285448649424
2019,190073-190051,월계3동,1,13561,2.0302782593594015
2020,147526-147525,신월7동,1,13562,2.0304279738538606
2021,145750-147513,신월7동,1,13563,2.0305776883483198
2022,21270-21271,신월6동,1,13564,2.030727402842779
2023,103350-22200,신월6동,1,13565,2.030877117337238
2024,103351-22204,신월6동,1,13566,2.031026831831697
2025,103351-22203,신월6동,1,13567,2.031176546326156
2026,189725-189720,하계2동,1,13568,2.031326260820615
2027,141586-141587,신월3동,1,13569,2.031475975315074
2028,101971-141294,신월3동,1,13570,2.031625689809533
2029,103707-103708,신월2동,1,13571,2.031775404303992
2030,190134-190116,월계3동,1,13572,2.0319251187984513
2031,105156-105153,목4동,1,13573,2.0320748332929104
2032,158850-158849,목4동,1,13574,2.0322245477873695
2033,105079-56596,목4동,1,13575,2.0323742622818286
2034,161687-161725,목3동,1,13576,2.0325239767762877
2035,152249-161101,목3동,1,13577,2.032673691270747
2036,104439-145152,목3동,1,13578,2.032823405765206
2037,106961-25105,목2동,1,13579,2.0329731202596646
2038,33177-36796,중계4동,1,13580,2.0331228347541237
2039,36797-36796,중계4동,1,13581,2.033272549248583
2040,11754-11753,목2동,1,13582,2.033422263743042
2041,105169-105170,목1동,1,13583,2.033571978237501
2042,190051-190073,월계3동,1,13584,2.03372169273196
2043,190017-190004,월계3동,1,13585,2.0338714072264192
2044,142952-146653,역촌동,1,13586,2.0340211217208783
2045,104417-139973,신정1동,1,13587,2.0341708362153375
2046,154448-102739,신정3동,1,13588,2.0343205507097966
2047,106645-106644,신정2동,1,13589,2.0344702652042557
2048,151416-151415,역촌동,1,13590,2.0346199796987143
2049,151512-151365,역촌동,1,13591,2.0347696941931734
2050,55735-40389,월계1동,1,13592,2.0349194086876325
2051,106644-106645,신정2동,1,13593,2.0350691231820917
2052,28078-28281,신정2동,1,13594,2.0352188376765508
2053,90928-90929,월계1동,1,13595,2.03536855217101
2054,90649-90908,월계1동,1,13596,2.035518266665469
2055,40397-40395,월계1동,1,13597,2.035667981159928
2056,60899-60898,월계1동,1,13598,2.035817695654387
2057,169858-140004,신정1동,1,13599,2.0359674101488463
2058,190017-190005,월계3동,1,13600,2.0361171246433054
2059,63651-104207,신정1동,1,13601,2.036266839137764
2060,104248-63636,신정1동,1,13602,2.036416553632223
2061,40373-40366,월계2동,1,13603,2.0365662681266823
2062,40385-60603,월계3동,1,13604,2.0367159826211414
2063,40385-40381,월계3동,1,13605,2.0368656971156005
2064,58443-58448,신정1동,1,13606,2.0370154116100596
2065,60599-60700,월계3동,1,13607,2.0371651261045187
2066,190039-190021,월계3동,1,13608,2.037314840598978
2067,190039-189950,월계3동,1,13609,2.037464555093437
2068,189949-60739,월계3동,1,13610,2.037614269587896
2069,190007-190005,월계3동,1,13611,2.0377639840823547
2070,105170-105169,목1동,1,13612,2.037913698576814
2071,106326-106325,목1동,1,13613,2.038063413071273
2072,39960-39970,상계1동,1,13614,2.038213127565732
2073,118712-118711,발산1동,1,13615,2.038362842060191
2074,86803-86802,방화1동,1,13616,2.0385125565546502
2075,68308-119135,방화1동,1,13617,2.0386622710491094
2076,85091-85052,방화1동,1,13618,2.0388119855435685
2077,85090-68653,방화1동,1,13619,2.0389617000380276
2078,55218-63217,상계10동,1,13620,2.0391114145324867
2079,40463-40462,상계10동,1,13621,2.039261129026946
2080,118883-118885,공항동,1,13622,2.0394108435214044
2081,214906-121967,발산1동,1,13623,2.0395605580158636
2082,40594-40593,상계6·7동,1,13624,2.0397102725103227
2083,47659-40555,상계6·7동,1,13625,2.0398599870047818
2084,40558-40620,상계6·7동,1,13626,2.040009701499241
2085,148790-118742,발산1동,1,13627,2.0401594159937
2086,167795-167796,목1동,1,13628,2.040309130488159
2087,118672-148614,발산1동,1,13629,2.040458844982618
2088,62675-62576,상계6·7동,1,13630,2.0406085594770773
2089,40645-40646,상계6·7동,1,13631,2.0407582739715364
2090,40647-40646,상계6·7동,1,13632,2.040907988465995
2091,52633-178318,가양1동,1,13633,2.041057702960454
2092,108154-108155,가양1동,1,13634,2.0412074174549133
2093,108148-108147,가양1동,1,13635,2.0413571319493724
2094,86840-86547,가양1동,1,13636,2.0415068464438315
2095,61587-127796,중계2·3동,1,13637,2.0416565609382906
2096,180441-180447,화곡6동,1,13638,2.0418062754327497
2097,189880-189886,공릉1동,1,13639,2.041955989927209
2098,54955-54956,상계9동,1,13640,2.042105704421668
2099,54957-55008,상계9동,1,13641,2.042255418916127
2100,215333-31782,방화1동,1,13642,2.042405133410586
2101,111890-111877,방화2동,1,13643,2.042554847905045
2102,85089-85052,방화1동,1,13644,2.042704562399504
2103,213825-162525,공항동,1,13645,2.042854276893963
2104,124361-124356,우장산동,1,13646,2.043003991388422
2105,148127-148128,우장산동,1,13647,2.0431537058828813
2106,23057-21912,화곡1동,1,13648,2.0433034203773404
2107,21896-21893,화곡1동,1,13649,2.0434531348717995
2108,174684-174687,화곡1동,1,13650,2.0436028493662586
2109,174684-174688,화곡1동,1,13651,2.0437525638607177
2110,190265-190222,상계2동,1,13652,2.043902278355177
2111,160544-160539,화곡1동,1,13653,2.044051992849636
2112,63499-63498,상계2동,1,13654,2.0442017073440946
2113,49618-49646,화곡1동,1,13655,2.0443514218385537
2114,36158-36157,상계5동,1,13656,2.044501136333013
2115,36163-36170,상계5동,1,13657,2.044650850827472
2116,159710-85088,방화3동,1,13658,2.044800565321931
2117,110654-110669,방화3동,1,13659,2.04495027981639
2118,113448-113463,방화2동,1,13660,2.045099994310849
2119,127674-36475,상계5동,1,13661,2.0452497088053083
2120,113448-113449,방화2동,1,13662,2.0453994232997674
2121,94983-94973,상계8동,1,13663,2.0455491377942265
2122,94983-208682,상계8동,1,13664,2.0456988522886856
2123,94983-94982,상계8동,1,13665,2.0458485667831443
2124,94260-94267,상계8동,1,13666,2.0459982812776034
2125,113189-113191,신정6동,1,13667,2.0461479957720625
2126,142952-143324,역촌동,1,13668,2.0462977102665216
2127,207726-207729,장위2동,1,13669,2.0464474247609807
2128,77711-142799,대조동,1,13670,2.04659713925544
2129,158842-158808,상암동,1,13671,2.046746853749899
2130,78084-144924,갈현2동,1,13672,2.046896568244358
2131,69147-69134,아현동,1,13673,2.047046282738817
2132,11197-13666,공덕동,1,13674,2.0471959972332763
2133,146794-146793,구산동,1,13675,2.047345711727735
2134,76205-76204,구산동,1,13676,2.047495426222194
2135,181293-181292,서강동,1,13677,2.047645140716653
2136,27550-212108,서강동,1,13678,2.0477948552111123
2137,36614-180799,서강동,1,13679,2.0479445697055714
2138,77694-77692,대조동,1,13680,2.0480942842000305
2139,180880-180879,서강동,1,13681,2.0482439986944896
2140,77711-132277,대조동,1,13682,2.0483937131889487
2141,72091-72030,천연동,1,13683,2.048543427683408
2142,27475-27402,서강동,1,13684,2.048693142177867
2143,110972-110974,대조동,1,13685,2.048842856672326
2144,163625-163618,상암동,1,13686,2.0489925711667847
2145,163584-163583,상암동,1,13687,2.049142285661244
2146,158786-158766,상암동,1,13688,2.049292000155703
2147,139146-139165,성산2동,1,13689,2.049441714650162
2148,111090-111096,대조동,1,13690,2.049591429144621
2149,76164-60015,성산2동,1,13691,2.04974114363908
2150,182275-182419,성산1동,1,13692,2.0498908581335393
2151,34561-34562,성산1동,1,13693,2.0500405726279984
2152,182497-182498,성산1동,1,13694,2.0501902871224575
2153,98381-98379,천연동,1,13695,2.0503400016169167
2154,168160-168155,홍은1동,1,13696,2.0504897161113753
2155,139592-183704,신정6동,1,13697,2.0506394306058344
2156,149870-149876,남가좌2동,1,13698,2.0507891451002935
2157,111362-111062,녹번동,1,13699,2.0509388595947526
2158,72011-72013,북아현동,1,13700,2.0510885740892117
2159,77276-77274,북아현동,1,13701,2.051238288583671
2160,77205-77204,충현동,1,13702,2.05138800307813
2161,97170-96887,녹번동,1,13703,2.051537717572589
2162,183986-183987,북가좌1동,1,13704,2.051687432067048
2163,159348-159347,녹번동,1,13705,2.0518371465615073
2164,159177-159176,녹번동,1,13706,2.0519868610559664
2165,159177-159295,녹번동,1,13707,2.052136575550425
2166,159177-159258,녹번동,1,13708,2.052286290044884
2167,149529-149530,북가좌1동,1,13709,2.0524360045393433
2168,158610-158604,남가좌2동,1,13710,2.0525857190338024
2169,168168-168170,홍은1동,1,13711,2.0527354335282615
2170,150252-150285,남가좌1동,1,13712,2.0528851480227206
2171,150345-80401,남가좌1동,1,13713,2.0530348625171797
2172,150286-150285,남가좌1동,1,13714,2.053184577011639
2173,150346-150305,남가좌1동,1,13715,2.053334291506098
2174,150346-80401,남가좌1동,1,13716,2.053484006000557
2175,146319-146318,갈현1동,1,13717,2.053633720495016
2176,150285-150252,남가좌1동,1,13718,2.053783434989475
2177,142207-142202,갈현1동,1,13719,2.053933149483934
2178,40918-40917,홍은2동,1,13720,2.054082863978393
2179,56733-56732,홍은2동,1,13721,2.054232578472852
2180,84057-84069,홍은2동,1,13722,2.0543822929673112
2181,57159-57161,망원2동,1,13723,2.0545320074617703
2182,57159-57160,망원2동,1,13724,2.0546817219562294
2183,57159-57156,망원2동,1,13725,2.0548314364506886
2184,106276-178393,목5동,1,13726,2.0549811509451477
2185,58035-57639,신정4동,1,13727,2.0551308654396068
2186,103730-103731,신정4동,1,13728,2.055280579934066
2187,57622-57294,신정4동,1,13729,2.0554302944285245
2188,57622-57292,신정4동,1,13730,2.0555800089229836
2189,57628-57555,신정4동,1,13731,2.0557297234174428
2190,141525-141524,응암3동,1,13732,2.055879437911902
2191,57628-57578,신정4동,1,13733,2.056029152406361
2192,154685-154813,응암3동,1,13734,2.05617886690082
2193,153390-153383,응암3동,1,13735,2.056328581395279
2194,104097-104077,신정4동,1,13736,2.0564782958897383
2195,60647-104071,신정4동,1,13737,2.0566280103841974
2196,106276-178398,목5동,1,13738,2.0567777248786565
2197,111517-111508,응암2동,1,13739,2.056927439373115
2198,154688-154689,응암3동,1,13740,2.0570771538675743
2199,26880-26870,목5동,1,13741,2.0572268683620334
2200,26880-106832,목5동,1,13742,2.0573765828564925
2201,177413-177406,목5동,1,13743,2.0575262973509516
2202,177413-25703,목5동,1,13744,2.0576760118454107
2203,147094-147099,신정7동,1,13745,2.05782572633987
2204,143439-143455,역촌동,1,13746,2.057975440834329
2205,132358-132373,역촌동,1,13747,2.058125155328788
2206,135123-135059,역촌동,1,13748,2.058274869823247
2207,147109-147107,신정7동,1,13749,2.0584245843177063
2208,144007-104688,신정7동,1,13750,2.058574298812165
2209,111566-111571,신정4동,1,13751,2.058724013306624
2210,142334-142329,진관동,1,13752,2.058873727801083
2211,142334-142333,진관동,1,13753,2.0590234422955422
2212,142353-142339,진관동,1,13754,2.0591731567900013
2213,151220-151231,신사1동,1,13755,2.0593228712844605
2214,66884-66889,망원2동,1,13756,2.0594725857789196
2215,66960-66961,신사1동,1,13757,2.0596223002733787
2216,173188-173150,망원1동,1,13758,2.0597720147678378
2217,173044-172994,망원1동,1,13759,2.059921729262297
2218,182154-182155,서교동,1,13760,2.0600714437567555
2219,151038-151033,신사2동,1,13761,2.0602211582512147
2220,75464-75465,신사2동,1,13762,2.0603708727456738
2221,214914-105093,염리동,1,13763,2.060520587240133
2222,105057-105056,염리동,1,13764,2.060670301734592
2223,105618-105632,염리동,1,13765,2.060820016229051
2224,148505-74866,증산동,1,13766,2.06096973072351
2225,150959-150958,증산동,1,13767,2.0611194452179693
2226,97659-142897,증산동,1,13768,2.0612691597124284
2227,97660-97662,증산동,1,13769,2.0614188742068875
2228,105618-105616,염리동,1,13770,2.0615685887013466
2229,153309-153245,수색동,1,13771,2.0617183031958053
2230,27073-27074,대흥동,1,13772,2.0618680176902644
2231,74655-153369,수색동,1,13773,2.0620177321847235
2232,27073-27095,대흥동,1,13774,2.0621674466791826
2233,105494-136444,용강동,1,13775,2.0623171611736417
2234,105930-212952,용강동,1,13776,2.062466875668101
2235,78349-62214,진관동,1,13777,2.06261659016256
2236,189880-189897,공릉1동,1,13778,2.062766304657019
2237,145311-104484,화곡4동,1,13779,2.062916019151478
2238,28497-28503,공릉1동,1,13780,2.0630657336459373
2239,121681-121679,우이동,1,13781,2.0632154481403964
2240,56173-44854,신길4동,1,13782,2.063365162634855
2241,48218-25387,삼각산동,1,13783,2.063514877129314
2242,48240-48268,삼각산동,1,13784,2.0636645916237732
2243,25389-48268,삼각산동,1,13785,2.0638143061182324
2244,25389-25390,삼각산동,1,13786,2.0639640206126915
2245,180058-180057,삼각산동,1,13787,2.0641137351071506
2246,166847-166848,신길3동,1,13788,2.0642634496016097
2247,166847-166841,신길3동,1,13789,2.064413164096069
2248,23879-126556,우이동,1,13790,2.064562878590528
2249,23879-23854,우이동,1,13791,2.064712593084987
2250,29473-169796,우이동,1,13792,2.064862307579446
2251,170116-170114,인수동,1,13793,2.0650120220739048
2252,166963-166976,신길5동,1,13794,2.065161736568364
2253,22434-22432,인수동,1,13795,2.065311451062823
2254,81237-81234,신길1동,1,13796,2.065461165557282
2255,65499-65195,신길1동,1,13797,2.065610880051741
2256,164939-165205,양평2동,1,13798,2.0657605945462003
2257,159765-159764,양평2동,1,13799,2.0659103090406594
2258,172097-170468,인수동,1,13800,2.0660600235351185
2259,164896-164897,양평2동,1,13801,2.0662097380295776
2260,149009-148948,양평1동,1,13802,2.0663594525240367
2261,148956-149023,양평1동,1,13803,2.0665091670184954
2262,41668-111838,양평1동,1,13804,2.0666588815129545
2263,12865-31009,돈암2동,1,13805,2.0668085960074136
2264,167060-167058,신길5동,1,13806,2.0669583105018727
2265,42613-42539,신길6동,1,13807,2.067108024996332
2266,127659-127658,상계8동,1,13808,2.067257739490791
2267,76070-76076,삼양동,1,13809,2.06740745398525
2268,126192-126191,독산1동,1,13810,2.067557168479709
2269,25533-48368,수유2동,1,13811,2.0677068829741683
2270,25533-25532,수유2동,1,13812,2.0678565974686274
2271,99842-212154,독산1동,1,13813,2.0680063119630865
2272,48603-48616,수유2동,1,13814,2.068156026457545
2273,48387-48389,수유2동,1,13815,2.0683057409520043
2274,13907-51240,독산1동,1,13816,2.0684554554464634
2275,51162-99719,독산1동,1,13817,2.0686051699409225
2276,156550-156551,문래동,1,13818,2.0687548844353816
2277,113001-166729,도림동,1,13819,2.0689045989298407
2278,140530-140524,도림동,1,13820,2.0690543134243
2279,140828-140992,도림동,1,13821,2.069204027918759
2280,49047-49046,대림1동,1,13822,2.069353742413218
2281,47934-47930,삼양동,1,13823,2.069503456907677
2282,48173-25400,삼양동,1,13824,2.069653171402136
2283,56377-56415,영등포본동,1,13825,2.069802885896595
2284,56377-56252,영등포본동,1,13826,2.069952600391054
2285,56377-56418,영등포본동,1,13827,2.070102314885513
2286,168694-168684,대림3동,1,13828,2.070252029379972
2287,28161-21664,송중동,1,13829,2.0704017438744313
2288,67182-28654,송중동,1,13830,2.0705514583688904
2289,77783-29215,송중동,1,13831,2.0707011728633495
2290,77783-77782,송중동,1,13832,2.0708508873578086
2291,44057-44104,대림2동,1,13833,2.0710006018522678
2292,165565-165549,당산2동,1,13834,2.071150316346727
2293,169172-169178,당산2동,1,13835,2.0713000308411855
2294,169172-169171,당산2동,1,13836,2.0714497453356446
2295,136307-32202,상도1동,1,13837,2.0715994598301037
2296,117637-117638,사당3동,1,13838,2.071749174324563
2297,138483-138488,사당1동,1,13839,2.071898888819022
2298,138487-138486,사당1동,1,13840,2.072048603313481
2299,138833-138815,사당1동,1,13841,2.07219831780794
2300,93285-93286,상도3동,1,13842,2.0723480323023993
2301,93137-126489,상도3동,1,13843,2.0724977467968584
2302,200102-10691,월곡1동,1,13844,2.0726474612913175
2303,127475-127477,상도2동,1,13845,2.0727971757857766
2304,207028-207029,월곡2동,1,13846,2.0729468902802353
2305,127482-127483,상도2동,1,13847,2.0730966047746944
2306,92695-92696,상도2동,1,13848,2.0732463192691535
2307,206296-206295,월곡2동,1,13849,2.0733960337636126
2308,164059-166650,당산2동,1,13850,2.0735457482580717
2309,206439-206518,장위1동,1,13851,2.073695462752531
2310,206411-206412,장위1동,1,13852,2.07384517724699
2311,206411-18103,장위1동,1,13853,2.073994891741449
2312,206414-206413,장위1동,1,13854,2.074144606235908
2313,206414-203997,장위1동,1,13855,2.0742943207303672
2314,204109-206413,장위1동,1,13856,2.0744440352248263
2315,36003-36004,상도1동,1,13857,2.074593749719285
2316,36003-36001,상도1동,1,13858,2.074743464213744
2317,205251-205281,장위1동,1,13859,2.0748931787082032
2318,195897-13245,장위1동,1,13860,2.0750428932026623
2319,207359-207358,장위2동,1,13861,2.0751926076971214
2320,117865-117864,사당4동,1,13862,2.0753423221915805
2321,138405-117796,사당4동,1,13863,2.0754920366860397
2322,198371-198372,길음1동,1,13864,2.0756417511804988
2323,54158-54159,대방동,1,13865,2.075791465674958
2324,138684-138682,사당2동,1,13866,2.075941180169417
2325,139407-109840,사당2동,1,13867,2.0760908946638756
2326,18281-18280,정릉1동,1,13868,2.0762406091583347
2327,138687-94534,사당2동,1,13869,2.076390323652794
2328,138687-109369,사당2동,1,13870,2.076540038147253
2329,109006-139366,사당2동,1,13871,2.076689752641712
2330,196110-13180,정릉1동,1,13872,2.076839467136171
2331,114200-114199,노량진1동,1,13873,2.0769891816306303
2332,137327-137329,흑석동,1,13874,2.0771388961250894
2333,137332-137345,흑석동,1,13875,2.0772886106195485
2334,72885-72882,흑석동,1,13876,2.0774383251140076
2335,79622-118816,정릉2동,1,13877,2.0775880396084667
2336,184977-186275,정릉3동,1,13878,2.0777377541029254
2337,184977-186337,정릉3동,1,13879,2.0778874685973845
2338,16510-85773,정릉3동,1,13880,2.0780371830918436
2339,118630-17712,흑석동,1,13881,2.0781868975863027
2340,86073-24875,정릉4동,1,13882,2.078336612080762
2341,41401-41402,연희동,1,13883,2.078486326575221
2342,174099-86521,정릉4동,1,13884,2.07863604106968
2343,174099-11036,정릉4동,1,13885,2.078785755564139
2344,193038-193031,정릉4동,1,13886,2.0789354700585982
2345,89435-89434,신대방2동,1,13887,2.0790851845530574
2346,124052-33390,신대방1동,1,13888,2.079234899047516
2347,126214-126343,독산1동,1,13889,2.079384613541975
2348,23181-23229,수유1동,1,13890,2.0795343280364342
2349,126244-120644,독산1동,1,13891,2.0796840425308933
2350,214928-165652,염창동,1,13892,2.0798337570253524
2351,158490-158530,방학1동,1,13893,2.0799834715198116
2352,158457-158458,방학1동,1,13894,2.0801331860142707
2353,107770-107768,등촌2동,1,13895,2.0802829005087298
2354,42487-42488,등촌2동,1,13896,2.080432615003189
2355,107767-34801,등촌2동,1,13897,2.080582329497648
2356,148356-148363,등촌2동,1,13898,2.080732043992107
2357,148378-148379,등촌2동,1,13899,2.0808817584865658
2358,148378-148377,등촌2동,1,13900,2.081031472981025
2359,93955-93954,등촌1동,1,13901,2.081181187475484
2360,52779-52778,등촌1동,1,13902,2.081330901969943
2361,159077-159066,창1동,1,13903,2.081480616464402
2362,130881-130904,신도림동,1,13904,2.0816303309588613
2363,59358-59371,창4동,1,13905,2.0817800454533204
2364,98762-98763,개봉1동,1,13906,2.0819297599477795
2365,157542-157535,창2동,1,13907,2.0820794744422386
2366,98762-66250,개봉1동,1,13908,2.0822291889366977
2367,23358-160862,창2동,1,13909,2.082378903431157
2368,157585-160885,창2동,1,13910,2.0825286179256155
2369,23371-22026,창2동,1,13911,2.0826783324200746
2370,167395-97960,개봉1동,1,13912,2.0828280469145337
2371,167396-97937,개봉1동,1,13913,2.082977761408993
2372,167551-97960,개봉1동,1,13914,2.083127475903452
2373,172752-172751,개봉1동,1,13915,2.083277190397911
2374,97902-163207,개봉1동,1,13916,2.08342690489237
2375,145226-145219,등촌2동,1,13917,2.0835766193868293
2376,41360-41361,방학1동,1,13918,2.0837263338812884
2377,161930-161931,방학1동,1,13919,2.0838760483757475
2378,162057-162084,방학1동,1,13920,2.0840257628702066
2379,144295-144280,쌍문1동,1,13921,2.0841754773646652
2380,153764-153790,쌍문1동,1,13922,2.0843251918591243
2381,42508-42503,화곡4동,1,13923,2.0844749063535835
2382,188781-188792,화곡3동,1,13924,2.0846246208480426
2383,164593-164591,쌍문2동,1,13925,2.0847743353425017
2384,164593-21829,쌍문2동,1,13926,2.084924049836961
2385,188781-188780,화곡3동,1,13927,2.08507376433142
2386,189135-189138,화곡3동,1,13928,2.085223478825879
2387,189157-24768,화곡3동,1,13929,2.085373193320338
2388,76888-34813,화곡2동,1,13930,2.085522907814797
2389,158957-158958,쌍문2동,1,13931,2.085672622309256
2390,60388-60405,화곡2동,1,13932,2.085822336803715
2391,60388-60377,화곡2동,1,13933,2.085972051298174
2392,60417-60410,화곡2동,1,13934,2.086121765792633
2393,157410-157059,쌍문3동,1,13935,2.0862714802870923
2394,157410-157052,쌍문3동,1,13936,2.0864211947815514
2395,156664-156663,쌍문4동,1,13937,2.0865709092760105
2396,156664-156665,쌍문4동,1,13938,2.0867206237704696
2397,156786-156790,쌍문4동,1,13939,2.0868703382649287
2398,41364-41126,방학1동,1,13940,2.087020052759388
2399,108240-108239,등촌3동,1,13941,2.087169767253847
2400,162052-21603,방학1동,1,13942,2.0873194817483056
2401,52744-52743,등촌3동,1,13943,2.0874691962427647
2402,59358-59374,창4동,1,13944,2.087618910737224
2403,97956-97955,개봉1동,1,13945,2.087768625231683
2404,38263-38205,독산3동,1,13946,2.087918339726142
2405,115742-169088,구로3동,1,13947,2.088068054220601
2406,168326-168325,개봉2동,1,13948,2.0882177687150603
2407,167547-167546,개봉2동,1,13949,2.0883674832095194
2408,167763-167766,개봉2동,1,13950,2.0885171977039785
2409,61406-61405,번1동,1,13951,2.0886669121984376
2410,101634-162377,고척2동,1,13952,2.0888166266928967
2411,48549-48514,고척1동,1,13953,2.088966341187356
2412,137762-137761,구로5동,1,13954,2.089116055681815
2413,100350-188643,구로5동,1,13955,2.089265770176274
2414,62609-62669,번1동,1,13956,2.089415484670733
2415,29310-29299,번2동,1,13957,2.0895651991651922
2416,115742-33313,구로3동,1,13958,2.0897149136596513
2417,101835-184631,구로1동,1,13959,2.0898646281541104
2418,97524-101598,개봉1동,1,13960,2.0900143426485696
2419,104910-19996,신도림동,1,13961,2.090164057143028
2420,66380-66450,신도림동,1,13962,2.0903137716374873
2421,65122-28516,번2동,1,13963,2.0904634861319464
2422,65122-65121,번2동,1,13964,2.0906132006264055
2423,62685-62684,번2동,1,13965,2.0907629151208647
2424,101099-134016,시흥1동,1,13966,2.0909126296153238
2425,101099-134045,시흥1동,1,13967,2.091062344109783
2426,53585-53591,수유1동,1,13968,2.091212058604242
2427,178555-178562,수유1동,1,13969,2.091361773098701
2428,32058-124724,시흥1동,1,13970,2.09151148759316
2429,101172-24790,독산3동,1,13971,2.091661202087619
2430,168294-167778,개봉2동,1,13972,2.091810916582078
2431,41280-41298,도봉2동,1,13973,2.091960631076537
2432,51715-22913,도봉2동,1,13974,2.092110345570996
2433,22910-22909,도봉2동,1,13975,2.0922600600654553
2434,59362-59204,창4동,1,13976,2.0924097745599144
2435,74235-101347,구로2동,1,13977,2.0925594890543735
2436,99563-99564,구로2동,1,13978,2.0927092035488326
2437,191633-191632,구로2동,1,13979,2.0928589180432917
2438,23253-23121,창4동,1,13980,2.093008632537751
2439,63132-63133,창4동,1,13981,2.09315834703221
2440,63136-23272,창4동,1,13982,2.0933080615266686
2441,63136-23273,창4동,1,13983,2.0934577760211277
2442,63150-63145,창4동,1,13984,2.093607490515587
2443,101367-101365,구로2동,1,13985,2.093757205010046
2444,160716-160717,수궁동,1,13986,2.093906919504505
2445,153422-153421,수궁동,1,13987,2.094056633998964
2446,101742-101743,오류2동,1,13988,2.0942063484934232
2447,101742-81821,오류2동,1,13989,2.0943560629878823
2448,113642-101831,오류2동,1,13990,2.0945057774823415
2449,158027-80435,오류2동,1,13991,2.0946554919768006
2450,97305-97304,오류2동,1,13992,2.0948052064712597
2451,101660-141469,오류2동,1,13993,2.0949549209657183
2452,147596-169232,개봉3동,1,13994,2.0951046354601774
2453,149985-149551,개봉3동,1,13995,2.0952543499546366
2454,147597-113053,개봉3동,1,13996,2.0954040644490957
2455,22924-22926,도봉2동,1,13997,2.0955537789435548
2456,22910-46881,도봉2동,1,13998,2.095703493438014
2457,129905-129908,사직동,1,13999,2.095853207932473
