TOT_REG_CD,ADM_NM,net_node,candidate_edge,ca,tca_before,opp_recovered,recovery_pct_of_loss
1101053020304,사직동,129905,129905-129908,43,0,1,2.3
1101056010005,평창동,128366,128366-128365,18,0,8,44.4
1101056020004,평창동,128630,128630-128631,11,1,1,10.0
1101057010103,무악동,128574,128574-128572,36,0,7,19.4
1101057010302,무악동,128181,128181-128182,33,0,4,12.1
1101057010302,무악동,128181,128181-152900,33,0,4,12.1
1101057010401,무악동,128526,128526-67179,18,0,3,16.7
1101058020001,교남동,71395,71395-167327,66,0,2,3.0
1101060010003,가회동,133823,133823-133824,30,0,3,10.0
1101060010003,가회동,133823,133823-133822,30,0,6,20.0
1101061030003,종로1·2·3·4가동,135570,135570-165577,60,0,1,1.7
1101061030002,종로1·2·3·4가동,134233,134233-134255,66,0,7,10.6
1101061030601,종로1·2·3·4가동,134392,134392-134391,68,0,6,8.8
1101061030601,종로1·2·3·4가동,134392,134392-134450,68,0,1,1.5
1101063030003,종로5·6가동,142629,142629-142386,53,0,3,5.7
1101064020002,이화동,137713,137713-137718,51,0,1,2.0
1101068010019,창신2동,149835,149835-149823,28,0,2,7.1
1101070010006,숭인1동,159420,159420-93901,48,0,5,10.4
1101071010007,숭인2동,93758,93758-93761,45,0,1,2.2
1101072010014,청운효자동,129375,129375-129368,32,0,1,3.1
1101072010008,청운효자동,129333,129333-14337,27,0,1,3.7
1101072020003,청운효자동,146233,146233-146212,15,0,3,20.0
1101072020003,청운효자동,146233,146233-146232,15,0,3,20.0
1101072020003,청운효자동,146233,146233-146234,15,0,3,20.0
1101073010003,혜화동,87141,87141-93719,55,0,6,10.9
1101073020003,혜화동,163996,163996-163997,34,0,3,8.8
1101073020008,혜화동,135223,135223-135224,34,5,1,3.4
1101073020011,혜화동,136026,136026-162394,39,0,1,2.6
1101073020011,혜화동,136026,136026-135947,39,0,1,2.6
1101073020014,혜화동,136015,136015-135994,35,0,1,2.9
1101073040001,혜화동,137359,137359-137357,41,0,3,7.3
1101069010403,창신3동,154061,154061-99460,30,0,1,3.3
1125051010001,강일동,200950,200950-31077,15,0,1,6.7
1125051010405,강일동,70235,70235-70234,25,0,1,4.0
1125051010601,강일동,86541,86541-86542,26,0,2,7.7
1125051010602,강일동,86545,86545-86549,23,0,2,8.7
1125051010604,강일동,70242,70242-201092,26,0,2,7.7
1125051020108,강일동,70116,70116-70121,23,0,4,17.4
1125051020115,강일동,70160,70160-70159,21,0,4,19.0
1125051020111,강일동,69786,69786-69784,22,0,4,18.2
1125051020102,강일동,201266,201266-33525,26,4,1,4.5
1125051020101,강일동,70202,70202-70203,18,0,4,22.2
1125051020114,강일동,70166,70166-70165,20,0,4,20.0
1125051020114,강일동,70166,70166-70167,20,0,5,25.0
1125052040005,상일동,56349,56349-201049,26,4,2,9.1
1125052040005,상일동,56349,56349-56348,26,4,3,13.6
1125052040001,상일동,17353,17353-17352,18,0,1,5.6
1125052040002,상일동,56348,56348-56349,26,6,1,5.0
1125053020112,명일1동,80896,80896-126793,54,0,2,3.7
1125053020403,명일1동,103568,103568-103569,40,0,1,2.5
1125054010309,명일2동,131339,131339-131338,47,1,2,4.3
1125054010304,명일2동,103613,103613-103612,35,0,2,5.7
1125054010304,명일2동,103613,103613-103614,35,0,2,5.7
1125054010306,명일2동,131490,131490-131489,30,0,2,6.7
1125056020004,고덕2동,125981,125981-173607,17,0,1,5.9
1125056020004,고덕2동,125981,125981-67470,17,0,1,5.9
1125056020002,고덕2동,67478,67478-126922,20,0,3,15.0
1125061010004,천호1동,178036,178036-178085,35,5,3,10.0
1125061010007,천호1동,178028,178028-178026,33,0,8,24.2
1125061010007,천호1동,178028,178028-178030,33,0,1,3.0
1125061010014,천호1동,178054,178054-178053,35,0,2,5.7
1125061010014,천호1동,178054,178054-178080,35,0,1,2.9
1125061010014,천호1동,178054,178054-177996,35,0,1,2.9
1125061020301,천호1동,24942,24942-24941,53,8,1,2.2
1125063010022,천호3동,172292,172292-172235,41,0,5,12.2
1125063010022,천호3동,172292,172292-172289,41,0,3,7.3
1125063010031,천호3동,155245,155245-155244,44,0,6,13.6
1125063010031,천호3동,155245,155245-155254,44,0,9,20.5
1125063010002,천호3동,125143,125143-125139,43,0,4,9.3
1125063010002,천호3동,125143,125143-125141,43,0,1,2.3
1125063020401,천호3동,23904,23904-23905,48,6,7,16.7
1125065020012,성내1동,47468,47468-47496,34,0,5,14.7
1125065022401,성내1동,47507,47507-47508,32,4,3,10.7
1125066010011,성내2동,63747,63747-63750,40,0,7,17.5
1125066010009,성내2동,64660,64660-64535,43,11,1,3.1
1125066010009,성내2동,64660,64660-64536,43,11,1,3.1
1125066020014,성내2동,80112,80112-80111,43,0,10,23.3
1125066020018,성내2동,64695,64695-80626,46,13,2,6.1
1125066020018,성내2동,64695,64695-64494,46,13,2,6.1
1125067010007,성내3동,56123,56123-56168,53,0,8,15.1
1125067010018,성내3동,82622,82622-82621,55,8,1,2.1
1125067010018,성내3동,82622,82622-82599,55,8,1,2.1
1125070010107,둔촌1동,183184,183184-183186,45,1,8,18.2
1125070010101,둔촌1동,126787,126787-183170,50,0,1,2.0
1125070010101,둔촌1동,126787,126787-183184,50,0,1,2.0
1125070010101,둔촌1동,126787,126787-183182,50,0,1,2.0
1125070010102,둔촌1동,21740,21740-21731,35,0,1,2.9
1125070010102,둔촌1동,21740,21740-53611,35,0,5,14.3
1125070010105,둔촌1동,183186,183186-183184,45,9,1,2.8
1125070010104,둔촌1동,183179,183179-183182,50,1,1,2.0
1125070040101,둔촌1동,58961,58961-211726,28,0,1,3.6
1125071020010,둔촌2동,61006,61006-54375,43,9,1,2.9
1125071021101,둔촌2동,54401,54401-54402,53,10,1,2.3
1125071021401,둔촌2동,49848,49848-49850,56,0,12,21.4
1125071021401,둔촌2동,49848,49848-49844,56,0,1,1.8
1125071022201,둔촌2동,183145,183145-183172,47,0,1,2.1
1125071022201,둔촌2동,183145,183145-183146,47,0,1,2.1
1125072010005,암사1동,167972,167972-167971,36,0,1,2.8
1125072010005,암사1동,167972,167972-167973,36,0,1,2.8
1125072010010,암사1동,167961,167961-167971,35,12,1,4.3
1125072020036,암사1동,167959,167959-167958,34,0,1,2.9
1125072020025,암사1동,52246,52246-52245,29,2,8,29.6
1125072020025,암사1동,52246,52246-123599,29,2,8,29.6
1125072020304,암사1동,177956,177956-177957,37,0,1,2.7
1125072020303,암사1동,125013,125013-125014,39,0,1,2.6
1125072020303,암사1동,125013,125013-177957,39,0,1,2.6
1125073010021,천호2동,52235,52235-52250,18,0,8,44.4
1125073010021,천호2동,52235,52235-52170,18,0,8,44.4
1125073010021,천호2동,52235,52235-54755,18,0,8,44.4
1125073010012,천호2동,166186,166186-123335,28,0,8,28.6
1125073010012,천호2동,166186,166186-54761,28,0,7,25.0
1125073030009,천호2동,152354,152354-152583,30,0,4,13.3
1125073030012,천호2동,63718,63718-63664,36,6,1,3.3
1125073030801,천호2동,63710,63710-63709,38,0,9,23.7
1125074020027,길동,25287,25287-25245,40,0,9,22.5
1125074020027,길동,25287,25287-25289,40,0,9,22.5
1125074020022,길동,25352,25352-25351,47,0,6,12.8
1125074020016,길동,25330,25330-25782,43,9,1,2.9
1125074020017,길동,25278,25278-25284,43,0,10,23.3
1125074020017,길동,25278,25278-25246,43,0,10,23.3
1125074020102,길동,104931,104931-104925,42,0,6,14.3
1125074020102,길동,104931,104931-104932,42,0,5,11.9
1125074020102,길동,104931,104931-126818,42,0,6,14.3
1125074020201,길동,104937,104937-104936,31,0,4,12.9
1125074020204,길동,125681,125681-125682,25,0,6,24.0
1125074023901,길동,25784,25784-25783,34,0,8,23.5
1124051010019,풍납1동,84845,84845-84844,25,0,3,12.0
1124051010019,풍납1동,84845,84845-84846,25,0,3,12.0
1124051010018,풍납1동,116751,116751-116752,16,0,3,18.8
1124051010011,풍납1동,200566,200566-200563,23,0,3,13.0
1124051010012,풍납1동,214201,214201-108871,10,0,1,10.0
1124052010016,풍납2동,196238,196238-108871,3,0,1,33.3
1124052010007,풍납2동,109793,109793-109792,13,0,1,7.7
1124052020001,풍납2동,198652,198652-198653,36,2,4,11.8
1124052030001,풍납2동,200340,200340-200345,30,0,2,6.7
1124052030001,풍납2동,200340,200340-200335,30,0,3,10.0
1124053020401,거여1동,17469,17469-17470,31,0,3,9.7
1124054020009,거여2동,196833,196833-17489,32,1,2,6.5
1124054020004,거여2동,114594,114594-114597,27,2,3,12.0
1124054021002,거여2동,17954,17954-17953,28,3,2,8.0
1124054021103,거여2동,196855,196855-17497,22,0,3,13.6
1124055010016,마천1동,100554,100554-100535,34,0,11,32.4
1124055010301,마천1동,95848,95848-108634,28,0,1,3.6
1124056010002,마천2동,15735,15735-15730,9,0,1,11.1
1124056010011,마천2동,96397,96397-96396,21,0,4,19.0
1124056010011,마천2동,96397,96397-96367,21,0,4,19.0
1124056010010,마천2동,15737,15737-15738,14,0,1,7.1
1124056010201,마천2동,100303,100303-100304,21,0,4,19.0
1124056020014,마천2동,114266,114266-114267,34,0,8,23.5
1124056020014,마천2동,114266,114266-114261,34,0,5,14.7
1124056020011,마천2동,112185,112185-112184,28,0,6,21.4
1124056020003,마천2동,114385,114385-114382,34,0,8,23.5
1124056020016,마천2동,112105,112105-109067,19,0,5,26.3
1124057010019,방이1동,199410,199410-199408,32,10,2,9.1
1124057010801,방이1동,122830,122830-122828,18,0,6,33.3
1124058010015,방이2동,196375,196375-196374,34,9,2,8.0
1124058020012,방이2동,195719,195719-195720,36,13,2,8.7
1124058020012,방이2동,195719,195719-201339,36,13,3,13.0
1124059030115,오륜동,95293,95293-120538,35,0,2,5.7
1124059030113,오륜동,198017,198017-120538,38,0,2,5.3
1124060020008,오금동,120689,120689-120623,41,0,6,14.6
1124060020008,오금동,120689,120689-120688,41,0,6,14.6
1124060020008,오금동,120689,120689-120711,41,0,9,22.0
1124060020805,오금동,122855,122855-122800,39,7,1,3.1
1124060020802,오금동,199122,199122-199123,30,0,9,30.0
1124060021002,오금동,198558,198558-198557,35,0,6,17.1
1124060021101,오금동,120654,120654-120639,41,0,6,14.6
1124060030003,오금동,96686,96686-99195,42,1,3,7.3
1124060030001,오금동,100236,100236-99193,47,5,2,4.8
1124060040001,오금동,84891,84891-84905,27,0,2,7.4
1124061010014,송파1동,94595,94595-195860,28,9,1,5.3
1124061020017,송파1동,196557,196557-115841,38,1,11,29.7
1124061020017,송파1동,196557,196557-195878,38,1,14,37.8
1124061020018,송파1동,215357,215357-115834,39,1,9,23.7
1124061020007,송파1동,115908,115908-115907,40,10,1,3.3
1124062010502,송파2동,73387,73387-73361,41,0,7,17.1
1124062020004,송파2동,116228,116228-116229,22,0,4,18.2
1124063010008,석촌동,92579,92579-89962,29,0,8,27.6
1124063010015,석촌동,92529,92529-92528,36,8,6,21.4
1124063020023,석촌동,196569,196569-196550,31,8,2,8.7
1124063020023,석촌동,196569,196569-95080,31,8,2,8.7
1124063020028,석촌동,195986,195986-195977,31,7,3,12.5
1124063020017,석촌동,196013,196013-92973,33,7,1,3.8
1124063020102,석촌동,195982,195982-195986,26,0,5,19.2
1124064010016,삼전동,68696,68696-68694,36,3,1,3.0
1124064020017,삼전동,196634,196634-196636,16,3,1,7.7
1124064020024,삼전동,69915,69915-69916,19,0,2,10.5
1124064020021,삼전동,196646,196646-68426,30,0,4,13.3
1124064020021,삼전동,196646,196646-196647,30,0,1,3.3
1124064020005,삼전동,69919,69919-196739,18,3,1,6.7
1124064020005,삼전동,69919,69919-196636,18,3,1,6.7
1124065010601,가락본동,92144,92144-199584,36,14,2,9.1
1124065020007,가락본동,73591,73591-73413,45,15,1,3.3
1124065030006,가락본동,199624,199624-93398,56,14,7,16.7
1124067010008,가락2동,122995,122995-122994,48,17,5,16.1
1124067010003,가락2동,198436,198436-198433,53,0,8,15.1
1124067010003,가락2동,198436,198436-198439,53,0,5,9.4
1124067011001,가락2동,10044,10044-123081,44,0,14,31.8
1124067011002,가락2동,123079,123079-123064,51,14,8,21.6
1124067020002,가락2동,115321,115321-115327,43,0,7,16.3
1124067020002,가락2동,115321,115321-115320,43,0,5,11.6
1124067020012,가락2동,121423,121423-121409,49,0,14,28.6
1124067020103,가락2동,114659,114659-114743,40,0,7,17.5
1124067020201,가락2동,114712,114712-114713,51,0,7,13.7
1124067021004,가락2동,198355,198355-198354,43,7,7,19.4
1124068010101,문정1동,198317,198317-198323,49,1,12,25.0
1124068010101,문정1동,198317,198317-198315,49,1,1,2.1
1124068010110,문정1동,198315,198315-115476,49,1,6,12.5
1124068010110,문정1동,198315,198315-198317,49,1,1,2.1
1124068020014,문정1동,123152,123152-123153,53,0,11,20.8
1124068020014,문정1동,123152,123152-123149,53,0,13,24.5
1124068020014,문정1동,123152,123152-123134,53,0,13,24.5
1124068020301,문정1동,123194,123194-123195,49,0,11,22.4
1124068030005,문정1동,123280,123280-198818,54,0,2,3.7
1124068030005,문정1동,123280,123280-123277,54,0,2,3.7
1124069010126,문정2동,116730,116730-83641,22,0,1,4.5
1124069010126,문정2동,116730,116730-83640,22,0,1,4.5
1124069010126,문정2동,116730,116730-116729,22,0,1,4.5
1124071010009,잠실본동,62733,62733-62732,28,1,2,7.4
1124071010009,잠실본동,62733,62733-62736,28,1,3,11.1
1124071060004,잠실본동,37121,37121-62736,28,0,3,10.7
1124075010002,잠실4동,196264,196264-196265,21,0,1,4.8
1124075010001,잠실4동,90708,90708-90707,14,0,5,35.7
1124075010140,잠실4동,195699,195699-195698,16,0,1,6.2
1124075010119,잠실4동,195709,195709-195707,22,0,1,4.5
1124075010110,잠실4동,196265,196265-196268,21,1,1,5.0
1124075010102,잠실4동,196263,196263-196262,20,0,1,5.0
1124075010102,잠실4동,196263,196263-195701,20,0,1,5.0
1124075010106,잠실4동,195706,195706-195707,22,1,1,4.8
1124075010120,잠실4동,196268,196268-196265,21,2,1,5.3
1124075020109,잠실4동,196280,196280-196279,27,0,1,3.7
1124075020107,잠실4동,196279,196279-195841,33,1,8,25.0
1124075020103,잠실4동,196266,196266-196265,21,0,1,4.8
1124075020103,잠실4동,196266,196266-196267,21,0,1,4.8
1124075030202,잠실4동,195830,195830-195831,22,0,1,4.5
1124075030205,잠실4동,195837,195837-195836,38,0,7,18.4
1124075030203,잠실4동,93225,93225-195841,34,6,3,10.7
1124077010108,잠실6동,87573,87573-87567,19,0,7,36.8
1124077010111,잠실6동,87568,87568-87566,19,0,3,15.8
1124077010111,잠실6동,87568,87568-87571,19,0,3,15.8
1124077010111,잠실6동,87568,87568-87567,19,0,8,42.1
1124077020101,잠실6동,196006,196006-196007,32,0,7,21.9
1124078020106,잠실7동,33595,33595-196231,12,0,1,8.3
1124079020111,잠실2동,211703,211703-211691,13,0,2,15.4
1124079030133,잠실2동,196336,196336-68485,21,0,2,9.5
1124080010110,잠실3동,195999,195999-196000,28,0,7,25.0
1124080010110,잠실3동,195999,195999-196387,28,0,1,3.6
1124080010115,잠실3동,196387,196387-68754,26,1,1,4.0
1124080010122,잠실3동,212805,212805-196346,17,0,5,29.4
1124080010124,잠실3동,68303,68303-212480,15,1,2,14.3
1124080030101,잠실3동,196508,196508-196503,31,5,1,3.8
1124080030122,잠실3동,68519,68519-196384,28,1,4,14.8
1124080030122,잠실3동,68519,68519-196395,28,1,6,22.2
1124080030121,잠실3동,196503,196503-196508,33,1,3,9.4
1124080040001,잠실3동,69448,69448-69447,28,0,4,14.3
1124080040107,잠실3동,69446,69446-69447,34,0,4,11.8
1124080040107,잠실3동,69446,69446-69444,34,0,4,11.8
1124080040107,잠실3동,69446,69446-69894,34,0,3,8.8
1124080040101,잠실3동,196525,196525-196025,35,0,5,14.3
1124080040104,잠실3동,69850,69850-69899,32,0,4,12.5
1124081010006,장지동,198187,198187-121629,48,11,5,13.5
1124081020005,장지동,123421,123421-123422,54,7,8,17.0
1124081020005,장지동,123421,123421-123409,54,7,6,12.8
1124081020012,장지동,115322,115322-87402,44,0,1,2.3
1124081020803,장지동,198105,198105-198107,35,0,6,17.1
1124082010001,위례동,196796,196796-196797,18,0,1,5.6
1124082021002,위례동,89229,89229-89227,25,0,1,4.0
1123051010103,신사동,39425,39425-39426,17,0,1,5.9
1123051020002,신사동,204632,204632-204628,21,5,2,12.5
1123052010401,논현1동,129991,129991-129990,31,8,1,4.3
1123052020022,논현1동,64412,64412-64413,40,10,1,3.3
1123053020003,논현2동,130269,130269-130270,34,8,1,3.8
1123053020003,논현2동,130269,130269-130264,34,8,1,3.8
1123053030902,논현2동,134417,134417-134434,43,12,2,6.5
1123058010005,삼성1동,37369,37369-37298,23,0,4,17.4
1123058010005,삼성1동,37369,37369-37297,23,0,4,17.4
1123058020001,삼성1동,132736,132736-132727,27,0,3,11.1
1123058021201,삼성1동,31179,31179-132725,24,0,3,12.5
1123059020005,삼성2동,41049,41049-131721,34,11,1,4.3
1123059022001,삼성2동,35940,35940-35941,15,0,7,46.7
1123060010003,대치1동,204915,204915-116466,41,0,1,2.4
1123060010401,대치1동,204823,204823-204824,51,0,1,2.0
1123060010804,대치1동,204925,204925-204924,39,0,5,12.8
1123064030003,역삼1동,66741,66741-130409,38,9,1,3.4
1123064030009,역삼1동,71744,71744-130454,41,0,10,24.4
1123064030009,역삼1동,71744,71744-71758,41,0,8,19.5
1123064030011,역삼1동,65638,65638-65639,47,0,9,19.1
1123064030008,역삼1동,71753,71753-71752,40,13,6,22.2
1123065010801,역삼2동,131858,131858-131840,29,0,15,51.7
1123065011202,역삼2동,131822,131822-131821,36,0,14,38.9
1123065020006,역삼2동,134632,134632-131294,34,0,20,58.8
1123065020006,역삼2동,134632,134632-102912,34,0,18,52.9
1123065020006,역삼2동,134632,134632-134643,34,0,17,50.0
1123065030001,역삼2동,42880,42880-42878,48,3,3,6.7
1123065031104,역삼2동,35958,35958-51010,31,0,8,25.8
1123065031101,역삼2동,41977,41977-131929,44,0,8,18.2
1123065031101,역삼2동,41977,41977-41978,44,0,13,29.5
1123065040008,역삼2동,131926,131926-131910,45,19,2,7.7
1123066010003,도곡1동,204079,204079-73490,38,10,1,3.6
1123066020011,도곡1동,204672,204672-204671,39,0,9,23.1
1123066021502,도곡1동,203954,203954-203955,38,0,3,7.9
1123066021502,도곡1동,203954,203954-204205,38,0,2,5.3
1123066022302,도곡1동,72783,72783-203968,36,0,1,2.8
1123067010201,도곡2동,51280,51280-127146,49,0,1,2.0
1123067020101,도곡2동,204217,204217-204218,33,0,6,18.2
1123067020207,도곡2동,121588,121588-116475,31,0,6,19.4
1123067030004,도곡2동,83847,83847-73645,35,0,4,11.4
1123068010001,개포1동,204130,204130-122183,41,0,1,2.4
1123068020109,개포1동,203560,203560-203740,34,0,1,2.9
1123068020116,개포1동,121259,121259-203564,36,0,1,2.8
1123068020122,개포1동,203755,203755-203757,26,0,1,3.8
1123068020120,개포1동,121499,121499-121498,31,1,1,3.3
1123068020107,개포1동,203598,203598-203610,35,0,1,2.9
1123068020102,개포1동,203476,203476-121482,36,0,1,2.8
1123068020203,개포1동,121307,121307-203745,15,1,1,7.1
1123071010503,개포4동,203601,203601-203504,39,0,1,2.6
1123071010503,개포4동,203601,203601-203609,39,0,1,2.6
1123071030015,개포4동,203739,203739-203740,27,0,1,3.7
1123071030015,개포4동,203739,203739-203647,27,0,1,3.7
1123071030006,개포4동,203306,203306-203305,44,10,1,2.9
1123073020004,일원1동,91439,91439-91447,26,0,1,3.8
1123073020003,일원1동,202804,202804-91449,25,0,1,4.0
1123073020009,일원1동,203083,203083-203082,25,0,1,4.0
1123073020009,일원1동,203083,203083-93451,25,0,1,4.0
1123074020312,일원2동,205719,205719-205746,36,0,1,2.8
1123074030001,일원2동,91425,91425-202758,33,0,1,3.0
1123074030001,일원2동,91425,91425-91424,33,0,1,3.0
1123075010001,수서동,202246,202246-202247,22,1,11,52.4
1123075010001,수서동,202246,202246-127581,22,1,11,52.4
1123075040103,수서동,202278,202278-202245,22,0,11,50.0
1123076010008,세곡동,202108,202108-202109,23,0,1,4.3
1123076010601,세곡동,169003,169003-169005,1,0,1,100.0
1123077010211,압구정동,134550,134550-139934,12,0,2,16.7
1123077010211,압구정동,134550,134550-102919,12,0,2,16.7
1123077010210,압구정동,139927,139927-139928,12,0,2,16.7
1123077010210,압구정동,139927,139927-139921,12,0,2,16.7
1123077010210,압구정동,139927,139927-139923,12,0,2,16.7
1123077010213,압구정동,59678,59678-59677,18,1,1,5.9
1123077010206,압구정동,130554,130554-139925,16,0,2,12.5
1123078030001,청담동,189080,189080-189079,18,2,1,6.2
1123078030103,청담동,11281,11281-11280,13,0,2,15.4
1123078050011,청담동,22368,22368-41019,31,0,3,9.7
1123078050011,청담동,22368,22368-22277,31,0,5,16.1
1123078050011,청담동,22368,22368-131533,31,0,5,16.1
1123078050004,청담동,41024,41024-131550,32,5,1,3.7
1123078050001,청담동,21411,21411-21408,28,0,3,10.7
1123078050001,청담동,21411,21411-21410,28,0,3,10.7
1123078051702,청담동,143524,143524-55877,27,0,5,18.5
1123079010001,대치2동,205581,205581-205409,26,0,2,7.7
1123079020001,대치2동,14825,14825-14824,41,18,2,8.7
1123079030009,대치2동,15062,15062-205042,37,1,12,33.3
1123079030006,대치2동,30472,30472-30468,30,0,1,3.3
1123079030006,대치2동,30472,30472-30470,30,0,2,6.7
1123079030004,대치2동,205047,205047-205046,41,11,3,10.0
1123079030004,대치2동,205047,205047-205040,41,11,3,10.0
1123079030003,대치2동,30465,30465-30464,35,0,1,2.9
1123079030102,대치2동,205061,205061-205060,31,0,1,3.2
1123079030501,대치2동,30487,30487-30486,31,0,2,6.5
1123079060125,대치2동,26998,26998-26997,34,1,1,3.0
1123079060122,대치2동,30370,30370-30368,35,0,3,8.6
1123079060122,대치2동,30370,30370-30373,35,0,3,8.6
1123079070115,대치2동,26830,26830-26829,30,0,1,3.3
1123079070115,대치2동,26830,26830-26828,30,0,1,3.3
1123079070107,대치2동,26994,26994-26995,32,0,1,3.1
1123079070106,대치2동,26913,26913-26842,17,0,1,5.9
1123079070109,대치2동,26836,26836-26841,32,0,1,3.1
1123080010002,개포2동,204329,204329-122339,38,0,1,2.6
1123080010101,개포2동,73315,73315-204306,30,0,1,3.3
1123080010101,개포2동,73315,73315-91405,30,0,3,10.0
1123080010202,개포2동,90669,90669-90681,30,0,1,3.3
1123080020113,개포2동,204292,204292-122315,34,1,1,3.0
1123080020111,개포2동,122339,122339-204309,40,1,1,2.6
1123080020118,개포2동,204322,204322-204248,34,0,1,2.9
1123080050106,개포2동,214141,214141-83875,24,0,1,4.2
1122051010001,서초1동,108000,108000-108683,53,1,13,25.0
1122051011202,서초1동,30275,30275-30276,59,14,1,2.2
1122052030102,서초2동,115214,115214-115213,52,0,13,25.0
1122052040205,서초2동,108838,108838-193908,47,0,4,8.5
1122052040201,서초2동,115226,115226-108837,49,11,1,2.6
1122053010013,서초3동,94741,94741-94734,39,0,11,28.2
1122053010013,서초3동,94741,94741-94743,39,0,8,20.5
1122053010012,서초3동,94738,94738-194980,50,15,6,17.1
1122053030007,서초3동,195036,195036-99923,58,20,2,5.3
1122053040804,서초3동,30872,30872-15939,44,0,3,6.8
1122053040804,서초3동,30872,30872-30887,44,0,3,6.8
1122053050007,서초3동,95911,95911-95912,58,10,3,6.2
1122053050002,서초3동,100987,100987-100980,59,10,11,22.4
1122054010212,서초4동,114237,114237-114236,40,0,7,17.5
1122054020002,서초4동,194026,194026-194027,44,0,1,2.3
1122054020102,서초4동,194032,194032-194031,45,0,15,33.3
1122055020001,잠원동,110456,110456-194840,38,0,3,7.9
1122055020501,잠원동,110352,110352-110351,21,2,2,10.5
1122055020802,잠원동,110346,110346-204555,27,0,3,11.1
1122055020802,잠원동,110346,110346-194503,27,0,2,7.4
1122055021001,잠원동,110435,110435-110436,26,0,1,3.8
1122057020007,반포1동,17092,17092-17107,29,0,7,24.1
1122057020007,반포1동,17092,17092-194417,29,0,2,6.9
1122057020007,반포1동,17092,17092-17094,29,0,7,24.1
1122057030205,반포1동,112537,112537-110602,35,0,2,5.7
1122058010001,반포2동,90988,90988-92047,33,0,1,3.0
1122058010403,반포2동,92047,92047-195461,36,1,1,2.9
1122059010201,반포3동,92053,92053-92055,34,0,1,2.9
1122059010301,반포3동,90088,90088-93782,29,0,1,3.4
1122059010503,반포3동,122740,122740-122739,17,0,1,5.9
1122059010502,반포3동,119942,119942-119701,10,0,1,10.0
1122059020501,반포3동,93775,93775-93080,30,0,1,3.3
1122059030202,반포3동,96274,96274-96264,27,0,1,3.7
1122059050105,반포3동,93802,93802-93804,31,0,1,3.2
1122060020904,반포4동,96554,96554-96555,29,0,3,10.3
1122060030001,반포4동,92839,92839-195552,39,11,4,14.3
1122060030008,반포4동,195551,195551-195550,24,0,15,62.5
1122060040004,반포4동,91078,91078-91564,41,0,23,56.1
1122060040004,반포4동,91078,91078-91080,41,0,24,58.5
1122060040004,반포4동,91078,91078-91079,41,0,24,58.5
1122060040006,반포4동,91040,91040-91034,37,0,16,43.2
1122061010004,방배본동,163296,163296-163295,64,0,24,37.5
1122061020401,방배본동,189288,189288-131170,53,24,1,3.4
1122061030002,방배본동,131093,131093-189266,52,16,4,11.1
1122062010002,방배1동,91984,91984-195511,57,0,17,29.8
1122062010002,방배1동,91984,91984-91761,57,0,19,33.3
1122062020006,방배1동,195536,195536-195537,40,0,11,27.5
1122062020901,방배1동,91747,91747-91753,56,0,19,33.9
1122063010703,방배2동,79406,79406-79407,53,0,1,1.9
1122063020007,방배2동,174177,174177-174175,62,0,6,9.7
1122063020002,방배2동,174208,174208-174210,50,0,2,4.0
1122063030009,방배2동,174479,174479-174480,50,9,3,7.3
1122063040202,방배2동,80757,80757-80758,24,0,1,4.2
1122063040203,방배2동,80756,80756-80758,24,0,1,4.2
1122063040302,방배2동,120312,120312-120311,14,0,1,7.1
1122064010014,방배3동,191199,191199-12603,52,0,16,30.8
1122064010008,방배3동,191198,191198-119798,55,0,12,21.8
1122064010004,방배3동,119728,119728-195484,32,15,1,5.9
1122064011202,방배3동,195387,195387-93048,42,0,10,23.8
1122064020104,방배3동,195395,195395-93060,41,11,2,6.7
1122064020402,방배3동,93020,93020-93019,56,0,6,10.7
1122064020503,방배3동,195239,195239-95929,42,1,9,22.0
1122065020001,방배4동,191130,191130-189317,63,13,2,4.0
1122065020014,방배4동,119888,119888-189294,58,19,3,7.7
1122065020601,방배4동,119924,119924-189306,56,1,21,38.2
1122065020601,방배4동,119924,119924-119929,56,1,14,25.5
1122065021101,방배4동,174199,174199-174182,62,1,5,8.2
1122065030001,방배4동,91629,91629-119972,45,20,2,8.0
1122066040002,양재1동,172593,172593-192678,34,0,5,14.7
1122066070108,양재1동,194119,194119-37512,19,0,1,5.3
1122066070201,양재1동,194483,194483-194482,13,0,2,15.4
1122066070201,양재1동,194483,194483-194069,13,0,2,15.4
1122066070303,양재1동,15987,15987-15988,10,0,1,10.0
1122066070403,양재1동,39742,39742-39740,15,0,1,6.7
1122066070602,양재1동,43158,43158-43157,16,0,1,6.2
1122067010201,양재2동,192633,192633-120018,21,0,4,19.0
1122067010201,양재2동,192633,192633-192632,21,0,4,19.0
1122067020001,양재2동,192658,192658-192659,34,1,1,3.0
1122067030001,양재2동,32127,32127-32128,41,11,2,6.7
1122067040010,양재2동,16837,16837-191599,32,8,2,8.3
1122068040103,내곡동,192717,192717-108832,20,0,1,5.0
1122068040204,내곡동,192874,192874-192876,19,0,1,5.3
1122068050103,내곡동,192607,192607-192748,26,0,4,15.4
1122052040303,서초2동,115196,115196-115194,56,0,1,1.8
1122066080201,양재1동,45668,45668-213983,17,0,1,5.9
1121052020005,보라매동,94074,94074-38549,68,0,12,17.6
1121052020013,보라매동,113801,113801-38528,72,0,14,19.4
1121052020013,보라매동,113801,113801-89788,72,0,16,22.2
1121052030005,보라매동,95530,95530-115115,73,6,4,6.0
1121052030001,보라매동,113845,113845-113844,46,0,8,17.4
1121052030008,보라매동,95578,95578-95581,71,4,13,19.4
1121052030010,보라매동,95571,95571-95573,58,0,2,3.4
1121054010005,청림동,18559,18559-18556,35,4,5,16.1
1121054010206,청림동,119382,119382-119380,33,0,7,21.2
1121054010209,청림동,83026,83026-83025,36,0,1,2.8
1121057010019,행운동,118530,118530-67982,44,0,8,18.2
1121057010019,행운동,118530,118530-67970,44,0,4,9.1
1121057020001,행운동,79481,79481-80257,61,0,7,11.5
1121057020001,행운동,79481,79481-79426,61,0,6,9.8
1121057020001,행운동,79481,79481-78520,61,0,3,4.9
1121058010017,낙성대동,119500,119500-119506,55,0,4,7.3
1121058010019,낙성대동,120019,120019-77913,48,9,4,10.3
1121058010022,낙성대동,119931,119931-119482,38,11,2,7.4
1121061010019,중앙동,83722,83722-120303,65,0,13,20.0
1121061010019,중앙동,83722,83722-83723,65,0,12,18.5
1121061010018,중앙동,120928,120928-120997,64,12,1,1.9
1121061010001,중앙동,120278,120278-120233,62,12,1,2.0
1121061010010,중앙동,83685,83685-83684,59,0,12,20.3
1121061010020,중앙동,83744,83744-83745,58,0,12,20.7
1121061010003,중앙동,120929,120929-120995,63,12,1,2.0
1121061020002,중앙동,119934,119934-119933,62,0,3,4.8
1121061020002,중앙동,119934,119934-120360,62,0,3,4.8
1121061020003,중앙동,120382,120382-120381,61,0,3,4.9
1121062010010,인헌동,18525,18525-18448,41,0,19,46.3
1121062010024,인헌동,18533,18533-18531,38,13,2,8.0
1121062010024,인헌동,18533,18533-18530,38,13,7,28.0
1121062010027,인헌동,18541,18541-18540,38,11,4,14.8
1121062010103,인헌동,18011,18011-18010,20,10,3,30.0
1121062020014,인헌동,17241,17241-17240,16,0,14,87.5
1121062020010,인헌동,115389,115389-115393,29,16,4,30.8
1121063020010,남현동,94669,94669-94670,30,0,1,3.3
1121063020101,남현동,104428,104428-116811,4,0,1,25.0
1121064020014,서원동,114043,114043-114042,62,1,1,1.6
1121064020019,서원동,95994,95994-96040,63,0,1,1.6
1121064020018,서원동,89831,89831-89851,68,0,1,1.5
1121064030006,서원동,114578,114578-115160,48,0,1,2.1
1121064030006,서원동,114578,114578-114580,48,0,1,2.1
1121064030008,서원동,90177,90177-90176,47,0,9,19.1
1121064030008,서원동,90177,90177-90178,47,0,8,17.0
1121064030008,서원동,90177,90177-115160,47,0,1,2.1
1121064040011,서원동,39251,39251-39250,44,0,13,29.5
1121064040006,서원동,114118,114118-114119,53,0,1,1.9
1121065010009,신원동,37732,37732-37733,51,2,15,30.6
1121065010010,신원동,37590,37590-37614,52,0,18,34.6
1121065010010,신원동,37590,37590-37589,52,0,18,34.6
1121065010010,신원동,37590,37590-37597,52,0,17,32.7
1121065010018,신원동,37739,37739-37738,33,0,2,6.1
1121065010015,신원동,37600,37600-37588,47,9,8,21.1
1121065010015,신원동,37600,37600-37601,47,9,8,21.1
1121065020009,신원동,39255,39255-39256,46,19,2,7.4
1121065020006,신원동,39260,39260-39258,45,19,1,3.8
1121065020004,신원동,38895,38895-39111,55,0,16,29.1
1121065020003,신원동,38896,38896-39111,52,0,16,30.8
1121066010204,서림동,90467,90467-90466,35,0,8,22.9
1121066020004,서림동,100918,100918-100557,56,6,3,6.0
1121066020010,서림동,116614,116614-116616,50,0,9,18.0
1121066020008,서림동,92109,92109-92091,59,5,3,5.6
1121066030007,서림동,121382,121382-121381,43,0,7,16.3
1121066030007,서림동,121382,121382-121377,43,0,7,16.3
1121066030001,서림동,96598,96598-96636,56,0,7,12.5
1121066030018,서림동,121707,121707-100933,46,8,1,2.6
1121068010002,신사동,67255,67255-53147,52,14,1,2.6
1121068010002,신사동,67255,67255-53127,52,14,1,2.6
1121068010007,신사동,53074,53074-53247,51,15,1,2.8
1121068010019,신사동,110099,110099-110131,56,7,1,2.0
1121068010019,신사동,110099,110099-110133,56,7,1,2.0
1121068010022,신사동,110015,110015-110014,47,0,7,14.9
1121068010015,신사동,115206,115206-89266,57,0,1,1.8
1121068010015,신사동,115206,115206-110134,57,0,4,7.0
1121068010020,신사동,110068,110068-110069,51,0,5,9.8
1121068010020,신사동,110068,110068-110067,51,0,7,13.7
1121068010101,신사동,110012,110012-110013,47,8,1,2.6
1121068020001,신사동,110415,110415-110363,43,0,14,32.6
1121068020012,신사동,37527,37527-89273,57,0,1,1.8
1121069010003,신림동,89349,89349-89350,51,0,6,11.8
1121069010003,신림동,89349,89349-37313,51,0,6,11.8
1121069010005,신림동,89315,89315-89318,56,0,6,10.7
1121069010012,신림동,89314,89314-89313,53,0,6,11.3
1121069010012,신림동,89314,89314-89316,53,0,6,11.3
1121069020010,신림동,89653,89653-89654,74,1,5,6.8
1121069020007,신림동,112938,112938-89650,75,1,9,12.2
1121071010002,난향동,115510,115510-112003,13,0,9,69.2
1121072020101,조원동,87079,87079-188060,61,1,1,1.7
1121072030014,조원동,188101,188101-188102,61,1,6,10.0
1121072030006,조원동,188995,188995-188998,59,0,11,18.6
1121072030005,조원동,188227,188227-188226,58,6,1,1.9
1121073010009,대학동,115312,115312-92732,30,0,8,26.7
1121073010009,대학동,115312,115312-114797,30,0,8,26.7
1121073010001,대학동,100713,100713-100802,42,0,12,28.6
1121078010018,은천동,72994,72994-72995,82,0,12,14.6
1121078010018,은천동,72994,72994-121070,82,0,11,13.4
1121078010018,은천동,72994,72994-121095,82,0,14,17.1
1121078010011,은천동,123764,123764-123762,64,3,18,29.5
1121078010017,은천동,123619,123619-95638,63,0,13,20.6
1121078020012,은천동,115145,115145-95604,68,0,1,1.5
1121078020013,은천동,116307,116307-213805,70,7,1,1.6
1121078020209,은천동,121181,121181-73603,44,0,7,15.9
1121078020213,은천동,73005,73005-121096,75,0,14,18.7
1121078020213,은천동,73005,73005-121097,75,0,1,1.3
1121078030004,은천동,114471,114471-114467,71,0,1,1.4
1121078030004,은천동,114471,114471-95634,71,0,1,1.4
1121079020110,성현동,121284,121284-121283,36,0,9,25.0
1121079030006,성현동,68246,68246-120160,56,0,10,17.9
1121079030005,성현동,119641,119641-119674,39,0,1,2.6
1121079030013,성현동,120161,120161-120201,60,0,10,16.7
1121079030013,성현동,120161,120161-120163,60,0,9,15.0
1121079030012,성현동,120205,120205-120206,58,0,8,13.8
1121079030011,성현동,121150,121150-121110,62,1,8,13.1
1121079030007,성현동,83682,83682-83526,57,0,6,10.5
1121079030405,성현동,119647,119647-83027,42,0,1,2.4
1121080010022,청룡동,120854,120854-120853,60,8,1,1.9
1121080010032,청룡동,120912,120912-120911,48,0,1,2.1
1121080010012,청룡동,123479,123479-116534,47,0,1,2.1
1121080010002,청룡동,76260,76260-120853,62,7,1,1.8
1121080020007,청룡동,120822,120822-120849,39,0,1,2.6
1121080020009,청룡동,123429,123429-120780,45,0,2,4.4
1121081020034,난곡동,37793,37793-37819,34,0,7,20.6
1121081020031,난곡동,35481,35481-35486,21,0,7,33.3
1121081020031,난곡동,35481,35481-35465,21,0,7,33.3
1121081020044,난곡동,115015,115015-110854,29,0,13,44.8
1121082010001,삼성동,92432,92432-92429,48,0,2,4.2
1121082010001,삼성동,92432,92432-92431,48,0,2,4.2
1121082010002,삼성동,113730,113730-113711,24,0,11,45.8
1121082010015,삼성동,92500,92500-114347,35,0,12,34.3
1121082010015,삼성동,92500,92500-53357,35,0,12,34.3
1121082020002,삼성동,53718,53718-53717,26,0,12,46.2
1121082020002,삼성동,53718,53718-53766,26,0,14,53.8
1121082020103,삼성동,37904,37904-37902,27,6,8,38.1
1121082020401,삼성동,115128,115128-114361,24,0,12,50.0
1121082030003,삼성동,92955,92955-92948,14,0,7,50.0
1121083020007,미성동,16159,16159-16152,65,0,17,26.2
1121083020007,미성동,16159,16159-16148,65,0,17,26.2
1121083020004,미성동,110555,110555-34777,57,0,18,31.6
1121083020004,미성동,110555,110555-110554,57,0,18,31.6
1121083030006,미성동,16078,16078-89709,66,0,4,6.1
1121083030006,미성동,16078,16078-89710,66,0,4,6.1
1121083030002,미성동,16098,16098-16099,60,0,4,6.7
1121083030101,미성동,16414,16414-16409,42,0,4,9.5
1121083030107,미성동,15404,15404-14809,48,0,4,8.3
1121083040006,미성동,109893,109893-16134,57,0,16,28.1
1121083040006,미성동,109893,109893-16135,57,0,16,28.1
1120052020004,노량진2동,113939,113939-113938,57,0,23,40.4
1120053020001,상도1동,169051,169051-169048,51,15,4,11.1
1120053040005,상도1동,36003,36003-36001,37,0,1,2.7
1120053040005,상도1동,36003,36003-36004,37,0,1,2.7
1120053040101,상도1동,136307,136307-32202,33,0,1,3.0
1120053050301,상도1동,73263,73263-73259,35,0,10,28.6
1120054020004,상도2동,127401,127401-127404,62,0,6,9.7
1120054020004,상도2동,127401,127401-92690,62,0,6,9.7
1120054020103,상도2동,92695,92695-92696,57,1,1,1.8
1120054020401,상도2동,127482,127482-127483,78,6,1,1.4
1120054030103,상도2동,115769,115769-115768,58,0,16,27.6
1120054030101,상도2동,132787,132787-115803,52,0,15,28.8
1120054030301,상도2동,130981,130981-139027,79,1,6,7.7
1120054040007,상도2동,127475,127475-127477,77,6,1,1.4
1120054040003,상도2동,128008,128008-129298,53,0,6,11.3
1120055010010,상도3동,90027,90027-90028,49,0,9,18.4
1120055010002,상도3동,126272,126272-126255,74,1,6,8.2
1120055020007,상도3동,93137,93137-126805,64,0,26,40.6
1120055020007,상도3동,93137,93137-126489,64,0,1,1.6
1120055020004,상도3동,126451,126451-126461,62,0,26,41.9
1120055020017,상도3동,93285,93285-93286,65,25,1,2.5
1120055030003,상도3동,93293,93293-93296,74,0,30,40.5
1120056010014,상도4동,95240,95240-138959,72,0,6,8.3
1120056010016,상도4동,95184,95184-95174,68,0,14,20.6
1120056010022,상도4동,95183,95183-95180,60,0,11,18.3
1120056010019,상도4동,126484,126484-95117,66,0,23,34.8
1120056030005,상도4동,139013,139013-132924,64,0,18,28.1
1120063010001,사당1동,113902,113902-113887,58,0,3,5.2
1120063010001,사당1동,113902,113902-113886,58,0,2,3.4
1120063010007,사당1동,94657,94657-94656,62,0,9,14.5
1120063010009,사당1동,138833,138833-138815,61,2,1,1.7
1120063020004,사당1동,138487,138487-138486,19,0,1,5.3
1120063020005,사당1동,113593,113593-113587,54,0,3,5.6
1120063020001,사당1동,138483,138483-138488,12,0,1,8.3
1120063020015,사당1동,113316,113316-113314,62,0,2,3.2
1120065010005,사당3동,138236,138236-138237,48,0,4,8.3
1120065010005,사당3동,138236,138236-138250,48,0,2,4.2
1120065010104,사당3동,117637,117637-117638,49,4,1,2.2
1120065010801,사당3동,139386,139386-117226,42,0,16,38.1
1120065020004,사당3동,112430,112430-112439,58,0,14,24.1
1120066010025,사당4동,117865,117865-117864,32,2,1,3.3
1120066010006,사당4동,117691,117691-139284,53,0,11,20.8
1120066010014,사당4동,138405,138405-117796,53,1,1,1.9
1120067010006,사당5동,53472,53472-53250,36,0,16,44.4
1120067010008,사당5동,17858,17858-17857,30,0,3,10.0
1120067010403,사당5동,39455,39455-39458,20,0,2,10.0
1120067010403,사당5동,39455,39455-137147,20,0,2,10.0
1120067010403,사당5동,39455,39455-39456,20,0,2,10.0
1120067020004,사당5동,138063,138063-138053,47,0,15,31.9
1120067020001,사당5동,119209,119209-119206,43,0,15,34.9
1120067020001,사당5동,119209,119209-119208,43,0,15,34.9
1120068020003,대방동,91163,91163-91159,50,0,5,10.0
1120068030102,대방동,91288,91288-91277,51,1,5,10.0
1120068030201,대방동,68124,68124-68125,59,0,21,35.6
1120068030305,대방동,87473,87473-87485,63,0,14,22.2
1120068030308,대방동,68147,68147-68146,55,0,20,36.4
1120068030405,대방동,91095,91095-91096,40,0,12,30.0
1120068030403,대방동,91206,91206-91210,38,0,12,31.6
1120068040004,대방동,87416,87416-87278,72,1,15,21.1
1120068040009,대방동,87431,87431-87430,80,0,15,18.8
1120068040009,대방동,87431,87431-87428,80,0,14,17.5
1120068040012,대방동,87447,87447-87446,77,0,14,18.2
1120068050004,대방동,54158,54158-54475,83,0,3,3.6
1120068050004,대방동,54158,54158-54159,83,0,1,1.2
1120069010013,신대방1동,124062,124062-124060,47,0,2,4.3
1120069020003,신대방1동,124052,124052-33390,66,0,1,1.5
1120070030013,신대방2동,89435,89435-89434,67,0,1,1.5
1120070030002,신대방2동,89503,89503-89502,64,0,2,3.1
1120070030001,신대방2동,89447,89447-89446,65,0,2,3.1
1120070040001,신대방2동,54144,54144-53895,55,0,8,14.5
1120071010002,흑석동,118630,118630-17712,28,1,1,3.7
1120071020007,흑석동,68776,68776-68777,40,0,4,10.0
1120071020001,흑석동,70389,70389-68766,39,0,4,10.3
1120071030015,흑석동,72885,72885-72882,31,0,1,3.2
1120071030008,흑석동,17788,17788-17785,40,0,6,15.0
1120071030201,흑석동,70264,70264-70263,43,0,6,14.0
1120071030201,흑석동,70264,70264-139220,43,0,6,14.0
1120071040104,흑석동,137332,137332-137345,31,0,1,3.2
1120071040105,흑석동,137327,137327-137329,31,0,1,3.2
1120071050001,흑석동,139255,139255-137051,29,0,4,13.8
1120071050001,흑석동,139255,139255-73134,29,0,8,27.6
1120072020402,노량진1동,55630,55630-55633,51,0,14,27.5
1120072040101,노량진1동,114200,114200-114199,81,20,1,1.6
1120073010104,사당2동,116122,116122-116124,27,0,11,40.7
1120073020402,사당2동,109006,109006-139366,27,0,1,3.7
1120073030003,사당2동,138687,138687-109369,54,0,1,1.9
1120073030003,사당2동,138687,138687-94534,54,0,1,1.9
1120073030010,사당2동,139407,139407-112501,56,0,8,14.3
1120073030010,사당2동,139407,139407-109840,56,0,1,1.8
1120073030008,사당2동,138684,138684-138682,45,0,1,2.2
1120073040304,사당2동,109859,109859-109857,50,0,17,34.0
1120054010201,상도2동,114199,114199-114200,86,1,20,23.5
1119054030006,여의동,115536,115536-103849,29,1,10,35.7
1119054030202,여의동,98020,98020-98019,21,0,9,42.9
1119054030803,여의동,97692,97692-97693,26,0,13,50.0
1119054060401,여의동,103927,103927-103884,24,0,5,20.8
1119055010004,당산1동,19414,19414-19413,44,0,7,15.9
1119055010004,당산1동,19414,19414-19432,44,0,6,13.6
1119055010201,당산1동,42016,42016-42013,63,1,6,9.7
1119055010202,당산1동,19474,19474-41686,64,0,4,6.2
1119055010202,당산1동,19474,19474-111822,64,0,6,9.4
1119055020008,당산1동,75966,75966-75965,53,0,4,7.5
1119055020008,당산1동,75966,75966-121975,53,0,4,7.5
1119055020008,당산1동,75966,75966-75963,53,0,4,7.5
1119055020012,당산1동,75991,75991-75983,60,2,4,6.9
1119055020013,당산1동,76000,76000-62819,55,0,2,3.6
1119055020013,당산1동,76000,76000-75999,55,0,2,3.6
1119055020002,당산1동,166378,166378-166379,53,0,3,5.7
1119055020201,당산1동,166424,166424-166415,29,0,3,10.3
1119055020201,당산1동,166424,166424-166425,29,0,3,10.3
1119056010002,당산2동,164059,164059-166650,16,1,1,6.7
1119056030002,당산2동,18619,18619-112920,36,0,7,19.4
1119056030002,당산2동,18619,18619-165431,36,0,3,8.3
1119056040004,당산2동,166055,166055-166025,50,0,11,22.0
1119056040006,당산2동,169172,169172-169171,45,21,1,4.2
1119056040006,당산2동,169172,169172-169178,45,21,1,4.2
1119056040403,당산2동,165565,165565-165549,50,0,1,2.0
1119056040803,당산2동,169171,169171-169510,42,1,22,53.7
1119056040803,당산2동,169171,169171-169172,42,1,20,48.8
1119056050005,당산2동,169256,169256-169259,37,0,12,32.4
1119061010001,양평1동,41668,41668-111838,52,0,1,1.9
1119061020006,양평1동,151826,151826-149120,33,0,7,21.2
1119061020005,양평1동,151722,151722-151721,43,0,6,14.0
1119061020005,양평1동,151722,151722-151725,43,0,5,11.6
1119061021101,양평1동,148956,148956-149023,37,2,1,2.9
1119061030003,양평1동,148986,148986-148987,54,0,6,11.1
1119061030002,양평1동,149009,149009-148948,41,1,1,2.5
1119061030301,양평1동,149000,149000-148993,54,1,6,11.3
1119061030402,양평1동,149025,149025-149014,51,0,6,11.8
1119062010005,양평2동,164896,164896-164897,28,15,1,7.7
1119062010005,양평2동,164896,164896-164893,28,15,2,15.4
1119062010004,양평2동,159765,159765-159764,13,8,1,20.0
1119062010008,양평2동,52859,52859-159763,15,0,7,46.7
1119062010008,양평2동,52859,52859-159768,15,0,4,26.7
1119062010001,양평2동,164977,164977-164976,43,0,15,34.9
1119062010001,양평2동,164977,164977-164978,43,0,16,37.2
1119062010401,양평2동,164939,164939-165205,42,17,1,4.0
1119062020004,양평2동,58324,58324-58322,40,0,18,45.0
1119063010004,신길1동,65499,65499-65195,24,0,1,4.2
1119063040007,신길1동,81237,81237-81234,68,0,1,1.5
1119063040003,신길1동,60204,60204-65537,71,0,5,7.0
1119065020008,신길3동,46145,46145-45797,78,0,2,2.6
1119065020008,신길3동,46145,46145-46144,78,0,2,2.6
1119065020008,신길3동,46145,46145-46130,78,0,2,2.6
1119065020006,신길3동,166835,166835-43090,84,1,2,2.4
1119065020007,신길3동,46043,46043-46174,75,0,2,2.7
1119065020007,신길3동,46043,46043-46173,75,0,2,2.7
1119065020004,신길3동,166847,166847-166841,84,1,1,1.2
1119065020004,신길3동,166847,166847-166848,84,1,1,1.2
1119065040002,신길3동,166944,166944-166955,78,0,4,5.1
1119066010005,신길4동,44602,44602-45015,69,0,6,8.7
1119066020001,신길4동,56173,56173-44854,74,1,1,1.4
1119067010201,신길5동,115642,115642-115641,58,0,2,3.4
1119067020002,신길5동,167060,167060-167058,78,0,1,1.3
1119067020008,신길5동,166963,166963-166976,79,0,1,1.3
1119068010002,신길6동,43098,43098-43096,34,0,2,5.9
1119068020003,신길6동,42706,42706-42707,67,0,11,16.4
1119068020601,신길6동,42714,42714-42715,67,0,7,10.4
1119068020601,신길6동,42714,42714-42713,67,0,11,16.4
1119068030007,신길6동,42613,42613-42539,80,0,1,1.2
1119069020305,신길7동,81261,81261-81440,78,0,17,21.8
1119070010003,대림1동,49047,49047-49046,70,8,1,1.6
1119070020006,대림1동,44110,44110-44301,52,3,5,10.2
1119071010010,대림2동,112760,112760-112759,59,0,10,16.9
1119071010005,대림2동,164212,164212-164211,73,0,9,12.3
1119071010005,대림2동,164212,164212-164234,73,0,9,12.3
1119071020006,대림2동,44057,44057-44104,56,0,1,1.8
1119071020002,대림2동,169092,169092-169078,62,0,8,12.9
1119072030002,대림3동,58359,58359-58175,61,10,4,7.8
1119072040004,대림3동,168694,168694-168684,72,0,1,1.4
1119072040001,대림3동,140841,140841-140840,76,8,10,14.7
1119072040003,대림3동,167142,167142-167139,73,8,2,3.1
1119072040010,대림3동,168679,168679-168680,82,0,11,13.4
1119072040010,대림3동,168679,168679-168667,82,0,7,8.5
1119072040008,대림3동,167117,167117-167118,76,0,8,10.5
1119072040101,대림3동,168700,168700-168701,73,0,11,15.1
1119073050007,영등포본동,56377,56377-56418,54,0,1,1.9
1119073050007,영등포본동,56377,56377-56252,54,0,1,1.9
1119073050007,영등포본동,56377,56377-56415,54,0,1,1.9
1119073060002,영등포본동,176366,176366-49464,58,9,4,8.2
1119073060104,영등포본동,176330,176330-176386,58,0,11,19.0
1119073060104,영등포본동,176330,176330-176329,58,0,6,10.3
1119074030002,영등포동,169366,169366-169367,37,0,4,10.8
1119074030101,영등포동,43823,43823-43831,26,0,2,7.7
1119074030101,영등포동,43823,43823-43825,26,0,4,15.4
1119074040003,영등포동,169356,169356-42359,37,0,5,13.5
1119074040001,영등포동,169439,169439-169438,38,0,5,13.2
1119074040001,영등포동,169439,169439-169440,38,0,5,13.2
1119074040101,영등포동,169337,169337-169336,39,0,3,7.7
1119074040101,영등포동,169337,169337-169338,39,0,3,7.7
1119074050003,영등포동,166633,166633-166631,47,0,3,6.4
1119074050006,영등포동,176252,176252-176251,40,0,2,5.0
1119075010007,도림동,46459,46459-176418,64,0,9,14.1
1119075010007,도림동,46459,46459-46458,64,0,9,14.1
1119075010008,도림동,46473,46473-46462,65,0,9,13.8
1119075020101,도림동,140828,140828-140992,53,0,1,1.9
1119075030012,도림동,140530,140530-140524,68,6,1,1.6
1119075030401,도림동,42039,42039-42038,35,0,6,17.1
1119075030402,도림동,140695,140695-140692,35,0,8,22.9
1119075030502,도림동,140482,140482-140484,61,0,8,13.1
1119075040003,도림동,113001,113001-166729,65,0,1,1.5
1119076011401,문래동,156550,156550-111478,46,0,3,6.5
1119076011401,문래동,156550,156550-156551,46,0,1,2.2
1119076020003,문래동,41786,41786-41785,48,0,5,10.4
1118051030009,가산동,126092,126092-13381,90,0,7,7.8
1118051030009,가산동,126092,126092-126094,90,0,27,30.0
1118051030602,가산동,13392,13392-13391,79,0,34,43.0
1118051030605,가산동,126096,126096-13388,76,0,33,43.4
1118052010004,독산1동,143797,143797-143794,77,0,17,22.1
1118052010004,독산1동,143797,143797-143805,77,0,2,2.6
1118052020001,독산1동,51162,51162-99719,69,9,1,1.7
1118052040003,독산1동,100391,100391-15448,53,0,2,3.8
1118052040006,독산1동,13907,13907-51240,49,1,1,2.1
1118052040601,독산1동,100665,100665-89343,48,1,2,4.3
1118052050206,독산1동,99842,99842-212154,32,2,1,3.3
1118052070001,독산1동,126192,126192-126191,17,0,1,5.9
1118052070006,독산1동,126214,126214-126343,24,0,1,4.2
1118052070104,독산1동,126244,126244-120644,33,0,1,3.0
1118053020010,독산2동,140214,140214-105414,41,0,14,34.1
1118053020010,독산2동,140214,140214-106133,41,0,16,39.0
1118053020010,독산2동,140214,140214-32009,41,0,20,48.8
1118053020001,독산2동,30520,30520-30518,59,0,12,20.3
1118053020002,독산2동,100526,100526-141123,54,0,3,5.6
1118053020002,독산2동,100526,100526-100529,54,0,5,9.3
1118054010011,독산3동,35634,35634-14808,55,0,4,7.3
1118054010011,독산3동,35634,35634-35609,55,0,3,5.5
1118054010001,독산3동,38263,38263-38205,46,3,1,2.3
1118054020004,독산3동,100095,100095-15377,68,7,4,6.6
1118054020011,독산3동,29555,29555-29557,54,0,14,25.9
1118054020011,독산3동,29555,29555-29518,54,0,16,29.6
1118054020301,독산3동,101172,101172-24790,50,9,1,2.4
1118054020402,독산3동,101175,101175-17019,49,0,9,18.4
1118054030005,독산3동,108137,108137-108136,43,0,18,41.9
1118055010010,독산4동,29608,29608-29614,66,0,14,21.2
1118055020014,독산4동,130327,130327-108565,47,8,11,28.2
1118055020006,독산4동,30221,30221-30219,54,0,12,22.2
1118055020006,독산4동,30221,30221-108501,54,0,14,25.9
1118055020401,독산4동,108503,108503-108425,42,0,13,31.0
1118057010021,시흥1동,32000,32000-31997,46,12,3,8.8
1118057010012,시흥1동,32058,32058-124724,47,21,1,3.8
1118057010009,시흥1동,133886,133886-133973,53,0,5,9.4
1118057010009,시흥1동,133886,133886-133887,53,0,5,9.4
1118057010009,시흥1동,133886,133886-32344,53,0,5,9.4
1118057010401,시흥1동,32634,32634-32635,71,9,7,11.3
1118057040505,시흥1동,101099,101099-134045,49,0,1,2.0
1118057040505,시흥1동,101099,101099-134016,49,0,1,2.0
1118059020021,시흥3동,64908,64908-65073,18,0,4,22.2
1118059020021,시흥3동,64908,64908-133771,18,0,6,33.3
1118059020021,시흥3동,64908,64908-65855,18,0,4,22.2
1118059020009,시흥3동,62434,62434-62433,16,0,4,25.0
1118060010011,시흥4동,39607,39607-130061,68,0,13,19.1
1118060010012,시흥4동,38765,38765-38767,40,0,13,32.5
1118060020012,시흥4동,39839,39839-39840,79,0,19,24.1
1118060020015,시흥4동,39858,39858-39865,66,0,14,21.2
1118061010005,시흥5동,109460,109460-109463,67,1,8,12.1
1118061010005,시흥5동,109460,109460-109459,67,1,8,12.1
1118061010013,시흥5동,51617,51617-51607,78,11,2,3.0
1118061010012,시흥5동,51618,51618-51615,80,10,2,2.9
1118061020007,시흥5동,54630,54630-54585,67,0,7,10.4
1118061020017,시흥5동,55475,55475-55476,67,0,8,11.9
1118061020017,시흥5동,55475,55475-55030,67,0,8,11.9
1118061020013,시흥5동,55740,55740-55714,55,0,8,14.5
1117051010005,신도림동,66380,66380-66450,41,22,1,5.3
1117051010003,신도림동,65814,65814-66325,35,0,18,51.4
1117051010003,신도림동,65814,65814-99133,35,0,10,28.6
1117051010501,신도림동,104630,104630-104909,38,10,6,21.4
1117051010601,신도림동,104910,104910-19996,39,0,1,2.6
1117051020105,신도림동,130904,130904-130882,33,1,19,59.4
1117051040202,신도림동,66148,66148-66147,43,0,17,39.5
1117051040208,신도림동,161118,161118-161145,48,22,8,30.8
1117052010108,구로1동,99282,99282-51746,20,0,7,35.0
1117052010108,구로1동,99282,99282-99281,20,0,7,35.0
1117052010106,구로1동,51748,51748-49776,20,0,7,35.0
1117052010106,구로1동,51748,51748-99283,20,0,7,35.0
1117052020004,구로1동,101835,101835-184631,37,16,1,4.8
1117052020301,구로1동,49780,49780-51749,20,0,7,35.0
1117052020306,구로1동,49778,49778-51746,20,0,7,35.0
1117052020401,구로1동,185106,185106-51751,25,0,7,28.0
1117052020404,구로1동,49767,49767-49766,19,0,7,36.8
1117052020404,구로1동,49767,49767-99590,19,0,7,36.8
1117052020501,구로1동,51893,51893-51892,19,0,3,15.8
1117054010104,구로3동,145827,145827-145826,35,0,10,28.6
1117054010401,구로3동,33258,33258-144181,56,11,12,26.7
1117054010601,구로3동,33251,33251-145825,59,0,27,45.8
1117054030003,구로3동,115742,115742-169088,65,0,1,1.5
1117054030003,구로3동,115742,115742-33313,65,0,1,1.5
1117054040001,구로3동,145530,145530-145529,61,0,11,18.0
1117054040005,구로3동,31520,31520-31519,72,0,16,22.2
1117055010701,구로4동,100844,100844-100846,55,0,26,47.3
1117055010701,구로4동,100844,100844-100843,55,0,25,45.5
1117055020006,구로4동,33232,33232-33227,60,0,20,33.3
1117055020006,구로4동,33232,33232-144135,60,0,20,33.3
1117055020005,구로4동,146037,146037-65512,61,0,12,19.7
1117055020003,구로4동,100120,100120-100121,49,0,13,26.5
1117056010004,구로5동,169663,169663-169664,38,10,2,7.1
1117056010001,구로5동,163991,163991-163990,34,0,8,23.5
1117056020008,구로5동,188001,188001-188296,57,14,8,18.6
1117056020009,구로5동,101320,101320-101319,57,0,14,24.6
1117056020001,구로5동,100350,100350-188643,56,25,1,3.2
1117056020401,구로5동,188643,188643-100350,52,20,3,9.4
1117056020601,구로5동,188024,188024-188027,44,0,12,27.3
1117056020801,구로5동,137762,137762-137761,46,12,1,2.9
1117056030009,구로5동,189214,189214-100880,74,0,10,13.5
1117056030004,구로5동,100883,100883-188703,58,0,24,41.4
1117056031801,구로5동,100877,100877-100878,64,0,15,23.4
1117056031801,구로5동,100877,100877-188683,64,0,12,18.8
1117061010004,고척1동,179115,179115-179116,48,1,13,27.7
1117061010004,고척1동,179115,179115-179114,48,1,13,27.7
1117061010010,고척1동,179331,179331-98985,42,0,14,33.3
1117061010010,고척1동,179331,179331-179338,42,0,14,33.3
1117061020005,고척1동,48549,48549-48514,54,0,1,1.9
1117062010005,고척2동,98115,98115-98127,75,10,3,4.6
1117062020019,고척2동,101634,101634-162377,71,19,1,1.9
1117064010005,개봉2동,167763,167763-167758,43,0,7,16.3
1117064010005,개봉2동,167763,167763-167766,43,0,1,2.3
1117064010019,개봉2동,167547,167547-167546,34,9,1,4.0
1117064010011,개봉2동,58185,58185-58184,53,12,3,7.3
1117064010015,개봉2동,168326,168326-168325,41,8,1,3.0
1117064010026,개봉2동,168294,168294-167778,54,11,1,2.3
1117064020209,개봉2동,174759,174759-174763,42,0,2,4.8
1117064020301,개봉2동,174826,174826-174825,22,0,2,9.1
1117065020006,개봉3동,147597,147597-113053,35,0,1,2.9
1117065020018,개봉3동,149985,149985-149551,35,0,1,2.9
1117065020019,개봉3동,149496,149496-113042,41,5,3,8.3
1117065020022,개봉3동,168331,168331-147598,42,5,5,13.5
1117065020021,개봉3동,147596,147596-169232,41,6,1,2.9
1117067010003,오류1동,112134,112134-112135,50,0,12,24.0
1117067010003,오류1동,112134,112134-141227,50,0,12,24.0
1117067030501,오류1동,97416,97416-97414,50,0,12,24.0
1117067030801,오류1동,141458,141458-101672,49,0,12,24.5
1117068020004,오류2동,101660,101660-141469,51,10,1,2.4
1117068020004,오류2동,101660,101660-102197,51,10,12,29.3
1117068020001,오류2동,144436,144436-144435,17,0,9,52.9
1117068020302,오류2동,97305,97305-84127,46,0,10,21.7
1117068020302,오류2동,97305,97305-97304,46,0,1,2.2
1117068021201,오류2동,146297,146297-146294,12,0,3,25.0
1117068030009,오류2동,158027,158027-80435,33,0,1,3.0
1117068030008,오류2동,113642,113642-101831,26,0,1,3.8
1117068030013,오류2동,80442,80442-80443,33,0,2,6.1
1117068031603,오류2동,146262,146262-101615,18,0,8,44.4
1117068031903,오류2동,80557,80557-80554,24,0,8,33.3
1117068031903,오류2동,80557,80557-80482,24,0,8,33.3
1117068032103,오류2동,101742,101742-81821,45,1,1,2.3
1117068032103,오류2동,101742,101742-101743,45,1,1,2.3
1117069010005,수궁동,96951,96951-96950,25,0,2,8.0
1117069010004,수궁동,153422,153422-153421,32,2,1,3.3
1117069020003,수궁동,160716,160716-160717,38,0,1,2.6
1117070010012,가리봉동,104577,104577-101363,39,0,2,5.1
1117070010020,가리봉동,31576,31576-143792,85,0,25,29.4
1117071020003,구로2동,99554,99554-99549,36,2,8,23.5
1117071020003,구로2동,99554,99554-99548,36,2,8,23.5
1117071020001,구로2동,101367,101367-101365,28,0,1,3.6
1117071020001,구로2동,101367,101367-51900,28,0,2,7.1
1117071050004,구로2동,191633,191633-191632,45,0,1,2.2
1117071050003,구로2동,14741,14741-14742,56,0,12,21.4
1117071050003,구로2동,14741,14741-14740,56,0,11,19.6
1117071060007,구로2동,36048,36048-36045,67,15,10,19.2
1117071060007,구로2동,36048,36048-36046,67,15,9,17.3
1117071060005,구로2동,65106,65106-100375,62,0,10,16.1
1117071060002,구로2동,100066,100066-100065,48,0,13,27.1
1117071070005,구로2동,99563,99563-99564,39,0,1,2.6
1117071080002,구로2동,74235,74235-101347,36,0,1,2.8
1117072010002,개봉1동,162351,162351-162348,68,0,18,26.5
1117072010002,개봉1동,162351,162351-162352,68,0,15,22.1
1117072010007,개봉1동,97524,97524-101598,68,17,1,2.0
1117072030005,개봉1동,97956,97956-97955,62,0,1,1.6
1117072050005,개봉1동,97902,97902-163207,71,16,1,1.8
1117072050004,개봉1동,168386,168386-168387,64,0,2,3.1
1117072050004,개봉1동,168386,168386-168381,64,0,3,4.7
1117072050004,개봉1동,168386,168386-172750,64,0,3,4.7
1117072050003,개봉1동,172752,172752-172751,68,0,1,1.5
1117072050003,개봉1동,172752,172752-172754,68,0,3,4.4
1117072050008,개봉1동,48484,48484-48489,78,3,3,4.0
1117072050008,개봉1동,48484,48484-47831,78,3,4,5.3
1117072050102,개봉1동,167551,167551-97960,64,0,1,1.6
1117072050105,개봉1동,167396,167396-97937,56,0,1,1.8
1117072050104,개봉1동,167395,167395-97960,66,0,1,1.5
1117072060201,개봉1동,98762,98762-66250,43,0,1,2.3
1117072060201,개봉1동,98762,98762-98763,43,0,1,2.3
1117051020301,신도림동,130881,130881-130904,33,0,1,3.0
1116051010004,염창동,164538,164538-164534,20,0,8,40.0
1116051010303,염창동,214928,214928-165652,23,0,1,4.3
1116051012101,염창동,165676,165676-165667,25,5,5,25.0
1116051020004,염창동,165196,165196-107106,37,1,4,11.1
1116051020302,염창동,107131,107131-164741,42,1,9,22.0
1116051020302,염창동,107131,107131-107130,42,1,8,19.5
1116051021401,염창동,146165,146165-146166,37,0,13,35.1
1116051021802,염창동,165176,165176-165178,44,0,10,22.7
1116051021801,염창동,119661,119661-35637,46,5,6,14.6
1116052010002,등촌1동,52779,52779-42343,74,11,2,3.2
1116052010002,등촌1동,52779,52779-52778,74,11,1,1.6
1116052020007,등촌1동,93955,93955-93954,46,11,1,2.9
1116052030002,등촌1동,107267,107267-107268,39,10,4,13.8
1116053010007,등촌2동,42474,42474-42473,33,0,4,12.1
1116053010006,등촌2동,148378,148378-148377,24,0,1,4.2
1116053010006,등촌2동,148378,148378-148379,24,0,1,4.2
1116053010006,등촌2동,148378,148378-148362,24,0,2,8.3
1116053010009,등촌2동,148356,148356-148363,31,2,1,3.4
1116053010003,등촌2동,42475,42475-42476,33,0,5,15.2
1116053010004,등촌2동,107767,107767-34801,33,0,1,3.0
1116053020008,등촌2동,42487,42487-42488,9,0,1,11.1
1116053020015,등촌2동,145256,145256-145260,58,4,25,46.3
1116053020003,등촌2동,107770,107770-107768,24,0,1,4.2
1116053020403,등촌2동,145226,145226-145219,26,0,1,3.8
1116054010304,등촌3동,215157,215157-215156,45,0,3,6.7
1116054020003,등촌3동,178337,178337-178341,66,0,5,7.6
1116054020402,등촌3동,52744,52744-52949,62,0,23,37.1
1116054020402,등촌3동,52744,52744-52743,62,0,1,1.6
1116054020402,등촌3동,52744,52744-52745,62,0,23,37.1
1116054030404,등촌3동,178341,178341-34821,67,5,3,4.8
1116054030404,등촌3동,178341,178341-178336,67,5,7,11.3
1116054030402,등촌3동,180301,180301-180285,64,7,2,3.5
1116054030401,등촌3동,180300,180300-180284,66,0,2,3.0
1116054030501,등촌3동,180286,180286-180301,61,0,7,11.5
1116054040002,등촌3동,109509,109509-109496,57,0,10,17.5
1116054040104,등촌3동,108240,108240-108239,58,1,1,1.8
1116055030013,화곡본동,26655,26655-26656,63,26,2,5.4
1116055030013,화곡본동,26655,26655-26059,63,26,15,40.5
1116055030028,화곡본동,94211,94211-108483,65,53,2,16.7
1116055030033,화곡본동,147964,147964-147960,63,49,2,14.3
1116055030039,화곡본동,26684,26684-26682,57,0,19,33.3
1116055030039,화곡본동,26684,26684-26683,57,0,19,33.3
1116055030039,화곡본동,26684,26684-26695,57,0,10,17.5
1116057010007,화곡2동,60362,60362-60349,77,0,39,50.6
1116057010007,화곡2동,60362,60362-60348,77,0,40,51.9
1116057010007,화곡2동,60362,60362-60341,77,0,41,53.2
1116057010010,화곡2동,35972,35972-35741,85,0,37,43.5
1116057010010,화곡2동,35972,35972-53261,85,0,40,47.1
1116057010014,화곡2동,102678,102678-53258,87,0,43,49.4
1116057020004,화곡2동,60417,60417-60410,66,1,1,1.5
1116057020002,화곡2동,60388,60388-60377,71,0,1,1.4
1116057020002,화곡2동,60388,60388-60379,71,0,3,4.2
1116057020002,화곡2동,60388,60388-60405,71,0,1,1.4
1116057020008,화곡2동,76888,76888-34813,70,0,1,1.4
1116057020006,화곡2동,60396,60396-60384,65,0,3,4.6
1116057020007,화곡2동,76876,76876-76882,83,1,3,3.7
1116058010021,화곡3동,189157,189157-24768,46,2,1,2.3
1116058010020,화곡3동,188801,188801-188941,33,0,6,18.2
1116058010020,화곡3동,188801,188801-188800,33,0,6,18.2
1116058010023,화곡3동,189135,189135-189134,51,0,4,7.8
1116058010023,화곡3동,189135,189135-189138,51,0,1,2.0
1116058010025,화곡3동,109165,109165-109164,36,0,6,16.7
1116058010015,화곡3동,109119,109119-109120,45,0,6,13.3
1116058010011,화곡3동,109173,109173-109172,40,0,8,20.0
1116058010012,화곡3동,188781,188781-188780,44,7,1,2.7
1116058010012,화곡3동,188781,188781-188792,44,7,1,2.7
1116058010301,화곡3동,109157,109157-109156,31,6,2,8.0
1116058010509,화곡3동,175207,175207-175201,35,0,2,5.7
1116059010007,화곡4동,42508,42508-42503,70,47,1,4.3
1116059010030,화곡4동,60302,60302-57356,72,0,47,65.3
1116059010030,화곡4동,60302,60302-60297,72,0,39,54.2
1116059010030,화곡4동,60302,60302-60301,72,0,39,54.2
1116059010033,화곡4동,60297,60297-57344,70,39,8,25.8
1116059010013,화곡4동,60350,60350-60349,71,37,2,5.9
1116059010017,화곡4동,145313,145313-105080,59,0,2,3.4
1116059010017,화곡4동,145313,145313-145310,59,0,3,5.1
1116059010016,화곡4동,145319,145319-145316,66,0,2,3.0
1116059010016,화곡4동,145319,145319-145377,66,0,27,40.9
1116059010016,화곡4동,145319,145319-145318,66,0,23,34.8
1116059010023,화곡4동,145311,145311-104484,60,0,1,1.7
1116059010023,화곡4동,145311,145311-145310,60,0,2,3.3
1116059010026,화곡4동,107785,107785-57311,55,0,51,92.7
1116059010009,화곡4동,145375,145375-145376,69,0,23,33.3
1116059020007,화곡4동,145408,145408-60380,66,0,3,4.5
1116059020007,화곡4동,145408,145408-145406,66,0,3,4.5
1116061010005,화곡6동,180318,180318-180317,37,0,16,43.2
1116061010007,화곡6동,180441,180441-180447,49,28,1,4.8
1116061010107,화곡6동,108232,108232-180309,72,0,18,25.0
1116061010106,화곡6동,180308,180308-180309,38,0,10,26.3
1116063010003,화곡8동,182607,182607-182609,73,48,10,40.0
1116063010012,화곡8동,183268,183268-183269,75,26,7,14.3
1116063010044,화곡8동,35981,35981-35980,84,0,41,48.8
1116063010044,화곡8동,35981,35981-53258,84,0,48,57.1
1116063010023,화곡8동,182971,182971-182961,55,22,3,9.1
1116063010031,화곡8동,35709,35709-53257,89,0,50,56.2
1116063010031,화곡8동,35709,35709-35710,89,0,53,59.6
1116063010032,화곡8동,135954,135954-147142,93,0,50,53.8
1116063010032,화곡8동,135954,135954-56542,93,0,46,49.5
1116063010035,화곡8동,56399,56399-108489,69,56,3,23.1
1116063010037,화곡8동,107992,107992-35641,96,0,57,59.4
1116063010037,화곡8동,107992,107992-182906,96,0,58,60.4
1116064010001,가양1동,65086,65086-65089,30,0,4,13.3
1116064010101,가양1동,86840,86840-86547,42,0,1,2.4
1116064010101,가양1동,86840,86840-86529,42,0,2,4.8
1116064020204,가양1동,108148,108148-108147,33,1,1,3.1
1116064020304,가양1동,184659,184659-184658,32,0,4,12.5
1116064020305,가양1동,108154,108154-108155,23,0,1,4.3
1116064020305,가양1동,108154,108154-183292,23,0,2,8.7
1116064030302,가양1동,52633,52633-178318,53,0,1,1.9
1116064030501,가양1동,184667,184667-184668,32,0,4,12.5
1116065010203,가양2동,52717,52717-215129,33,0,12,36.4
1116065010301,가양2동,21430,21430-21431,44,0,15,34.1
1116065020103,가양2동,52713,52713-52707,54,0,21,38.9
1116065030002,가양2동,107597,107597-213451,64,0,29,45.3
1116065030002,가양2동,107597,107597-42482,64,0,9,14.1
1116065030206,가양2동,42482,42482-21446,49,15,9,26.5
1116066010104,가양3동,42264,42264-42263,28,0,6,21.4
1116066020102,가양3동,19104,19104-148784,29,0,5,17.2
1116066020102,가양3동,19104,19104-164531,29,0,8,27.6
1116066020501,가양3동,21446,21446-42482,47,21,3,11.5
1116066020501,가양3동,21446,21446-134958,47,21,7,26.9
1116067010018,발산1동,109269,109269-188175,37,4,3,9.1
1116067010001,발산1동,188562,188562-188560,48,0,6,12.5
1116067010003,발산1동,188757,188757-12528,25,0,6,24.0
1116067010016,발산1동,188528,188528-188529,32,5,6,22.2
1116067014506,발산1동,118672,118672-118673,40,0,2,5.0
1116067014506,발산1동,118672,118672-148614,40,0,1,2.5
1116067020101,발산1동,148790,148790-118742,36,1,1,2.9
1116067020202,발산1동,118712,118712-118711,22,0,1,4.5
1116067020302,발산1동,214906,214906-121967,17,0,1,5.9
1116069030010,공항동,118883,118883-118885,30,0,1,3.3
1116069030007,공항동,74141,74141-74169,29,0,4,13.8
1116069030007,공항동,74141,74141-116716,29,0,4,13.8
1116069030008,공항동,116784,116784-162473,30,0,4,13.3
1116070020001,방화1동,17108,17108-155188,52,1,2,3.9
1116070020302,방화1동,85090,85090-68653,50,0,1,2.0
1116070020301,방화1동,85091,85091-85052,53,0,1,1.9
1116070020401,방화1동,68308,68308-119135,49,2,1,2.1
1116070030004,방화1동,86803,86803-86802,57,0,1,1.8
1116070040301,방화1동,85055,85055-85054,60,0,5,8.3
1116070040701,방화1동,85510,85510-85509,60,0,5,8.3
1116070040701,방화1동,85510,85510-85610,60,0,5,8.3
1116070040701,방화1동,85510,85510-85512,60,0,3,5.0
1116070050204,방화1동,215333,215333-31782,45,0,1,2.2
1116071020006,방화2동,111890,111890-111877,49,6,1,2.3
1116071020002,방화2동,72688,72688-72504,53,0,2,3.8
1116071020013,방화2동,72296,72296-72292,53,0,2,3.8
1116071020010,방화2동,72333,72333-72551,48,3,2,4.4
1116071040014,방화2동,113448,113448-113449,35,0,1,2.9
1116071040014,방화2동,113448,113448-113463,35,0,1,2.9
1116071040001,방화2동,154118,154118-154117,45,0,2,4.4
1116072010801,방화3동,110654,110654-110669,33,0,1,3.0
1116072020202,방화3동,159710,159710-85088,52,0,1,1.9
1116072020202,방화3동,159710,159710-86525,52,0,2,3.8
1116072020201,방화3동,159736,159736-159737,36,0,2,5.6
1116073010009,화곡1동,175030,175030-175040,44,0,6,13.6
1116073010006,화곡1동,156009,156009-155899,40,0,7,17.5
1116073020019,화곡1동,49618,49618-49646,40,14,1,3.8
1116073020007,화곡1동,160544,160544-160539,38,12,1,3.8
1116073020014,화곡1동,156421,156421-156434,38,7,3,9.7
1116073020013,화곡1동,160554,160554-34835,40,5,10,28.6
1116073030008,화곡1동,174684,174684-174688,31,0,1,3.2
1116073030008,화곡1동,174684,174684-174687,31,0,1,3.2
1116073030026,화곡1동,174693,174693-174692,30,0,5,16.7
1116073030025,화곡1동,49676,49676-49664,43,8,3,8.6
1116073030031,화곡1동,161655,161655-161656,36,0,5,13.9
1116073030031,화곡1동,161655,161655-162273,36,0,12,33.3
1116073030034,화곡1동,156474,156474-160555,42,12,4,13.3
1116073030005,화곡1동,21896,21896-21893,36,0,1,2.8
1116073030005,화곡1동,21896,21896-161810,36,0,10,27.8
1116073030004,화곡1동,23057,23057-21913,30,0,8,26.7
1116073030004,화곡1동,23057,23057-21912,30,0,1,3.3
1116074010005,우장산동,148127,148127-148128,51,6,1,2.2
1116074020004,우장산동,112627,112627-112626,36,0,6,16.7
1116074040002,우장산동,25602,25602-25596,60,19,8,19.5
1116074040115,우장산동,124361,124361-124356,41,0,1,2.4
1116074040115,우장산동,124361,124361-124358,41,0,4,9.8
1116067011402,발산1동,118684,118684-118681,38,0,2,5.3
1116069030018,공항동,213825,213825-162525,12,0,1,8.3
1116070020201,방화1동,85089,85089-85052,53,0,1,1.9
1115051010009,목1동,167795,167795-167796,44,1,1,2.3
1115051010702,목1동,182697,182697-106377,28,0,9,32.1
1115051011101,목1동,106326,106326-106325,36,0,1,2.8
1115051020203,목1동,53056,53056-105778,50,11,2,5.1
1115051020402,목1동,105170,105170-105169,42,1,1,2.4
1115051020403,목1동,105169,105169-105170,45,1,1,2.3
1115051021201,목1동,183368,183368-183369,39,1,5,13.2
1115052010001,목2동,161757,161757-161759,33,0,13,39.4
1115052010010,목2동,11754,11754-11753,33,6,1,3.7
1115052020034,목2동,22985,22985-22984,32,0,5,15.6
1115052020022,목2동,106961,106961-25105,30,0,1,3.3
1115052020018,목2동,105453,105453-105449,34,0,6,17.6
1115052020018,목2동,105453,105453-105540,34,0,12,35.3
1115053010101,목3동,104439,104439-145152,28,4,1,4.2
1115053020004,목3동,104830,104830-104821,27,0,7,25.9
1115053020005,목3동,152249,152249-161101,29,6,1,4.3
1115053020008,목3동,104442,104442-104445,28,8,3,15.0
1115053020011,목3동,104456,104456-104457,26,0,8,30.8
1115053020009,목3동,104463,104463-104854,30,0,9,30.0
1115053030010,목3동,161736,161736-161733,32,0,14,43.8
1115053030006,목3동,161687,161687-161725,33,14,1,5.3
1115053030003,목3동,161711,161711-161695,30,13,4,23.5
1115053030002,목3동,161762,161762-161731,33,8,8,32.0
1115054010008,목4동,105079,105079-56596,34,14,1,5.0
1115054020014,목4동,104979,104979-67136,39,12,2,7.4
1115054020006,목4동,161713,161713-162194,34,0,15,44.1
1115054020006,목4동,161713,161713-56600,34,0,9,26.5
1115054020004,목4동,104988,104988-104985,41,0,13,31.7
1115054020004,목4동,104988,104988-104979,41,0,11,26.8
1115054030002,목4동,158850,158850-158849,26,0,1,3.8
1115054030301,목4동,105156,105156-105153,29,0,1,3.4
1115057010012,신월1동,102017,102017-154493,39,0,10,25.6
1115057010007,신월1동,156810,156810-156822,31,4,8,29.6
1115057010011,신월1동,102252,102252-102251,45,0,11,24.4
1115057020001,신월1동,156865,156865-102432,27,7,3,15.0
1115057020004,신월1동,144918,144918-143889,37,0,3,8.1
1115057030007,신월1동,102401,102401-102402,25,0,4,16.0
1115057030007,신월1동,102401,102401-102406,25,0,9,36.0
1115057030007,신월1동,102401,102401-102399,25,0,8,32.0
1115057030005,신월1동,102379,102379-102382,26,0,9,34.6
1115057030004,신월1동,20365,20365-20357,28,0,4,14.3
1115058010002,신월2동,103502,103502-51838,24,0,2,8.3
1115058010007,신월2동,42846,42846-42847,35,0,5,14.3
1115058010018,신월2동,42585,42585-42764,31,0,5,16.1
1115058010018,신월2동,42585,42585-42762,31,0,5,16.1
1115058010018,신월2동,42585,42585-103263,31,0,6,19.4
1115058010015,신월2동,51846,51846-51847,29,0,4,13.8
1115058010901,신월2동,51837,51837-51839,29,0,4,13.8
1115058020002,신월2동,103707,103707-103708,39,0,1,2.6
1115058020401,신월2동,56998,56998-56999,27,0,4,14.8
1115058020501,신월2동,103522,103522-57030,34,0,1,2.9
1115058020501,신월2동,103522,103522-56995,34,0,4,11.8
1115058030201,신월2동,57136,57136-57135,34,0,4,11.8
1115059010101,신월3동,101971,101971-141294,21,0,1,4.8
1115059020005,신월3동,142431,142431-141588,30,0,2,6.7
1115059020002,신월3동,141586,141586-141587,29,0,1,3.4
1115060010001,신월4동,20423,20423-102844,32,3,2,6.9
1115060020002,신월4동,102846,102846-102880,40,2,4,10.5
1115060030002,신월4동,42932,42932-42937,39,0,4,10.3
1115060030002,신월4동,42932,42932-42933,39,0,4,10.3
1115060040001,신월4동,21275,21275-21247,54,0,5,9.3
1115060040007,신월4동,42980,42980-46290,41,4,4,10.8
1115060040301,신월4동,21251,21251-21223,44,0,5,11.4
1115060040301,신월4동,21251,21251-21203,44,0,5,11.4
1115061010005,신월5동,141655,141655-142423,25,0,2,8.0
1115061010005,신월5동,141655,141655-142417,25,0,2,8.0
1115061010004,신월5동,141288,141288-141297,28,1,2,7.4
1115061020012,신월5동,142434,142434-142435,30,0,2,6.7
1115061020012,신월5동,142434,142434-142910,30,0,2,6.7
1115062010005,신월6동,103351,103351-22203,56,1,1,1.8
1115062010005,신월6동,103351,103351-22168,56,1,8,14.5
1115062010005,신월6동,103351,103351-22204,56,1,1,1.8
1115062010004,신월6동,103350,103350-22200,44,6,1,2.6
1115062020002,신월6동,21260,21260-21262,58,1,5,8.8
1115062020002,신월6동,21260,21260-21259,58,1,7,12.3
1115062020003,신월6동,21258,21258-165031,55,7,6,12.5
1115062020001,신월6동,21253,21253-21254,56,0,7,12.5
1115062020001,신월6동,21253,21253-165032,56,0,5,8.9
1115062020001,신월6동,21253,21253-165031,56,0,7,12.5
1115062020004,신월6동,21270,21270-21271,61,14,1,2.1
1115063010004,신월7동,145750,145750-147513,13,1,1,8.3
1115063020009,신월7동,21261,21261-165030,59,1,7,12.1
1115063020303,신월7동,147526,147526-147525,15,5,1,10.0
1115063020301,신월7동,147518,147518-147519,14,0,4,28.6
1115064010003,신정1동,58443,58443-58448,47,0,1,2.1
1115064010005,신정1동,104248,104248-63636,41,1,1,2.5
1115064010007,신정1동,63651,63651-104207,50,0,1,2.0
1115064010001,신정1동,104345,104345-111665,52,0,6,11.5
1115064010001,신정1동,104345,104345-111661,52,0,5,9.6
1115064010001,신정1동,104345,104345-111613,52,0,6,11.5
1115064010101,신정1동,169858,169858-140004,55,0,1,1.8
1115064010107,신정1동,104417,104417-139973,55,6,1,2.0
1115065010001,신정2동,182729,182729-183300,42,0,6,14.3
1115065010001,신정2동,182729,182729-182728,42,0,6,14.3
1115065020004,신정2동,28078,28078-28281,40,8,1,3.1
1115065020205,신정2동,106644,106644-106645,25,1,1,4.2
1115065020208,신정2동,106645,106645-30752,30,1,6,20.7
1115065020208,신정2동,106645,106645-106644,30,1,1,3.4
1115065030502,신정2동,28990,28990-28989,37,0,8,21.6
1115066010005,신정3동,57114,57114-57059,33,0,4,12.1
1115066010004,신정3동,103547,103547-103549,35,0,4,11.4
1115066021203,신정3동,46715,46715-46713,34,0,5,14.7
1115066040101,신정3동,154448,154448-102739,24,0,1,4.2
1115066040501,신정3동,166294,166294-166293,42,0,16,38.1
1115066040601,신정3동,166285,166285-166286,47,0,16,34.0
1115069030116,신정6동,113189,113189-113191,38,0,1,2.6
1115069030118,신정6동,139592,139592-183704,40,0,1,2.5
1115070010101,신정7동,144007,144007-104688,49,0,1,2.0
1115070010304,신정7동,147109,147109-147107,33,0,1,3.0
1115070010312,신정7동,147094,147094-147099,46,4,1,2.4
1115070010308,신정7동,104729,104729-147097,49,0,4,8.2
1115070020502,신정7동,98984,98984-98983,52,13,2,5.1
1115071010104,목5동,177413,177413-25703,33,0,1,3.0
1115071010104,목5동,177413,177413-177406,33,0,1,3.0
1115071020210,목5동,26880,26880-106832,23,0,1,4.3
1115071020210,목5동,26880,26880-26870,23,0,1,4.3
1115071030108,목5동,177531,177531-177532,38,1,10,27.0
1115071030209,목5동,106276,106276-178398,25,0,1,4.0
1115071030209,목5동,106276,106276-178393,25,0,1,4.0
1115072010002,신정4동,60647,60647-104071,51,0,1,2.0
1115072010201,신정4동,103653,103653-103655,50,0,2,4.0
1115072030017,신정4동,107039,107039-107040,44,3,2,4.9
1115072030015,신정4동,104097,104097-104081,56,0,2,3.6
1115072030015,신정4동,104097,104097-104077,56,0,1,1.8
1115072030015,신정4동,104097,104097-104058,56,0,2,3.6
1115072030011,신정4동,57628,57628-57578,42,0,1,2.4
1115072030011,신정4동,57628,57628-57555,42,0,1,2.4
1115072030010,신정4동,57622,57622-57292,44,1,1,2.3
1115072030010,신정4동,57622,57622-57294,44,1,1,2.3
1115072030042,신정4동,103730,103730-103731,45,2,1,2.3
1115072030040,신정4동,58035,58035-57639,40,1,1,2.6
1115072030051,신정4동,61492,61492-61490,51,0,3,5.9
1115072030029,신정4동,111566,111566-111571,47,0,1,2.1
1115072030029,신정4동,111566,111566-111564,47,0,3,6.4
1115072033601,신정4동,61444,61444-61443,49,0,2,4.1
1114059010001,용강동,214611,214611-77553,56,0,24,42.9
1114059030203,용강동,136442,136442-105485,63,29,3,8.8
1114059030202,용강동,106154,106154-106145,47,0,27,57.4
1114059030303,용강동,105485,105485-136442,48,16,12,37.5
1114059030302,용강동,77626,77626-77624,55,0,27,49.1
1114059030302,용강동,77626,77626-136903,55,0,12,21.8
1114059030301,용강동,77627,77627-136903,50,0,16,32.0
1114059030301,용강동,77627,77627-136443,50,0,17,34.0
1114059030501,용강동,105930,105930-212952,61,1,1,1.7
1114059040004,용강동,105494,105494-136444,48,16,1,3.1
1114060030001,대흥동,27073,27073-27095,90,0,1,1.1
1114060030001,대흥동,27073,27073-27074,90,0,1,1.1
1114061010004,염리동,105618,105618-105616,47,0,1,2.1
1114061010004,염리동,105618,105618-105632,47,0,1,2.1
1114061020005,염리동,105057,105057-105056,48,0,1,2.1
1114061020004,염리동,214914,214914-105093,50,1,1,2.0
1114061030202,염리동,211851,211851-105315,69,0,18,26.1
1114063010009,신수동,27252,27252-27254,76,0,2,2.6
1114063030202,신수동,27212,27212-27213,54,0,5,9.3
1114063040001,신수동,41214,41214-41219,54,1,6,11.3
1114063040403,신수동,27053,27053-27189,53,0,6,11.3
1114066030006,서교동,182334,182334-182335,65,0,26,40.0
1114066030002,서교동,182375,182375-182356,77,0,33,42.9
1114066030002,서교동,182375,182375-182357,77,0,37,48.1
1114066040008,서교동,24592,24592-24589,80,19,2,3.3
1114066090202,서교동,182154,182154-182155,68,1,1,1.5
1114068010009,합정동,24456,24456-24461,67,0,11,16.4
1114068030001,합정동,182072,182072-182079,65,13,4,7.7
1114069010019,망원1동,173164,173164-173160,72,0,19,26.4
1114069010003,망원1동,173019,173019-173023,67,0,8,11.9
1114069010003,망원1동,173019,173019-173018,67,0,8,11.9
1114069010002,망원1동,173044,173044-172994,72,15,1,1.8
1114069010005,망원1동,172983,172983-172984,73,0,13,17.8
1114069010015,망원1동,173001,173001-173000,70,0,20,28.6
1114069010014,망원1동,75101,75101-75080,54,0,14,25.9
1114069010014,망원1동,75101,75101-75100,54,0,14,25.9
1114069010014,망원1동,75101,75101-75102,54,0,12,22.2
1114069010006,망원1동,173188,173188-173150,88,0,1,1.1
1114070010016,망원2동,66884,66884-66889,60,24,1,2.8
1114070020004,망원2동,141110,141110-141109,2,0,2,100.0
1114070020001,망원2동,57159,57159-57156,49,0,1,2.0
1114070020001,망원2동,57159,57159-57160,49,0,1,2.0
1114070020001,망원2동,57159,57159-57161,49,0,1,2.0
1114071020003,연남동,181986,181986-181984,53,0,25,47.2
1114072010002,성산1동,182497,182497-182498,63,15,1,2.1
1114072020021,성산1동,34561,34561-34562,60,16,1,2.3
1114072020012,성산1동,24638,24638-24648,82,0,9,11.0
1114072030001,성산1동,182275,182275-182419,81,43,1,2.6
1114072030004,성산1동,182281,182281-182282,82,1,23,28.4
1114073010008,성산2동,34619,34619-34618,50,0,3,6.0
1114073010010,성산2동,60025,60025-60026,38,0,3,7.9
1114073010010,성산2동,60025,60025-60017,38,0,6,15.8
1114073010303,성산2동,139644,139644-139645,31,0,6,19.4
1114073010304,성산2동,60040,60040-139645,31,0,6,19.4
1114073011401,성산2동,76236,76236-76178,42,0,2,4.8
1114073011403,성산2동,60018,60018-60031,36,0,3,8.3
1114073011404,성산2동,76164,76164-60015,42,0,1,2.4
1114073030013,성산2동,139146,139146-139165,55,0,1,1.8
1114074010301,상암동,158786,158786-158766,11,0,1,9.1
1114074030001,상암동,163584,163584-163583,41,0,1,2.4
1114074030503,상암동,140686,140686-140685,44,0,17,38.6
1114074030503,상암동,140686,140686-149455,44,0,2,4.5
1114074040101,상암동,163623,163623-163611,25,0,10,40.0
1114074040102,상암동,163625,163625-163618,30,0,1,3.3
1114075010005,도화동,112372,112372-112386,71,0,33,46.5
1114075010007,도화동,13869,13869-29585,80,27,15,28.3
1114076020004,서강동,27703,27703-40797,83,0,9,10.8
1114076020006,서강동,181014,181014-181015,75,1,33,44.6
1114076020006,서강동,181014,181014-27418,75,1,22,29.7
1114076020703,서강동,27475,27475-27402,84,0,1,1.2
1114076050001,서강동,180922,180922-180921,42,0,5,11.9
1114076050203,서강동,180880,180880-180879,66,1,1,1.5
1114076050201,서강동,36614,36614-180799,58,1,1,1.8
1114076050901,서강동,27550,27550-212108,64,0,1,1.6
1114076060003,서강동,181274,181274-181400,49,0,8,16.3
1114076060001,서강동,181293,181293-181292,33,0,1,3.0
1114076060006,서강동,181336,181336-181335,49,0,6,12.2
1114076060006,서강동,181336,181336-181337,49,0,5,10.2
1114077010022,공덕동,69044,69044-69033,56,21,2,5.7
1114077010022,공덕동,69044,69044-69032,56,21,4,11.4
1114077010011,공덕동,14528,14528-14529,63,0,3,4.8
1114077010011,공덕동,14528,14528-69088,63,0,10,15.9
1114077010105,공덕동,69046,69046-69045,42,0,23,54.8
1114077010601,공덕동,69037,69037-69088,58,21,4,10.8
1114077010603,공덕동,69159,69159-14549,58,0,3,5.2
1114077010603,공덕동,69159,69159-14529,58,0,3,5.2
1114077010605,공덕동,69088,69088-69037,58,11,6,12.8
1114077010604,공덕동,69032,69032-69044,53,20,2,6.1
1114077020012,공덕동,68915,68915-68913,58,20,3,7.9
1114077020012,공덕동,68915,68915-68849,58,20,3,7.9
1114077030004,공덕동,11197,11197-13666,58,25,1,3.0
1114077030301,공덕동,13769,13769-13775,61,26,11,31.4
1114078010005,아현동,69147,69147-69134,55,0,1,1.8
1114078010301,아현동,13655,13655-13656,44,19,5,20.0
1114078010408,아현동,71431,71431-71430,49,0,4,8.2
1114078010407,아현동,69128,69128-69176,56,0,2,3.6
1114078010407,아현동,69128,69128-69129,56,0,3,5.4
1114074030303,상암동,158842,158842-158841,46,0,22,47.8
1114074030303,상암동,158842,158842-158808,46,0,1,2.2
1114076010101,서강동,40791,40791-40792,86,2,9,10.7
1114076010101,서강동,40791,40791-40788,86,2,4,4.8
1113052020202,천연동,98381,98381-98379,61,0,1,1.6
1113052020605,천연동,72091,72091-72030,46,0,1,2.2
1113062010008,홍제1동,148103,148103-148101,41,0,6,14.6
1113062010018,홍제1동,84456,84456-84455,49,0,7,14.3
1113062010015,홍제1동,147072,147072-147071,28,0,6,21.4
1113062020008,홍제1동,148423,148423-148424,33,0,5,15.2
1113064010101,홍제3동,170188,170188-170198,64,0,2,3.1
1113064010101,홍제3동,170188,170188-170200,64,0,4,6.2
1113064020017,홍제3동,99052,99052-99321,49,0,4,8.2
1113064020015,홍제3동,82574,82574-84315,63,0,4,6.3
1113064020015,홍제3동,82574,82574-82575,63,0,10,15.9
1113064020203,홍제3동,99049,99049-99048,41,5,4,11.1
1113066010002,홍은1동,163592,163592-168111,41,0,8,19.5
1113066010002,홍은1동,163592,163592-166194,41,0,5,12.2
1113066020013,홍은1동,168160,168160-168155,38,0,1,2.6
1113066020010,홍은1동,167600,167600-167456,28,0,5,17.9
1113066020501,홍은1동,84259,84259-84238,59,0,6,10.2
1113066020802,홍은1동,168168,168168-168170,44,0,1,2.3
1113068010701,홍은2동,84057,84057-84069,59,2,1,1.8
1113068020018,홍은2동,56844,56844-84243,22,0,2,9.1
1113068020018,홍은2동,56844,56844-81376,22,0,2,9.1
1113068020017,홍은2동,56733,56733-56732,26,0,1,3.8
1113068020017,홍은2동,56733,56733-56735,26,0,5,19.2
1113068020013,홍은2동,84201,84201-81281,12,0,5,41.7
1113068050010,홍은2동,40863,40863-158688,68,0,15,22.1
1113068050010,홍은2동,40863,40863-80844,68,0,9,13.2
1113068050013,홍은2동,158705,158705-158704,62,0,16,25.8
1113068050009,홍은2동,156095,156095-156097,67,0,19,28.4
1113068050008,홍은2동,40918,40918-40917,67,8,1,1.7
1113069010201,남가좌1동,150285,150285-150252,48,1,1,2.1
1113069020002,남가좌1동,153681,153681-153672,52,0,3,5.8
1113069020001,남가좌1동,150291,150291-150342,51,1,3,6.0
1113069020511,남가좌1동,150346,150346-80401,48,0,1,2.1
1113069020511,남가좌1동,150346,150346-150305,48,0,1,2.1
1113069020517,남가좌1동,150286,150286-150285,50,0,1,2.0
1113069020505,남가좌1동,150345,150345-80401,48,0,1,2.1
1113069020501,남가좌1동,150252,150252-150285,47,1,1,2.2
1113070010008,남가좌2동,83944,83944-84524,72,23,2,4.1
1113070010006,남가좌2동,152664,152664-152662,69,28,2,4.9
1113070010003,남가좌2동,183868,183868-183848,68,0,19,27.9
1113070010005,남가좌2동,183852,183852-183871,56,0,17,30.4
1113070010005,남가좌2동,183852,183852-80568,56,0,18,32.1
1113070010005,남가좌2동,183852,183852-183850,56,0,25,44.6
1113070010004,남가좌2동,80568,80568-183997,57,19,5,13.2
1113070010009,남가좌2동,158610,158610-158604,71,21,1,2.0
1113070020003,남가좌2동,19599,19599-19598,66,0,11,16.7
1113070020001,남가좌2동,161019,161019-161023,71,0,20,28.2
1113070040101,남가좌2동,153636,153636-153635,36,0,3,8.3
1113070040204,남가좌2동,153626,153626-153625,35,0,3,8.6
1113070040204,남가좌2동,153626,153626-153627,35,0,3,8.6
1113070050108,남가좌2동,149870,149870-149876,68,16,1,1.9
1113071010002,북가좌1동,150072,150072-150071,34,0,14,41.2
1113071010004,북가좌1동,152616,152616-150029,48,7,3,7.3
1113071010008,북가좌1동,149529,149529-149530,46,8,1,2.6
1113071020114,북가좌1동,183986,183986-183987,55,14,1,2.4
1113071020110,북가좌1동,215528,215528-184020,43,0,12,27.9
1113072010001,북가좌2동,149693,149693-149694,68,9,8,13.6
1113072020015,북가좌2동,151553,151553-151552,56,0,14,25.0
1113072030014,북가좌2동,183833,183833-183821,63,27,2,5.6
1113072040013,북가좌2동,149910,149910-149793,61,0,17,27.9
1113072040013,북가좌2동,149910,149910-149911,61,0,19,31.1
1113072040001,북가좌2동,149677,149677-149678,49,0,17,34.7
1113072040011,북가좌2동,150018,150018-149657,60,0,17,28.3
1113073010023,충현동,77246,77246-77249,70,0,5,7.1
1113073010005,충현동,25053,25053-25054,21,0,10,47.6
1113073010001,충현동,72341,72341-72340,66,0,10,15.2
1113073010019,충현동,77205,77205-77204,71,0,1,1.4
1113073010019,충현동,77205,77205-77458,71,0,5,7.0
1113073010019,충현동,77205,77205-77206,71,0,6,8.5
1113073010011,충현동,77222,77222-77223,72,0,5,6.9
1113074010205,북아현동,25128,25128-25122,42,0,7,16.7
1113074020006,북아현동,77276,77276-77274,67,0,1,1.5
1113074020006,북아현동,77276,77276-77280,67,0,7,10.4
1113074020006,북아현동,77276,77276-77408,67,0,8,11.9
1113074020007,북아현동,72011,72011-72013,59,0,1,1.7
1113074020007,북아현동,72011,72011-72006,59,0,8,13.6
1113076010002,연희동,103070,103070-103069,16,0,3,18.8
1113076030010,연희동,41401,41401-41402,61,1,1,1.7
1113076030001,연희동,183956,183956-16435,31,0,1,3.2
1113076050015,연희동,80413,80413-80414,50,0,2,4.0
1112051020016,녹번동,111362,111362-111062,65,13,1,1.9
1112051020017,녹번동,97168,97168-96848,58,1,7,12.3
1112051020015,녹번동,111071,111071-111067,65,0,15,23.1
1112051020015,녹번동,111071,111071-111073,65,0,17,26.2
1112051020011,녹번동,96841,96841-96840,49,0,7,14.3
1112051020018,녹번동,97170,97170-96887,55,10,1,2.2
1112051020022,녹번동,96880,96880-96881,50,1,6,12.2
1112051040008,녹번동,159348,159348-159347,36,0,1,2.8
1112051040001,녹번동,159177,159177-159176,24,0,1,4.2
1112051040001,녹번동,159177,159177-159295,24,0,1,4.2
1112051040001,녹번동,159177,159177-159258,24,0,1,4.2
1112051060001,녹번동,132777,132777-132821,69,0,12,17.4
1112051060001,녹번동,132777,132777-77137,69,0,8,11.6
1112052020005,불광1동,135173,135173-135174,54,0,11,20.4
1112052020005,불광1동,135173,135173-135171,54,0,8,14.8
1112052020017,불광1동,136797,136797-136796,43,0,7,16.3
1112052020014,불광1동,107373,107373-107374,41,0,2,4.9
1112052040201,불광1동,159311,159311-159312,40,0,9,22.5
1112052050008,불광1동,161168,161168-161164,31,0,9,29.0
1112052050003,불광1동,62329,62329-62331,29,0,9,31.0
1112055010007,갈현1동,144552,144552-144551,45,0,28,62.2
1112055010017,갈현1동,146319,146319-146318,42,0,1,2.4
1112055010017,갈현1동,146319,146319-146339,42,0,22,52.4
1112055030004,갈현1동,142207,142207-142202,72,49,1,4.3
1112056010004,갈현2동,146514,146514-146513,29,0,7,24.1
1112056010004,갈현2동,146514,146514-146507,29,0,9,31.0
1112056010004,갈현2동,146514,146514-146510,29,0,20,69.0
1112056010007,갈현2동,76742,76742-76146,28,0,5,17.9
1112056010011,갈현2동,144704,144704-144703,59,0,24,40.7
1112056010020,갈현2동,144684,144684-144714,57,0,37,64.9
1112056010028,갈현2동,20754,20754-20753,56,0,24,42.9
1112056011301,갈현2동,144751,144751-146933,58,0,12,20.7
1112056011301,갈현2동,144751,144751-144750,58,0,36,62.1
1112056020007,갈현2동,144708,144708-144690,73,0,30,41.1
1112056020016,갈현2동,144790,144790-144769,79,34,15,33.3
1112056020016,갈현2동,144790,144790-144774,79,34,6,13.3
1112056020022,갈현2동,78084,78084-144924,74,22,1,1.9
1112057010006,구산동,76196,76196-76195,27,0,6,22.2
1112057010019,구산동,146794,146794-146780,69,14,5,9.1
1112057010019,구산동,146794,146794-146793,69,14,1,1.8
1112057010012,구산동,151526,151526-146806,46,0,3,6.5
1112057010014,구산동,76205,76205-76204,40,0,1,2.5
1112057010016,구산동,146845,146845-146863,67,21,2,4.3
1112057020009,구산동,146856,146856-146852,72,18,5,9.3
1112057020009,구산동,146856,146856-146857,72,18,9,16.7
1112057020004,구산동,146803,146803-146801,73,0,22,30.1
1112058010012,대조동,77694,77694-77692,73,11,1,1.6
1112058010020,대조동,132116,132116-78590,54,0,12,22.2
1112058010023,대조동,77711,77711-142799,64,12,1,1.9
1112058010023,대조동,77711,77711-132277,64,12,1,1.9
1112058010032,대조동,77710,77710-77709,62,0,12,19.4
1112058030008,대조동,110972,110972-110974,68,0,1,1.5
1112058030008,대조동,110972,110972-110971,68,0,20,29.4
1112058030008,대조동,110972,110972-110975,68,0,13,19.1
1112058030017,대조동,111149,111149-111148,53,0,13,24.5
1112058030011,대조동,78616,78616-76911,47,0,9,19.1
1112058030003,대조동,111146,111146-111107,61,0,8,13.1
1112058030002,대조동,111090,111090-111096,33,0,1,3.0
1112059030004,응암1동,111199,111199-111223,57,0,17,29.8
1112059040001,응암1동,132362,132362-132361,69,16,4,7.5
1112059060101,응암1동,97190,97190-97189,38,0,14,36.8
1112060010004,응암2동,132339,132339-132338,66,0,13,19.7
1112060010004,응암2동,132339,132339-132340,66,0,22,33.3
1112060010004,응암2동,132339,132339-132330,66,0,25,37.9
1112060010003,응암2동,154896,154896-154895,61,26,3,8.6
1112060010005,응암2동,115599,115599-112301,80,4,12,15.8
1112060020007,응암2동,111517,111517-111508,81,15,1,1.5
1112065020013,신사1동,151220,151220-151231,38,0,1,2.6
1112065020004,신사1동,151466,151466-151467,40,0,10,25.0
1112065020005,신사1동,147191,147191-147193,58,0,14,24.1
1112065020012,신사1동,66960,66960-66961,52,14,1,2.6
1112065020302,신사1동,151491,151491-151243,33,1,2,6.2
1112065030004,신사1동,147745,147745-147746,69,0,3,4.3
1112065030014,신사1동,147168,147168-147166,68,0,3,4.4
1112065030005,신사1동,75759,75759-142056,65,0,3,4.6
1112066010011,신사2동,151192,151192-151193,38,0,2,5.3
1112066010013,신사2동,151038,151038-151033,35,0,1,2.9
1112066010016,신사2동,75464,75464-75465,28,0,1,3.6
1112066030301,신사2동,147253,147253-147254,29,0,4,13.8
1112066030401,신사2동,151083,151083-151075,42,0,3,7.1
1112067010101,증산동,141849,141849-151605,43,0,12,27.9
1112067010501,증산동,148505,148505-74866,59,1,1,1.7
1112067020004,증산동,150959,150959-150958,36,0,1,2.8
1112067030005,증산동,97659,97659-142897,42,1,1,2.4
1112067030004,증산동,97660,97660-97662,35,0,1,2.9
1112068010005,수색동,153349,153349-153350,17,0,3,17.6
1112068010007,수색동,153309,153309-153245,21,0,1,4.8
1112068020005,수색동,153337,153337-153342,14,0,3,21.4
1112068020001,수색동,74655,74655-153369,22,0,1,4.5
1112071020002,진관동,96964,96964-96960,22,0,10,45.5
1112071020002,진관동,96964,96964-96966,22,0,3,13.6
1112071020002,진관동,96964,96964-96971,22,0,3,13.6
1112071020104,진관동,96928,96928-96929,23,1,9,40.9
1112071050202,진관동,78349,78349-62214,21,1,1,5.0
1112071060004,진관동,142353,142353-142339,22,0,1,4.5
1112071060104,진관동,142334,142334-142333,24,0,1,4.2
1112071060104,진관동,142334,142334-142329,24,0,1,4.2
1112072010039,불광2동,132142,132142-78080,68,14,3,5.6
1112072010040,불광2동,142201,142201-142151,66,26,4,10.0
1112072010003,불광2동,132130,132130-132135,66,0,3,4.5
1112073020003,응암3동,142042,142042-142045,84,0,14,16.7
1112073020003,응암3동,142042,142042-141950,84,0,12,14.3
1112073020001,응암3동,141700,141700-141701,80,0,10,12.5
1112073030010,응암3동,141525,141525-141524,81,10,1,1.4
1112073030003,응암3동,136858,136858-136864,69,10,3,5.1
1112073030002,응암3동,141688,141688-141689,85,1,14,16.7
1112073040001,응암3동,154685,154685-154813,78,0,1,1.3
1112073050011,응암3동,153390,153390-153383,85,20,1,1.5
1112073050013,응암3동,141523,141523-141797,92,0,15,16.3
1112073050013,응암3동,141523,141523-141522,92,0,11,12.0
1112073050004,응암3동,154594,154594-154579,65,0,18,27.7
1112073050003,응암3동,154791,154791-153407,75,19,4,7.1
1112073050007,응암3동,153385,153385-154788,74,0,20,27.0
1112073050006,응암3동,97664,97664-20763,74,0,9,12.2
1112073050015,응암3동,154688,154688-154692,86,0,13,15.1
1112073050015,응암3동,154688,154688-154689,86,0,1,1.2
1112073050014,응암3동,153404,153404-154798,70,19,5,9.8
1112073050016,응암3동,154587,154587-154586,63,0,22,34.9
1112074010004,역촌동,131625,131625-131623,62,17,3,6.7
1112074030014,역촌동,135021,135021-135020,65,0,16,24.6
1112074030010,역촌동,78996,78996-132548,71,14,4,7.0
1112074030026,역촌동,143137,143137-132291,69,0,20,29.0
1112074030025,역촌동,143439,143439-143455,71,20,1,2.0
1112074030022,역촌동,132358,132358-132373,68,16,1,1.9
1112074030033,역촌동,135123,135123-135059,66,21,1,2.2
1112074030004,역촌동,132616,132616-78183,68,15,8,15.1
1112074040015,역촌동,143473,143473-143533,68,0,5,7.4
1112074040021,역촌동,143537,143537-143536,64,0,5,7.8
1112074040023,역촌동,142952,142952-143324,69,4,1,1.5
1112074040023,역촌동,142952,142952-146653,69,4,1,1.5
1112074040013,역촌동,146619,146619-146620,68,14,3,5.6
1112074050012,역촌동,76787,76787-74973,57,10,5,10.6
1112074050012,역촌동,76787,76787-146604,57,10,4,8.5
1112074050008,역촌동,151416,151416-151415,51,14,1,2.7
1112074050602,역촌동,151512,151512-151365,47,10,1,2.7
1111051010006,월계1동,55735,55735-40389,30,2,1,3.6
1111051010008,월계1동,55836,55836-55882,45,0,2,4.4
1111051010008,월계1동,55836,55836-55838,45,0,2,4.4
1111051010002,월계1동,90928,90928-90929,74,4,1,1.4
1111051010103,월계1동,90649,90649-90908,67,0,1,1.5
1111051010501,월계1동,40397,40397-40395,31,0,1,3.2
1111051020305,월계1동,60899,60899-60898,41,1,1,2.5
1111052010901,월계2동,92239,92239-92241,30,0,10,33.3
1111052010901,월계2동,92239,92239-91795,30,0,10,33.3
1111052011105,월계2동,90867,90867-90869,46,0,11,23.9
1111052011101,월계2동,91839,91839-91840,51,0,12,23.5
1111052020003,월계2동,40373,40373-40366,23,0,1,4.3
1111053010001,월계3동,40385,40385-60603,31,0,1,3.2
1111053010001,월계3동,40385,40385-40381,31,0,1,3.2
1111053010201,월계3동,60603,60603-60604,40,1,2,5.1
1111053020001,월계3동,60599,60599-60700,44,1,1,2.3
1111053020202,월계3동,190039,190039-190021,50,0,1,2.0
1111053020202,월계3동,190039,190039-189950,50,0,1,2.0
1111053020211,월계3동,189949,189949-60739,43,0,1,2.3
1111053030208,월계3동,190007,190007-190005,44,0,1,2.3
1111053030206,월계3동,190017,190017-190005,51,0,1,2.0
1111053030206,월계3동,190017,190017-190004,51,0,1,2.0
1111053030309,월계3동,190134,190134-190116,65,0,1,1.5
1111053030320,월계3동,190051,190051-190073,36,1,1,2.9
1111053030310,월계3동,190094,190094-190073,39,0,1,2.6
1111053030315,월계3동,190073,190073-190051,36,1,1,2.9
1111056030007,공릉2동,28392,28392-28394,60,0,14,23.3
1111056030007,공릉2동,28392,28392-28393,60,0,10,16.7
1111056030005,공릉2동,28401,28401-28404,56,0,14,25.0
1111056050002,공릉2동,11842,11842-11846,52,0,12,23.1
1111056050002,공릉2동,11842,11842-11843,52,0,4,7.7
1111056050201,공릉2동,28794,28794-28795,46,4,10,23.8
1111056050401,공릉2동,28839,28839-28838,21,0,2,9.5
1111056060902,공릉2동,191862,191862-191861,38,1,5,13.5
1111056061102,공릉2동,191865,191865-191863,28,0,5,17.9
1111056061103,공릉2동,191755,191755-191754,29,0,6,20.7
1111058030003,하계1동,32015,32015-50704,48,0,8,16.7
1111058050103,하계1동,189656,189656-189655,67,4,8,12.7
1111059010102,하계2동,189725,189725-189720,26,0,1,3.8
1111059010105,하계2동,189724,189724-189723,26,0,7,26.9
1111059010104,하계2동,189644,189644-189828,66,1,3,4.6
1111059030107,하계2동,60624,60624-60623,61,0,9,14.8
1111059030107,하계2동,60624,60624-64212,61,0,11,18.0
1111059040105,하계2동,189740,189740-214921,60,3,8,14.0
1111060011005,중계본동,29018,29018-29015,28,0,3,10.7
1111060011005,중계본동,29018,29018-29016,28,0,3,10.7
1111061010102,중계1동,36827,36827-36828,36,1,3,8.6
1111061040104,중계1동,50756,50756-50758,50,0,8,16.0
1111064010201,중계4동,50396,50396-50437,35,0,11,31.4
1111064010401,중계4동,50395,50395-50394,50,0,13,26.0
1111064010401,중계4동,50395,50395-50433,50,0,13,26.0
1111064010401,중계4동,50395,50395-50390,50,0,14,28.0
1111064020301,중계4동,34170,34170-34169,41,11,2,6.7
1111064030001,중계4동,33177,33177-36796,34,2,1,3.1
1111064030201,중계4동,36797,36797-36796,35,0,1,2.9
1111064030201,중계4동,36797,36797-33893,35,0,3,8.6
1111064030201,중계4동,36797,36797-36828,35,0,3,8.6
1111064040101,중계4동,50357,50357-50352,63,20,2,4.7
1111064040201,중계4동,50538,50538-50537,43,0,17,39.5
1111065020003,상계1동,90936,90936-91466,24,0,2,8.3
1111065030003,상계1동,39960,39960-39970,35,5,1,3.3
1111065030002,상계1동,90619,90619-90569,30,0,6,20.0
1111065040101,상계1동,94960,94960-94959,30,0,2,6.7
1111065040201,상계1동,208686,208686-208685,26,0,2,7.7
1111065040201,상계1동,208686,208686-94348,26,0,2,7.7
1111065040401,상계1동,208692,208692-94342,15,0,2,13.3
1111065040401,상계1동,208692,208692-208694,15,0,2,13.3
1111065040401,상계1동,208692,208692-94341,15,0,2,13.3
1111066010003,상계2동,190281,190281-190278,81,0,13,16.0
1111066010003,상계2동,190281,190281-190264,81,0,13,16.0
1111066010001,상계2동,190265,190265-190259,80,0,13,16.2
1111066010001,상계2동,190265,190265-190222,80,0,1,1.2
1111066010001,상계2동,190265,190265-190266,80,0,13,16.2
1111066020402,상계2동,63499,63499-63498,78,5,1,1.4
1111066040704,상계2동,190368,190368-190367,64,0,14,21.9
1111069010018,상계5동,36158,36158-36157,43,0,1,2.3
1111069010008,상계5동,36163,36163-36207,51,1,13,26.0
1111069010008,상계5동,36163,36163-36170,51,1,1,2.0
1111069010015,상계5동,36090,36090-189500,37,0,8,21.6
1111069010015,상계5동,36090,36090-36146,37,0,10,27.0
1111069010201,상계5동,189420,189420-189421,41,0,8,19.5
1111069010401,상계5동,189399,189399-189402,48,0,8,16.7
1111069010401,상계5동,189399,189399-189395,48,0,8,16.7
1111069010601,상계5동,127674,127674-36475,71,17,1,1.9
1111069010704,상계5동,208895,208895-42448,39,0,13,33.3
1111069020006,상계5동,189537,189537-189531,84,0,12,14.3
1111069020006,상계5동,189537,189537-189582,84,0,10,11.9
1111072010113,상계8동,94983,94983-94973,33,0,1,3.0
1111072010113,상계8동,94983,94983-208682,33,0,1,3.0
1111072010113,상계8동,94983,94983-94982,33,0,1,3.0
1111072010209,상계8동,94260,94260-94267,40,0,1,2.5
1111073030104,상계9동,40108,40108-40107,56,0,3,5.4
1111073030103,상계9동,40039,40039-40076,55,0,3,5.5
1111073040101,상계9동,54957,54957-54954,70,0,6,8.6
1111073040101,상계9동,54957,54957-55008,70,0,1,1.4
1111073050001,상계9동,54955,54955-54956,72,0,1,1.4
1111073050107,상계9동,55319,55319-55292,85,0,8,9.4
1111074010113,상계10동,40226,40226-40225,59,0,3,5.1
1111074030002,상계10동,55288,55288-55289,83,0,2,2.4
1111074040001,상계10동,40499,40499-40500,53,0,4,7.5
1111074050001,상계10동,55218,55218-63217,83,0,1,1.2
1111074050105,상계10동,47655,47655-63552,54,0,5,9.3
1111074050106,상계10동,40463,40463-40462,59,0,1,1.7
1111076060001,상계3·4동,26484,26484-25885,12,0,4,33.3
1111076060002,상계3·4동,25912,25912-25871,12,0,4,33.3
1111077020101,상계6·7동,40594,40594-40593,30,0,1,3.3
1111077020111,상계6·7동,47659,47659-40555,38,0,1,2.6
1111077020109,상계6·7동,40558,40558-40620,38,0,1,2.6
1111077030104,상계6·7동,190401,190401-190402,57,0,12,21.1
1111077040201,상계6·7동,190420,190420-190421,64,0,9,14.1
1111077060002,상계6·7동,62675,62675-62676,51,1,4,8.0
1111077060002,상계6·7동,62675,62675-62576,51,1,1,2.0
1111077070203,상계6·7동,40645,40645-40646,38,0,1,2.6
1111077070202,상계6·7동,40647,40647-40646,35,0,1,2.9
1111078020001,중계2·3동,190574,190574-190573,54,0,4,7.4
1111078020107,중계2·3동,190489,190489-190492,60,0,6,10.0
1111078020206,중계2·3동,50719,50719-50720,63,0,8,12.7
1111078020208,중계2·3동,190634,190634-190633,61,0,6,9.8
1111078030001,중계2·3동,61525,61525-61531,49,1,8,16.7
1111078030112,중계2·3동,61517,61517-61516,42,0,11,26.2
1111078030110,중계2·3동,61263,61263-61262,43,0,11,25.6
1111078030109,중계2·3동,61587,61587-127796,51,1,1,2.0
1111078040201,중계2·3동,61545,61545-61547,49,0,5,10.2
1111078060105,중계2·3동,63207,63207-63206,45,0,13,28.9
1111079010302,공릉1동,189880,189880-189886,64,7,1,1.8
1111079010302,공릉1동,189880,189880-189897,64,7,1,1.8
1111079040401,공릉1동,189923,189923-189637,46,5,3,7.3
1111079050011,공릉1동,28497,28497-28503,72,0,1,1.4
1111079050001,공릉1동,28135,28135-28134,59,13,3,6.5
1111079051101,공릉1동,28495,28495-28529,72,1,6,8.5
1111072020108,상계8동,127659,127659-127658,61,0,1,1.6
1110051020003,쌍문1동,144295,144295-144280,40,0,1,2.5
1110051030013,쌍문1동,153764,153764-153790,34,16,1,5.6
1110051030012,쌍문1동,153806,153806-153805,45,0,17,37.8
1110051030003,쌍문1동,153815,153815-153814,47,0,16,34.0
1110051030009,쌍문1동,74965,74965-74966,51,0,17,33.3
1110051040007,쌍문1동,144257,144257-144259,38,0,4,10.5
1110051040102,쌍문1동,153871,153871-152230,60,0,16,26.7
1110052010014,쌍문2동,164593,164593-164591,59,0,1,1.7
1110052010014,쌍문2동,164593,164593-21829,59,0,1,1.7
1110052010001,쌍문2동,158563,158563-158565,54,0,6,11.1
1110052010002,쌍문2동,163826,163826-20854,58,0,4,6.9
1110052010002,쌍문2동,163826,163826-163825,58,0,4,6.9
1110052010016,쌍문2동,21829,21829-163825,61,1,3,5.0
1110052020002,쌍문2동,158957,158957-158958,51,0,1,2.0
1110053010021,쌍문3동,157557,157557-157519,70,0,2,2.9
1110053010018,쌍문3동,157048,157048-157047,51,0,3,5.9
1110053010020,쌍문3동,157002,157002-157003,51,0,2,3.9
1110053010014,쌍문3동,157410,157410-157059,55,0,1,1.8
1110053010014,쌍문3동,157410,157410-157052,55,0,1,1.8
1110053010201,쌍문3동,155628,155628-155626,62,0,2,3.2
1110053020002,쌍문3동,157514,157514-157524,67,0,3,4.5
1110054010401,쌍문4동,156664,156664-156663,57,0,1,1.8
1110054010401,쌍문4동,156664,156664-156665,57,0,1,1.8
1110054020003,쌍문4동,156786,156786-156790,49,0,1,2.0
1110055010001,방학1동,161905,161905-161887,59,0,21,35.6
1110055020001,방학1동,41364,41364-41126,48,6,1,2.4
1110055020401,방학1동,22652,22652-22648,49,3,3,6.5
1110055020401,방학1동,22652,22652-22653,49,3,3,6.5
1110055030010,방학1동,162052,162052-21603,64,0,1,1.6
1110055030004,방학1동,158545,158545-158430,60,13,6,12.8
1110055030003,방학1동,158445,158445-158446,63,0,12,19.0
1110055030002,방학1동,162057,162057-162084,61,0,1,1.6
1110055030102,방학1동,161930,161930-161931,59,21,1,2.6
1110055040101,방학1동,41360,41360-41361,34,0,1,2.9
1110055040102,방학1동,23651,23651-41357,34,0,6,17.6
1110055050001,방학1동,158490,158490-158530,59,0,1,1.7
1110055050002,방학1동,158457,158457-158458,65,0,1,1.5
1110056010001,방학2동,156171,156171-156170,28,0,15,53.6
1110056010013,방학2동,156218,156218-20133,28,0,11,39.3
1110056030009,방학2동,20215,20215-20216,56,0,5,8.9
1110056030006,방학2동,156258,156258-156261,47,0,5,10.6
1110057020002,방학3동,154211,154211-154248,49,0,3,6.1
1110057020002,방학3동,154211,154211-154212,49,0,2,4.1
1110057020002,방학3동,154211,154211-154210,49,0,2,4.1
1110057020409,방학3동,20211,20211-154173,61,0,2,3.3
1110057020409,방학3동,20211,20211-156315,61,0,2,3.3
1110057030502,방학3동,154231,154231-154230,48,0,3,6.2
1110059040007,창1동,159077,159077-159066,49,6,1,2.3
1110059040007,창1동,159077,159077-159078,49,6,5,11.6
1110059040003,창1동,159884,159884-159887,47,0,7,14.9
1110059041801,창1동,159913,159913-20967,44,0,11,25.0
1110060010009,창2동,157542,157542-157535,58,16,1,2.4
1110060010008,창2동,159928,159928-159916,49,0,7,14.3
1110060010011,창2동,23358,23358-160862,48,13,1,2.9
1110060010301,창2동,157585,157585-160885,50,20,1,3.3
1110060020014,창2동,23371,23371-22026,46,18,1,3.6
1110060020022,창2동,161324,161324-161305,53,14,2,5.1
1110060020022,창2동,161324,161324-161321,53,14,4,10.3
1110061020001,창3동,21335,21335-161290,74,0,10,13.5
1110061020001,창3동,21335,21335-22183,74,0,9,12.2
1110061020008,창3동,161281,161281-161285,66,0,5,7.6
1110061020009,창3동,161253,161253-161255,58,0,10,17.2
1110062010101,창4동,59358,59358-59374,33,0,1,3.0
1110062010101,창4동,59358,59358-59371,33,0,1,3.0
1110062020004,창4동,42813,42813-42814,41,0,2,4.9
1110062020205,창4동,42794,42794-42795,40,1,2,5.1
1110062020307,창4동,59362,59362-59204,33,0,1,3.0
1110062030201,창4동,59312,59312-23184,30,0,6,20.0
1110062040104,창4동,62940,62940-62938,27,0,6,22.2
1110062040105,창4동,62935,62935-59258,30,0,6,20.0
1110062040102,창4동,62934,62934-59258,29,0,6,20.7
1110062040103,창4동,23253,23253-23121,49,0,1,2.0
1110062040203,창4동,63132,63132-63133,40,6,1,2.9
1110062050102,창4동,63136,63136-23272,36,0,1,2.8
1110062050102,창4동,63136,63136-23273,36,0,1,2.8
1110062050104,창4동,63150,63150-63145,23,0,1,4.3
1110063010007,창5동,163844,163844-163840,47,0,2,4.3
1110063010006,창5동,46355,46355-22731,41,8,2,6.1
1110063010009,창5동,164690,164690-164689,48,0,7,14.6
1110063010302,창5동,164802,164802-164801,41,0,6,14.6
1110063010301,창5동,164703,164703-164702,47,0,7,14.9
1110063010401,창5동,46400,46400-46401,37,0,8,21.6
1110063011205,창5동,46183,46183-46182,23,0,2,8.7
1110064010008,도봉1동,21490,21490-161583,59,6,2,3.8
1110064010009,도봉1동,161578,161578-161589,55,6,2,4.1
1110064050011,도봉1동,22408,22408-22409,61,0,2,3.3
1110064050009,도봉1동,161600,161600-161603,56,0,6,10.7
1110064050009,도봉1동,161600,161600-161599,56,0,6,10.7
1110064050102,도봉1동,21294,21294-20468,58,0,2,3.4
1110065010003,도봉2동,57076,57076-22951,49,0,3,6.1
1110065010003,도봉2동,57076,57076-57078,49,0,3,6.1
1110065010601,도봉2동,22923,22923-22921,46,0,2,4.3
1110065010701,도봉2동,22924,22924-22926,38,0,1,2.6
1110065010901,도봉2동,22910,22910-46881,29,0,1,3.4
1110065010901,도봉2동,22910,22910-22909,29,0,1,3.4
1110065011001,도봉2동,51715,51715-22913,38,0,1,2.6
1110065020003,도봉2동,22505,22505-41083,53,0,6,11.3
1110065020006,도봉2동,41280,41280-41298,53,1,1,1.9
1110065030103,도봉2동,41100,41100-41107,48,0,2,4.2
1110065010801,도봉2동,20451,20451-20448,53,0,3,5.7
1110065010801,도봉2동,20451,20451-51727,53,0,2,3.8
1109060010013,번1동,28317,28317-61396,64,13,3,5.9
1109060010003,번1동,61406,61406-61405,62,10,1,1.9
1109060010003,번1동,61406,61406-61404,62,10,3,5.8
1109060020011,번1동,183513,183513-183515,65,0,2,3.1
1109060020011,번1동,183513,183513-183512,65,0,2,3.1
1109060020002,번1동,183473,183473-183474,64,0,2,3.1
1109060020014,번1동,62609,62609-62669,77,0,1,1.3
1109061010102,번2동,29305,29305-29304,72,0,4,5.6
1109061010104,번2동,29310,29310-29299,84,1,1,1.2
1109061020016,번2동,28611,28611-29110,68,0,28,41.2
1109061020010,번2동,28655,28655-79463,67,0,28,41.8
1109061020010,번2동,28655,28655-79462,67,0,28,41.8
1109061020010,번2동,28655,28655-66598,67,0,15,22.4
1109061020004,번2동,66587,66587-79463,67,18,25,51.0
1109061020004,번2동,66587,66587-66589,67,18,25,51.0
1109061020002,번2동,65122,65122-28516,73,0,1,1.4
1109061020002,번2동,65122,65122-65121,73,0,1,1.4
1109061020001,번2동,62685,62685-62684,71,0,1,1.4
1109061020008,번2동,28657,28657-29107,68,0,28,41.2
1109061020008,번2동,28657,28657-29110,68,0,28,41.2
1109062010007,번3동,98470,98470-98469,68,0,13,19.1
1109063010002,수유1동,53585,53585-53591,72,1,1,1.4
1109063010004,수유1동,178555,178555-178562,65,7,1,1.7
1109063020002,수유1동,25113,25113-25115,76,0,2,2.6
1109063020002,수유1동,25113,25113-43486,76,0,2,2.6
1109063020002,수유1동,25113,25113-43483,76,0,2,2.6
1109063020020,수유1동,43466,43466-43465,70,0,2,2.9
1109063020013,수유1동,23181,23181-23229,76,0,1,1.3
1109063020013,수유1동,23181,23181-23180,76,0,2,2.6
1109063020013,수유1동,23181,23181-23172,76,0,2,2.6
1109064010003,수유2동,25533,25533-48368,57,1,1,1.8
1109064010003,수유2동,25533,25533-25532,57,1,1,1.8
1109064010005,수유2동,177218,177218-177219,72,0,3,4.2
1109064010016,수유2동,48328,48328-48327,53,0,4,7.5
1109064020008,수유2동,48603,48603-48616,58,1,1,1.8
1109064020002,수유2동,48387,48387-48389,50,0,1,2.0
1109064020003,수유2동,163186,163186-48634,61,0,2,3.3
1109065030018,수유3동,49131,49131-48795,74,0,8,10.8
1109065030007,수유3동,48763,48763-48762,75,0,7,9.3
1109065030005,수유3동,48817,48817-25672,77,0,4,5.2
1109065030003,수유3동,49008,49008-49094,76,0,7,9.2
1109065030003,수유3동,49008,49008-49110,76,0,7,9.2
1109065030002,수유3동,49116,49116-49118,78,7,2,2.8
1109069010004,삼양동,76070,76070-76076,63,0,1,1.6
1109069020005,삼양동,75821,75821-75780,77,0,3,3.9
1109069020015,삼양동,47934,47934-47930,71,0,1,1.4
1109069020016,삼양동,47943,47943-47937,68,0,2,2.9
1109069020014,삼양동,26197,26197-26194,57,0,3,5.3
1109069030012,삼양동,48173,48173-25400,62,0,1,1.6
1109070010401,미아동,183562,183562-183552,59,0,5,8.5
1109070030014,미아동,179630,179630-179654,53,0,6,11.3
1109071010005,송중동,67217,67217-67226,72,0,22,30.6
1109071010005,송중동,67217,67217-67216,72,0,22,30.6
1109071010005,송중동,67217,67217-67230,72,0,21,29.2
1109071020004,송중동,28161,28161-21664,65,21,1,2.3
1109071020011,송중동,67182,67182-28654,66,21,1,2.2
1109071030007,송중동,77783,77783-29215,77,0,1,1.3
1109071030007,송중동,77783,77783-77782,77,0,1,1.3
1109071040002,송중동,75541,75541-75523,68,0,2,2.9
1109071040002,송중동,75541,75541-75540,68,0,2,2.9
1109072010003,송천동,179492,179492-179441,64,0,6,9.4
1109072030001,송천동,21123,21123-21118,62,0,5,8.1
1109072030001,송천동,21123,21123-21117,62,0,6,9.7
1109072030019,송천동,28019,28019-28014,65,0,3,4.6
1109072030019,송천동,28019,28019-28020,65,0,2,3.1
1109072040013,송천동,41770,41770-41851,50,0,8,16.0
1109073010004,삼각산동,48218,48218-25387,49,0,1,2.0
1109073010120,삼각산동,48240,48240-48268,39,7,1,3.1
1109073010206,삼각산동,25389,25389-48268,41,0,1,2.4
1109073010206,삼각산동,25389,25389-25390,41,0,1,2.4
1109073010305,삼각산동,180058,180058-180057,51,0,1,2.0
1109074010013,우이동,169700,169700-169695,25,0,3,12.0
1109074010012,우이동,172924,172924-172915,29,0,3,10.3
1109074010008,우이동,23879,23879-126556,22,3,1,5.3
1109074010008,우이동,23879,23879-23854,22,3,1,5.3
1109074010102,우이동,29473,29473-169796,24,0,1,4.2
1109074010602,우이동,121681,121681-121679,24,0,1,4.2
1109074040001,우이동,121804,121804-173833,44,0,8,18.2
1109075010004,인수동,22102,22102-24686,60,0,7,11.7
1109075010014,인수동,170116,170116-170114,52,7,1,2.2
1109075020002,인수동,49100,49100-49030,76,0,7,9.2
1109075030007,인수동,22621,22621-22581,75,0,3,4.0
1109075030002,인수동,22610,22610-22595,70,0,3,4.3
1109075030002,인수동,22610,22610-24906,70,0,3,4.3
1109075030001,인수동,22434,22434-22432,62,0,1,1.6
1109075030014,인수동,22590,22590-22589,68,0,3,4.4
1109075030014,인수동,22590,22590-22541,68,0,3,4.4
1109075030014,인수동,22590,22590-22636,68,0,3,4.4
1109075040008,인수동,29468,29468-29467,11,0,2,18.2
1109075040014,인수동,172097,172097-170468,52,3,1,2.0
1109075040016,인수동,172102,172102-170483,58,1,3,5.3
1109075040016,인수동,172102,172102-170469,58,1,3,5.3
1109075040016,인수동,172102,172102-172103,58,1,3,5.3
1108059020001,돈암2동,193924,193924-197067,56,0,12,21.4
1108059020102,돈암2동,196697,196697-196693,76,0,3,3.9
1108059020103,돈암2동,12865,12865-31009,66,0,1,1.5
1108060020001,안암동,198946,198946-198921,49,0,11,22.4
1108061010001,보문동,197943,197943-197942,56,0,10,17.9
1108061020001,보문동,197992,197992-197989,60,0,14,23.3
1108061040008,보문동,197280,197280-197279,35,0,5,14.3
1108061040006,보문동,99463,99463-99436,29,0,3,10.3
1108061040001,보문동,197269,197269-197270,36,0,5,13.9
1108062010001,정릉1동,194964,194964-194727,51,14,2,5.4
1108062010004,정릉1동,195641,195641-195639,60,9,2,3.9
1108062020007,정릉1동,18281,18281-18280,70,0,1,1.4
1108062020007,정릉1동,18281,18281-18400,70,0,7,10.0
1108062020005,정릉1동,214002,214002-197465,76,0,4,5.3
1108062020005,정릉1동,214002,214002-197501,76,0,6,7.9
1108062020201,정릉1동,196110,196110-13180,75,4,1,1.4
1108062020602,정릉1동,197510,197510-197506,49,4,2,4.4
1108063010009,정릉2동,193860,193860-193858,52,0,3,5.8
1108063010001,정릉2동,195070,195070-195069,60,0,15,25.0
1108063010001,정릉2동,195070,195070-195072,60,0,16,26.7
1108063010025,정릉2동,79622,79622-118816,45,0,1,2.2
1108064010009,정릉3동,184977,184977-186275,51,0,1,2.0
1108064010009,정릉3동,184977,184977-186337,51,0,1,2.0
1108064010008,정릉3동,16510,16510-85773,48,0,1,2.1
1108064020401,정릉3동,206564,206564-206565,62,0,5,8.1
1108065010009,정릉4동,185300,185300-185299,52,0,9,17.3
1108065010008,정릉4동,86073,86073-24875,15,0,1,6.7
1108065010201,정릉4동,174099,174099-174098,27,0,1,3.7
1108065010201,정릉4동,174099,174099-86521,27,0,1,3.7
1108065010201,정릉4동,174099,174099-11036,27,0,1,3.7
1108065020006,정릉4동,193038,193038-193039,59,0,15,25.4
1108065020006,정릉4동,193038,193038-193031,59,0,1,1.7
1108065020203,정릉4동,193233,193233-193232,47,0,8,17.0
1108066010102,길음1동,197321,197321-197315,48,0,5,10.4
1108066010102,길음1동,197321,197321-198254,48,0,5,10.4
1108066030001,길음1동,194809,194809-194810,25,0,5,20.0
1108066040001,길음1동,198371,198371-198372,55,0,1,1.8
1108066050102,길음1동,10860,10860-197393,42,0,10,23.8
1108066050117,길음1동,69054,69054-206825,50,0,5,10.0
1108066050117,길음1동,69054,69054-194758,50,0,4,8.0
1108066050112,길음1동,197369,197369-197368,38,0,7,18.4
1108068010002,길음2동,10730,10730-103289,14,0,3,21.4
1108068010509,길음2동,10726,10726-10725,28,0,3,10.7
1108068020101,길음2동,200314,200314-200315,68,2,3,4.5
1108071030005,월곡1동,200753,200753-200042,82,0,18,22.0
1108071040116,월곡1동,203934,203934-203933,48,0,12,25.0
1108071040111,월곡1동,203932,203932-203933,48,0,12,25.0
1108071050008,월곡1동,200289,200289-200288,79,0,2,2.5
1108071050008,월곡1동,200289,200289-200291,79,0,2,2.5
1108071050005,월곡1동,200179,200179-200183,66,0,2,3.0
1108071050004,월곡1동,200169,200169-200205,77,0,2,2.6
1108071050002,월곡1동,200102,200102-10691,64,0,1,1.6
1108071050102,월곡1동,204980,204980-200975,49,0,10,20.4
1108072010002,월곡2동,207028,207028-207029,55,0,1,1.8
1108072030008,월곡2동,206286,206286-206227,52,0,5,9.6
1108072030002,월곡2동,205998,205998-205975,45,0,4,8.9
1108072030405,월곡2동,206050,206050-206049,55,0,5,9.1
1108072030501,월곡2동,206296,206296-206295,55,0,1,1.8
1108076010005,장위1동,206439,206439-206518,84,2,1,1.2
1108076010004,장위1동,206411,206411-206412,77,0,1,1.3
1108076010004,장위1동,206411,206411-18103,77,0,1,1.3
1108076010001,장위1동,206414,206414-206413,86,0,1,1.2
1108076010001,장위1동,206414,206414-203997,86,0,1,1.2
1108076010003,장위1동,204109,204109-206413,81,0,1,1.2
1108076020007,장위1동,204029,204029-204028,72,0,9,12.5
1108076030007,장위1동,204950,204950-204426,71,1,9,12.9
1108076030006,장위1동,205251,205251-205281,80,0,1,1.2
1108076030005,장위1동,13251,13251-13250,76,0,9,11.8
1108076030012,장위1동,195897,195897-13245,74,12,1,1.6
1108076040008,장위1동,13436,13436-205442,80,0,4,5.0
1108077010001,장위2동,207359,207359-207358,80,0,1,1.2
1108077010002,장위2동,207726,207726-207729,62,0,1,1.6
1108077010007,장위2동,206548,206548-206596,87,0,1,1.1
1108077020004,장위2동,206527,206527-206526,83,0,1,1.2
1108077030005,장위2동,207270,207270-207269,68,0,1,1.5
1108077040016,장위2동,206862,206862-206868,64,0,1,1.6
1108077040009,장위2동,206824,206824-206839,82,0,1,1.2
1108077040009,장위2동,206824,206824-206837,82,0,1,1.2
1108077040004,장위2동,206870,206870-206869,56,0,1,1.8
1108077040001,장위2동,207210,207210-207243,53,0,1,1.9
1108078010203,장위3동,206403,206403-209693,78,1,13,16.9
1108078030001,장위3동,207633,207633-207651,79,0,1,1.3
1108078030001,장위3동,207633,207633-207634,79,0,1,1.3
1108081020003,성북동,193848,193848-193851,56,0,10,17.9
1108081020102,성북동,206791,206791-206792,62,10,1,1.9
1108081030005,성북동,191527,191527-192415,47,0,4,8.5
1108082020002,삼선동,73760,73760-73759,71,0,1,1.4
1108082030010,삼선동,13161,13161-13162,62,16,1,2.2
1108082040012,삼선동,11063,11063-192935,55,0,7,12.7
1108082040015,삼선동,194313,194313-194444,62,0,18,29.0
1108083010007,동선동,197712,197712-10847,43,0,18,41.9
1108083020005,동선동,197145,197145-197143,63,0,11,17.5
1108084010001,종암동,208193,208193-200365,76,0,2,2.6
1108084010003,종암동,86477,86477-18734,65,0,2,3.1
1108084010006,종암동,199445,199445-199444,42,1,6,14.6
1108084010401,종암동,200431,200431-86730,55,0,6,10.9
1108084020013,종암동,199677,199677-199679,56,0,4,7.1
1108084030001,종암동,212447,212447-200013,38,0,5,13.2
1108084040007,종암동,200876,200876-200877,54,6,1,2.1
1108084040009,종암동,200554,200554-200552,39,0,6,15.4
1108084040101,종암동,200518,200518-86812,59,0,6,10.2
1108085020004,석관동,202835,202835-209652,44,0,1,2.3
1108085030006,석관동,208760,208760-208762,55,0,2,3.6
1108085030006,석관동,208760,208760-208759,55,0,2,3.6
1108085040003,석관동,207810,207810-207811,57,0,1,1.8
1108085040003,석관동,207810,207810-207787,57,0,1,1.8
1108085070103,석관동,209634,209634-209635,29,0,1,3.4
1108085080204,석관동,31339,31339-31341,46,0,4,8.7
1107052010001,면목2동,76287,76287-45357,59,1,3,5.2
1107052020011,면목2동,78605,78605-78580,62,0,1,1.6
1107052020017,면목2동,170808,170808-170812,55,0,4,7.3
1107052030011,면목2동,43203,43203-43188,48,0,7,14.6
1107052030503,면목2동,45855,45855-45856,48,7,1,2.4
1107052030501,면목2동,45938,45938-45838,43,6,1,2.7
1107052030501,면목2동,45938,45938-45939,43,6,1,2.7
1107054030010,면목4동,171681,171681-171679,46,0,23,50.0
1107054030006,면목4동,79933,79933-79932,49,0,1,2.0
1107054030006,면목4동,79933,79933-79935,49,0,1,2.0
1107054030005,면목4동,79780,79780-79774,45,13,1,3.1
1107054030003,면목4동,79792,79792-79774,45,0,11,24.4
1107054030003,면목4동,79792,79792-79791,45,0,7,15.6
1107054030003,면목4동,79792,79792-79799,45,0,7,15.6
1107054030103,면목4동,79984,79984-79927,42,0,1,2.4
1107054030101,면목4동,80078,80078-79972,56,5,1,2.0
1107054030301,면목4동,80100,80100-80094,31,0,4,12.9
1107055030007,면목5동,45982,45982-45885,54,0,1,1.9
1107055030004,면목5동,79226,79226-79227,57,0,2,3.5
1107055030003,면목5동,45963,45963-45946,51,0,1,2.0
1107055040001,면목5동,79237,79237-79238,52,4,2,4.2
1107057010010,면목7동,171559,171559-171560,49,0,16,32.7
1107057010009,면목7동,171428,171428-171453,55,0,15,27.3
1107057010302,면목7동,79277,79277-79270,39,0,10,25.6
1107057020002,면목7동,179421,179421-178808,34,0,5,14.7
1107057020002,면목7동,179421,179421-177909,34,0,10,29.4
1107059030011,상봉1동,170517,170517-48724,45,0,6,13.3
1107059030003,상봉1동,44196,44196-44198,41,0,14,34.1
1107059031001,상봉1동,175716,175716-175717,50,0,18,36.0
1107060020002,상봉2동,170789,170789-170788,59,0,1,1.7
1107060020003,상봉2동,44360,44360-44348,61,0,4,6.6
1107060020003,상봉2동,44360,44360-44361,61,0,4,6.6
1107060020003,상봉2동,44360,44360-44359,61,0,4,6.6
1107060030007,상봉2동,170685,170685-170684,46,0,2,4.3
1107061010010,중화1동,76588,76588-76587,43,0,1,2.3
1107061020012,중화1동,170321,170321-170318,48,0,5,10.4
1107061020103,중화1동,78144,78144-78123,51,0,7,13.7
1107062020002,중화2동,44697,44697-44696,56,0,3,5.4
1107062030101,중화2동,44733,44733-44732,60,0,1,1.7
1107062050005,중화2동,44705,44705-44704,47,0,1,2.1
1107062050001,중화2동,44776,44776-44777,52,0,1,1.9
1107062050002,중화2동,44709,44709-44708,48,0,1,2.1
1107062070007,중화2동,160165,160165-160164,33,0,1,3.0
1107062070201,중화2동,160338,160338-160356,46,1,1,2.2
1107064020010,묵1동,76330,76330-43288,66,0,2,3.0
1107064020006,묵1동,76346,76346-76291,62,0,3,4.8
1107064020006,묵1동,76346,76346-76345,62,0,3,4.8
1107064020006,묵1동,76346,76346-76298,62,0,8,12.9
1107064020005,묵1동,76376,76376-76363,59,0,2,3.4
1107064020201,묵1동,80016,80016-79998,55,0,10,18.2
1107064020504,묵1동,76315,76315-79986,56,0,9,16.1
1107064030106,묵1동,51678,51678-171903,38,13,3,12.0
1107064040002,묵1동,76567,76567-44077,47,4,1,2.3
1107064040601,묵1동,76516,76516-76426,46,0,10,21.7
1107065010001,묵2동,159997,159997-159996,36,0,4,11.1
1107065010008,묵2동,159947,159947-159951,43,0,11,25.6
1107065020002,묵2동,43754,43754-43753,46,1,5,11.1
1107065020002,묵2동,43754,43754-43755,46,1,8,17.8
1107065030006,묵2동,160035,160035-160034,32,0,1,3.1
1107065030005,묵2동,212306,212306-212305,22,0,1,4.5
1107065030001,묵2동,160016,160016-160022,32,0,1,3.1
1107068020003,망우3동,174381,174381-174377,42,0,2,4.8
1107068020004,망우3동,174874,174874-174876,32,0,2,6.2
1107068020004,망우3동,174874,174874-174451,32,0,2,6.2
1107068020004,망우3동,174874,174874-174875,32,0,2,6.2
1107069020206,신내1동,185803,185803-185799,20,0,1,5.0
1107069020206,신내1동,185803,185803-185804,20,0,1,5.0
1107069030209,신내1동,175558,175558-175547,49,16,6,18.2
1107069040009,신내1동,184474,184474-184472,52,0,15,28.8
1107069040009,신내1동,184474,184474-184473,52,0,14,26.9
1107069040009,신내1동,184474,184474-184475,52,0,11,21.2
1107069040006,신내1동,184460,184460-184461,46,0,22,47.8
1107069040701,신내1동,175729,175729-175758,49,0,17,34.7
1107069060005,신내1동,184519,184519-184520,61,4,3,5.3
1107070010002,신내2동,175553,175553-175571,46,4,2,4.8
1107070010104,신내2동,175590,175590-175592,36,24,4,33.3
1107070010205,신내2동,175547,175547-175558,44,14,6,20.0
1107070010303,신내2동,82469,82469-82471,49,0,1,2.0
1107070010402,신내2동,175574,175574-175555,48,21,4,14.8
1107070010607,신내2동,171956,171956-51679,37,0,11,29.7
1107070020201,신내2동,175735,175735-175732,56,0,1,1.8
1107071010001,면목본동,170989,170989-170979,63,1,1,1.6
1107071010001,면목본동,170989,170989-170978,63,1,1,1.6
1107071010003,면목본동,170884,170884-170883,61,0,1,1.6
1107071020020,면목본동,44911,44911-44913,70,0,1,1.4
1107071020020,면목본동,44911,44911-44912,70,0,1,1.4
1107071020011,면목본동,45468,45468-45467,61,0,1,1.6
1107071020008,면목본동,45091,45091-45117,62,0,1,1.6
1107071030007,면목본동,171136,171136-171124,66,0,1,1.5
1107071030002,면목본동,171163,171163-171176,63,0,1,1.6
1107071030002,면목본동,171163,171163-171162,63,0,1,1.6
1107071030101,면목본동,80076,80076-171161,64,1,1,1.6
1107071030101,면목본동,80076,80076-79179,64,1,2,3.2
1107072010001,면목3·8동,176484,176484-176169,59,0,9,15.3
1107072010001,면목3·8동,176484,176484-176486,59,0,9,15.3
1107072010001,면목3·8동,176484,176484-176483,59,0,9,15.3
1107072020011,면목3·8동,175118,175118-175117,26,0,1,3.8
1107072020006,면목3·8동,177130,177130-177131,49,10,1,2.6
1107072020103,면목3·8동,177562,177562-177561,47,1,1,2.2
1107072050002,면목3·8동,171291,171291-171292,58,0,1,1.7
1107072050005,면목3·8동,171339,171339-171338,57,0,1,1.8
1107073010002,망우본동,59720,59720-185392,39,1,1,2.6
1107073020001,망우본동,184488,184488-184492,61,0,7,11.5
1107073020001,망우본동,184488,184488-184491,61,0,4,6.6
1107073020011,망우본동,185466,185466-185467,51,0,3,5.9
1107073020011,망우본동,185466,185466-185564,51,0,2,3.9
1107073040003,망우본동,185235,185235-185236,56,0,4,7.1
1107073040007,망우본동,185279,185279-185285,57,0,3,5.3
1107073040007,망우본동,185279,185279-185342,57,0,3,5.3
1107069050102,신내1동,184343,184343-184342,55,16,1,2.6
1106072040006,휘경1동,2001,2001-2003,42,0,4,9.5
1106072040007,휘경1동,2046,2046-4581,40,0,4,10.0
1106072050001,휘경1동,1994,1994-1993,18,0,1,5.6
1106073010001,휘경2동,1349,1349-1345,42,0,1,2.4
1106073010001,휘경2동,1349,1349-1347,42,0,1,2.4
1106073010001,휘경2동,1349,1349-54978,42,0,1,2.4
1106073010004,휘경2동,5013,5013-5011,25,0,1,4.0
1106073030002,휘경2동,3608,3608-3607,23,0,3,13.0
1106073030208,휘경2동,112200,112200-112199,37,0,5,13.5
1106073030203,휘경2동,4045,4045-4044,37,0,5,13.5
1106073030401,휘경2동,4036,4036-5342,45,4,1,2.4
1106080060101,청량리동,304,304-303,53,0,3,5.7
1106080060101,청량리동,304,304-48935,53,0,7,13.2
1106081030001,용신동,210072,210072-210071,48,0,1,2.1
1106081050001,용신동,209839,209839-209842,46,0,4,8.7
1106081060001,용신동,209909,209909-209911,42,0,1,2.4
1106081100011,용신동,174,174-211206,50,0,2,4.0
1106081130001,용신동,209984,209984-4844,54,1,1,1.9
1106082020102,제기동,210748,210748-52316,54,0,1,1.9
1106082020102,제기동,210748,210748-210750,54,0,1,1.9
1106082020101,제기동,210775,210775-210792,44,0,1,2.3
1106082050001,제기동,86907,86907-146279,44,0,4,9.1
1106082050102,제기동,38144,38144-210003,43,0,4,9.3
1106082080002,제기동,211079,211079-210880,49,0,2,4.1
1106083020001,전농1동,212592,212592-212543,50,0,1,2.0
1106083030011,전농1동,55388,55388-1513,49,0,6,12.2
1106083030011,전농1동,55388,55388-55389,49,0,6,12.2
1106083050108,전농1동,874,874-889,53,0,4,7.5
1106084020104,전농2동,2288,2288-2281,32,1,4,12.9
1106086030102,답십리2동,2406,2406-2404,43,1,4,9.5
1106086040008,답십리2동,2597,2597-2598,35,0,5,14.3
1106086040010,답십리2동,5439,5439-1800,33,0,1,3.0
1106086040010,답십리2동,5439,5439-5440,33,0,5,15.2
1106086040014,답십리2동,110148,110148-3124,44,2,1,2.4
1106087010021,장안1동,145979,145979-3955,47,20,1,3.7
1106087010017,장안1동,5166,5166-110146,44,0,6,13.6
1106087020010,장안1동,3996,3996-4000,31,9,1,4.5
1106087020801,장안1동,60260,60260-60229,33,0,15,45.5
1106087020801,장안1동,60260,60260-113282,33,0,17,51.5
1106087022903,장안1동,4336,4336-4333,24,0,11,45.8
1106087030011,장안1동,3245,3245-3227,39,0,13,33.3
1106087030011,장안1동,3245,3245-3971,39,0,15,38.5
1106087030011,장안1동,3245,3245-3246,39,0,9,23.1
1106088010005,장안2동,3688,3688-3704,41,4,1,2.7
1106088010402,장안2동,4081,4081-4082,47,0,4,8.5
1106088020010,장안2동,3866,3866-3870,51,0,1,2.0
1106088020010,장안2동,3866,3866-5370,51,0,1,2.0
1106088020006,장안2동,5322,5322-3724,50,0,1,2.0
1106088020006,장안2동,5322,5322-5325,50,0,1,2.0
1106088030007,장안2동,4360,4360-45691,36,0,6,16.7
1106088030112,장안2동,5374,5374-5373,41,1,1,2.5
1106089010011,이문1동,4478,4478-4481,25,0,6,24.0
1106089020009,이문1동,63108,63108-2786,35,0,4,11.4
1106089020005,이문1동,2824,2824-2823,34,0,4,11.8
1106089020002,이문1동,2855,2855-2839,30,0,1,3.3
1106089040007,이문1동,2826,2826-4511,34,0,1,2.9
1106089040001,이문1동,3391,3391-3390,24,0,4,16.7
1106089040005,이문1동,2852,2852-94482,28,0,1,3.6
1106089060008,이문1동,1892,1892-1891,39,0,4,10.3
1106090010003,이문2동,3282,3282-3279,26,0,1,3.8
1106090020101,이문2동,10537,10537-5529,26,1,2,8.0
1106090020101,이문2동,10537,10537-100246,26,1,1,4.0
1106091060007,답십리1동,5109,5109-5105,62,4,2,3.4
1106091060002,답십리1동,20776,20776-1733,50,0,5,10.0
1106091080001,답십리1동,1059,1059-1061,54,5,2,4.1
1106091080002,답십리1동,1831,1831-1803,43,5,5,13.2
1105053010003,화양동,15602,15602-15525,46,0,9,19.6
1105053020014,화양동,12095,12095-12106,48,19,3,10.3
1105053020001,화양동,11343,11343-11346,49,16,3,9.1
1105054020015,군자동,12788,12788-12748,48,7,1,2.4
1105054020007,군자동,12728,12728-12729,41,0,9,22.0
1105054020023,군자동,36748,36748-36749,42,0,14,33.3
1105054030010,군자동,31874,31874-31881,44,0,7,15.9
1105054030401,군자동,23899,23899-12774,41,0,7,17.1
1105055010013,중곡1동,36199,36199-36202,49,0,12,24.5
1105055010013,중곡1동,36199,36199-36200,49,0,1,2.0
1105055010016,중곡1동,36300,36300-36295,40,11,2,6.9
1105055020011,중곡1동,73112,73112-86348,53,0,13,24.5
1105056010010,중곡2동,70449,70449-70450,70,18,1,1.9
1105056020030,중곡2동,75789,75789-75788,62,0,12,19.4
1105056020021,중곡2동,74199,74199-74198,66,0,14,21.2
1105056020027,중곡2동,70553,70553-70552,67,0,13,19.4
1105057020002,중곡3동,72755,72755-72756,60,0,21,35.0
1105057020008,중곡3동,72391,72391-72393,58,25,1,3.0
1105057020006,중곡3동,70312,70312-171887,50,23,3,11.1
1105057030001,중곡3동,86376,86376-86375,52,0,16,30.8
1105058010002,중곡4동,212225,212225-38178,26,0,6,23.1
1105058030001,중곡4동,88292,88292-88291,56,0,25,44.6
1105058030001,중곡4동,88292,88292-88295,56,0,24,42.9
1105060010005,구의1동,84694,84694-84693,34,7,3,11.1
1105060020001,구의1동,89057,89057-70916,43,17,1,3.8
1105060020001,구의1동,89057,89057-88699,43,17,2,7.7
1105060020002,구의1동,70897,70897-70898,37,6,10,32.3
1105060030004,구의1동,71079,71079-71081,40,0,15,37.5
1105061030006,구의2동,88654,88654-86162,40,0,6,15.0
1105061030006,구의2동,88654,88654-88655,40,0,1,2.5
1105062040001,구의3동,88124,88124-88944,26,0,7,26.9
1105062040301,구의3동,68068,68068-88942,28,0,12,42.9
1105062040301,구의3동,68068,68068-68069,28,0,6,21.4
1105063010102,광장동,212317,212317-118151,31,9,2,9.1
1105063010201,광장동,118307,118307-118306,20,4,1,6.2
1105063010203,광장동,118306,118306-118308,23,1,9,40.9
1105063010202,광장동,67469,67469-118306,18,0,1,5.6
1105063020003,광장동,118434,118434-118432,8,0,3,37.5
1105063020702,광장동,118075,118075-118076,23,0,9,39.1
1105063030001,광장동,118406,118406-118403,33,1,1,3.1
1105063030303,광장동,118247,118247-118246,33,0,5,15.2
1105063030303,광장동,118247,118247-118248,33,0,5,15.2
1105063030906,광장동,118181,118181-118260,38,2,3,8.3
1105063030906,광장동,118181,118181-67882,38,2,5,13.9
1105063030901,광장동,118252,118252-67882,38,4,1,2.9
1105063040308,광장동,118391,118391-118390,22,0,2,9.1
1105063040304,광장동,118190,118190-212229,32,0,2,6.2
1105063040704,광장동,118266,118266-118263,37,5,13,40.6
1105064010003,자양1동,84807,84807-84809,42,9,1,3.0
1105064020019,자양1동,85483,85483-84996,37,0,15,40.5
1105064020019,자양1동,85483,85483-85230,37,0,17,45.9
1105064020005,자양1동,86245,86245-85889,36,0,17,47.2
1105064020016,자양1동,85921,85921-32148,38,18,1,5.0
1105064020014,자양1동,86294,86294-85920,40,16,1,4.2
1105064020013,자양1동,84936,84936-86232,38,16,1,4.5
1105064030010,자양1동,84859,84859-84909,39,7,2,6.2
1105065030012,자양2동,85494,85494-85489,33,0,4,12.1
1105066010604,자양3동,85915,85915-85913,34,0,18,52.9
1105066010604,자양3동,85915,85915-85914,34,0,18,52.9
1105066010703,자양3동,18939,18939-18006,43,0,26,60.5
1105066010702,자양3동,18043,18043-18042,43,0,26,60.5
1105066011003,자양3동,18007,18007-18942,40,0,25,62.5
1105066020004,자양3동,12507,12507-30010,42,22,4,20.0
1105066020005,자양3동,27753,27753-27750,29,0,20,69.0
1105066020005,자양3동,27753,27753-27754,29,0,16,55.2
1105066020005,자양3동,27753,27753-27752,29,0,15,51.7
1105066020902,자양3동,19195,19195-35143,31,22,1,11.1
1105067010005,자양4동,12296,12296-12297,50,20,2,6.7
1105067020012,자양4동,12403,12403-12404,46,20,1,3.8
1105067020011,자양4동,11614,11614-11612,49,0,19,38.8
1105067030013,자양4동,34894,34894-34893,40,0,3,7.5
1105067030012,자양4동,11914,11914-11913,36,0,9,25.0
1105067030007,자양4동,34904,34904-11808,39,0,3,7.7
1105067030009,자양4동,11669,11669-11670,53,0,1,1.9
1105067030008,자양4동,11897,11897-11896,33,0,7,21.2
1105067030008,자양4동,11897,11897-11898,33,0,11,33.3
1105062030201,구의3동,74,74-89128,22,0,14,63.6
1104052010007,왕십리2동,26135,26135-26137,43,0,2,4.7
1104052010007,왕십리2동,26135,26135-26128,43,0,2,4.7
1104052011101,왕십리2동,49708,49708-26289,70,0,1,1.4
1104054010001,마장동,55198,55198-186470,58,0,1,1.7
1104054010004,마장동,186278,186278-186279,46,0,1,2.2
1104054010601,마장동,186277,186277-53343,42,0,1,2.4
1104054010601,마장동,186277,186277-186279,42,0,1,2.4
1104054040001,마장동,186529,186529-53210,53,0,1,1.9
1104055020301,사근동,187339,187339-187324,33,0,1,3.0
1104055030103,사근동,97819,97819-97835,62,0,1,1.6
1104056020005,행당1동,187022,187022-187495,87,0,1,1.1
1104056030107,행당1동,188726,188726-188725,59,0,3,5.1
1104056030106,행당1동,188484,188484-188482,78,0,3,3.8
1104057020103,행당2동,187953,187953-187951,78,0,16,20.5
1104057020203,행당2동,187932,187932-187933,71,0,16,22.5
1104057020306,행당2동,187917,187917-187916,46,26,1,5.0
1104057020402,행당2동,61269,61269-61270,83,0,15,18.1
1104058020102,응봉동,188424,188424-188425,68,0,1,1.5
1104058030104,응봉동,188421,188421-188420,73,1,1,1.4
1104062020001,금호4가동,19356,19356-131519,72,0,1,1.4
1104062030003,금호4가동,106463,106463-106466,78,0,9,11.5
1104062030002,금호4가동,169502,169502-106409,88,0,9,10.2
1104065020003,성수1가1동,55615,55615-149223,54,0,2,3.7
1104065020003,성수1가1동,55615,55615-78390,54,0,3,5.6
1104065020301,성수1가1동,152132,152132-28222,47,0,1,2.1
1104065030006,성수1가1동,152148,152148-34996,39,0,2,5.1
1104065030005,성수1가1동,35000,35000-34998,40,0,3,7.5
1104065040004,성수1가1동,28337,28337-28338,53,0,1,1.9
1104066020004,성수1가2동,74552,74552-188900,26,0,2,7.7
1104066020004,성수1가2동,74552,74552-188897,26,0,2,7.7
1104067030007,성수2가1동,51354,51354-51353,51,1,1,2.0
1104067030001,성수2가1동,55606,55606-67698,47,0,1,2.1
1104067030501,성수2가1동,68547,68547-51373,39,0,1,2.6
1104067040004,성수2가1동,55697,55697-55696,49,1,3,6.2
1104068020101,성수2가3동,55536,55536-12214,49,18,1,3.2
1104068030003,성수2가3동,50948,50948-50945,52,2,1,2.0
1104068030101,성수2가3동,50952,50952-50951,61,2,3,5.1
1104069010008,송정동,51897,51897-51811,35,0,2,5.7
1104069010008,송정동,51897,51897-51941,35,0,2,5.7
1104069010003,송정동,51874,51874-51877,30,0,2,6.7
1104069010012,송정동,51774,51774-51775,33,0,2,6.1
1104069010011,송정동,51921,51921-51842,39,0,1,2.6
1104069020002,송정동,76843,76843-54658,39,0,2,5.1
1104070020007,용답동,155664,155664-186838,24,0,2,8.3
1104070020003,용답동,55251,55251-31232,7,0,1,14.3
1104071010306,왕십리도선동,186023,186023-186016,48,0,5,10.4
1104071020002,왕십리도선동,26309,26309-26308,49,0,1,2.0
1104071020002,왕십리도선동,26309,26309-26307,49,0,1,2.0
1104071020003,왕십리도선동,52099,52099-52100,56,0,1,1.8
1104071020204,왕십리도선동,25898,25898-25899,50,0,5,10.0
1104071020202,왕십리도선동,26288,26288-26307,51,0,1,2.0
1104071020202,왕십리도선동,26288,26288-52408,51,0,1,2.0
1104071030001,왕십리도선동,26274,26274-25884,49,0,1,2.0
1104071040006,왕십리도선동,186446,186446-60724,68,0,4,5.9
1104071040006,왕십리도선동,186446,186446-186440,68,0,4,5.9
1104071040301,왕십리도선동,186568,186568-55797,62,0,4,6.5
1104071040301,왕십리도선동,186568,186568-186525,62,0,4,6.5
1104072010007,금호2·3가동,64875,64875-64879,107,0,14,13.1
1104072010007,금호2·3가동,64875,64875-64876,107,0,14,13.1
1104072010301,금호2·3가동,77548,77548-77547,99,0,1,1.0
1104072020005,금호2·3가동,124843,124843-124505,84,0,10,11.9
1104072020104,금호2·3가동,124891,124891-124881,20,0,7,35.0
1104072020403,금호2·3가동,124469,124469-124455,61,0,1,1.6
1104072020403,금호2·3가동,124469,124469-10408,61,0,9,14.8
1104072020401,금호2·3가동,124428,124428-124407,68,0,8,11.8
1104073020003,옥수동,137834,137834-137833,77,0,1,1.3
1104073020608,옥수동,137888,137888-21183,54,0,4,7.4
1104073030003,옥수동,155715,155715-158851,39,0,2,5.1
1104073030003,옥수동,155715,155715-155717,39,0,2,5.1
1104073030003,옥수동,155715,155715-155716,39,0,2,5.1
1103052020005,용산2가동,143709,143709-143708,37,0,2,5.4
1103052020002,용산2가동,65317,65317-65305,35,0,5,14.3
1103052020008,용산2가동,141025,141025-141024,36,0,3,8.3
1103053020007,남영동,64578,64578-42067,54,0,7,13.0
1103053020007,남영동,64578,64578-64577,54,0,8,14.8
1103053020002,남영동,42250,42250-42258,52,1,5,9.8
1103057010002,원효로2동,150470,150470-147463,76,0,5,6.6
1103057010002,원효로2동,150470,150470-152673,76,0,5,6.6
1103057010006,원효로2동,152693,152693-152696,45,0,13,28.9
1103057010009,원효로2동,152714,152714-152708,65,8,4,7.0
1103057020001,원효로2동,152727,152727-152725,58,0,12,20.7
1103057020001,원효로2동,152727,152727-152730,58,0,11,19.0
1103057020001,원효로2동,152727,152727-152728,58,0,1,1.7
1103057020101,원효로2동,150824,150824-150821,30,0,20,66.7
1103057020201,원효로2동,151965,151965-151963,44,0,11,25.0
1103058030007,효창동,152831,152831-152827,81,0,1,1.2
1103058040001,효창동,152991,152991-152990,61,0,8,13.1
1103059010001,용문동,152835,152835-157852,77,0,12,15.6
1103059010001,용문동,152835,152835-74385,77,0,1,1.3
1103059010004,용문동,150419,150419-150420,82,8,1,1.4
1103063020006,이촌1동,57510,57510-60483,10,0,5,50.0
1103063020004,이촌1동,65418,65418-65417,19,0,1,5.3
1103063020402,이촌1동,163097,163097-19948,21,0,5,23.8
1103063020402,이촌1동,163097,163097-163098,21,0,1,4.8
1103063021101,이촌1동,64466,64466-64465,16,0,5,31.2
1103063021602,이촌1동,60457,60457-65417,16,0,1,6.2
1103063021602,이촌1동,60457,60457-60467,16,0,5,31.2
1103063021704,이촌1동,57468,57468-57442,19,0,5,26.3
1103064011601,이촌2동,212099,212099-213477,14,0,1,7.1
1103064012301,이촌2동,63257,63257-63258,26,0,1,3.8
1103065020003,이태원1동,160591,160591-161645,36,0,4,11.1
1103065030003,이태원1동,152050,152050-150213,44,1,1,2.3
1103066020002,이태원2동,148569,148569-148680,23,0,10,43.5
1103066020002,이태원2동,148569,148569-148675,23,0,10,43.5
1103066020004,이태원2동,148581,148581-148694,31,7,4,16.7
1103066020004,이태원2동,148581,148581-148494,31,7,4,16.7
1103069010102,서빙고동,169573,169573-182766,14,0,1,7.1
1103069020008,서빙고동,168607,168607-168613,18,0,1,5.6
1103069020009,서빙고동,169593,169593-169591,19,0,1,5.3
1103069020003,서빙고동,168537,168537-168520,18,0,1,5.6
1103069020106,서빙고동,66092,66092-161803,23,0,4,17.4
1103069020106,서빙고동,66092,66092-66110,23,0,3,13.0
1103069020104,서빙고동,66159,66159-66158,15,0,1,6.7
1103070010018,보광동,176945,176945-176903,43,0,1,2.3
1103070010018,보광동,176945,176945-176908,43,0,1,2.3
1103070010014,보광동,66102,66102-66100,38,0,4,10.5
1103070010010,보광동,177013,177013-177015,35,0,4,11.4
1103070030001,보광동,179211,179211-179215,26,0,2,7.7
1103070030001,보광동,179211,179211-177837,26,0,1,3.8
1103071040010,청파동,177062,177062-143307,45,0,1,2.2
1103072020006,원효로1동,157657,157657-153927,71,0,12,16.9
1103072020003,원효로1동,164376,164376-63519,56,9,3,6.4
1103073010202,한강로동,46952,46952-47139,39,0,8,20.5
1103073030201,한강로동,64832,64832-64830,27,0,1,3.7
1103073040001,한강로동,163072,163072-163065,22,0,3,13.6
1103074020001,한남동,158310,158310-155992,30,0,1,3.3
1103074050001,한남동,66771,66771-178766,28,0,1,3.6
1103074050001,한남동,66771,66771-66772,28,0,3,10.7
1102054040001,회현동,5833,5833-5840,59,14,8,17.8
1102054050004,회현동,6080,6080-6081,56,22,1,2.9
1102054050101,회현동,6403,6403-6402,31,1,11,36.7
1102054070001,회현동,6424,6424-6425,17,0,1,5.9
1102059060002,광희동,7364,7364-7372,60,0,1,1.7
1102059070001,광희동,9840,9840-6950,43,0,1,2.3
1102065010001,신당5동,9618,9618-26184,46,0,1,2.2
1102065020006,신당5동,155363,155363-10193,51,0,2,3.9
1102065020011,신당5동,9138,9138-9146,53,0,2,3.8
1102065020011,신당5동,9138,9138-103170,53,0,2,3.8
1102065020007,신당5동,165146,165146-10195,55,2,2,3.8
1102065020007,신당5동,165146,165146-9193,55,2,2,3.8
1102065020602,신당5동,9545,9545-9541,44,0,2,4.5
1102067010004,황학동,72248,72248-10243,57,0,5,8.8
1102067010104,황학동,162811,162811-10243,54,0,5,9.3
1102067020003,황학동,163170,163170-10232,59,0,2,3.4
1102067020201,황학동,9502,9502-9503,47,0,2,4.3
1102067020601,황학동,164567,164567-164580,57,1,2,3.6
1102067020601,황학동,164567,164567-9474,57,1,2,3.6
1102068020202,중림동,5560,5560-5559,51,0,5,9.8
1102070010004,다산동,10171,10171-10161,43,0,2,4.7
1102070010003,다산동,125859,125859-8917,45,1,2,4.5
1102070020007,다산동,8035,8035-8049,15,0,6,40.0
1102071010004,약수동,9962,9962-8933,34,0,1,2.9
1102071020001,약수동,8473,8473-8477,24,0,7,29.2
1102071020109,약수동,10319,10319-8518,37,4,8,24.2
1102072010107,청구동,9021,9021-9015,40,0,2,5.0
