station,net_node,hour,threshold,nodes_CA,nodes_TCA,reduction_pct
한성대입구,5973684086,6,38.0,1088,1088,0.0
제기동,9655918649,6,38.0,1288,1288,0.0
신이문,3831106833,6,38.0,1042,1042,0.0
회기,9776882774,6,38.0,1756,1756,0.0
월계,3834716670,6,38.0,300,300,0.0
녹천,3834717475,6,38.0,227,227,0.0
광운대,436854528,6,38.0,396,396,0.0
창동,3834608837,6,38.0,424,424,0.0
방학,3846919916,6,38.0,688,688,0.0
오류동,8508812072,6,38.0,98,98,0.0
개봉,5442986444,6,38.0,390,390,0.0
구일,3210749463,6,38.0,272,272,0.0
일원,9454279402,6,38.0,208,208,0.0
양원,9534964626,6,38.0,911,911,0.0
한남,3852156874,6,38.0,249,249,0.0
수색,11944713936,6,38.0,364,364,0.0
940정거장,3011994542,6,38.0,315,315,0.0
중랑,10138603166,6,38.0,1617,1617,0.0
망우,9760894592,6,38.0,1800,1800,0.0
국회의사당,2932339394,6,38.0,587,587,0.0
노들,4627760504,6,38.0,448,448,0.0
신설동,13227969660,6,38.0,1231,1231,0.0
용답,2460188229,6,38.0,807,807,0.0
신촌,13683819523,6,38.0,2215,2215,0.0
수서,6299196105,6,38.0,236,236,0.0
충정로,3893042379,6,38.0,1387,1387,0.0
서강대,5221755996,6,38.0,2111,2111,0.0
종로5가,436883169,6,38.0,1678,1678,0.0
고속터미널,9798531671,6,38.0,689,689,0.0
청량리,10121691848,6,38.0,1413,1413,0.0
봉은사,595750357,6,38.0,602,602,0.0
언주,414684639,6,38.0,1033,1033,0.0
삼성중앙,595750358,6,38.0,682,682,0.0
사평,13512489422,6,38.0,789,789,0.0
선정릉,2110338712,6,38.0,804,804,0.0
신논현,8376423650,6,38.0,1082,1082,0.0
외대앞,3831105923,6,38.0,1212,1212,0.0
구반포,11641428792,6,38.0,381,381,0.0
흑석,436881334,6,38.0,262,262,0.0
신반포,10918075302,6,38.0,556,556,0.0
온수,4987997944,6,38.0,269,269,0.0
왕십리,9083521281,6,38.0,1411,1411,0.0
응봉,13780851569,6,38.0,76,76,0.0
도봉,7006105399,6,38.0,659,659,0.0
서빙고,12874837067,6,38.0,295,295,0.0
양재,11431861586,6,38.0,940,940,0.0
이촌,4172393733,6,38.0,454,454,0.0
복정,11330600853,6,38.0,392,392,0.0
독산,4095041979,6,38.0,268,268,0.0
신내,9810803930,6,38.0,662,662,0.0
금천구청,5308009219,6,38.0,605,605,0.0
암사역사공원,436817489,6,38.0,476,476,0.0
보문,436873184,6,38.0,1115,1115,0.0
동작,7660036116,6,38.0,204,204,0.0
서울,10013086401,6,38.0,830,830,0.0
도곡,5403582157,6,38.0,462,462,0.0
김포공항,2353543144,6,38.0,522,522,0.0
동대문역사문화공원,8496801700,6,38.0,1850,1850,0.0
구로,8918160546,6,38.0,533,533,0.0
북한산보국문,3841557294,6,38.0,582,582,0.0
안국,436867523,6,38.0,1297,1297,0.0
강일,13093833784,6,38.0,347,347,0.0
천호,999136673,6,38.0,1051,1051,0.0
서원,1835221331,6,38.0,1227,1227,0.0
동대문,3830591792,6,38.0,1671,1671,0.0
삼각지,5589627062,6,38.0,902,902,0.0
도봉산,5246596481,6,38.0,477,477,0.0
도봉산,5246596482,6,38.0,488,488,0.0
영등포,11459128410,6,38.0,783,783,0.0
노량진,3785111388,6,38.0,417,417,0.0
용산,10816124190,6,38.0,415,415,0.0
종각,11198015018,6,38.0,1508,1508,0.0
건대입구,2613069963,6,38.0,1123,1123,0.0
가좌,5756085341,6,38.0,950,950,0.0
남영,7836289839,6,38.0,867,867,0.0
대방,4617447369,6,38.0,306,306,0.0
응암,8735757178,6,38.0,2062,2062,0.0
합정,5215341441,6,38.0,1477,1477,0.0
동묘앞,4170064719,6,38.0,1658,1658,0.0
고려대,5404768239,6,38.0,1585,1585,0.0
홍대입구,11841458495,6,38.0,2240,2240,0.0
디지털미디어시티,9891051186,6,38.0,182,182,0.0
선릉,2280678836,6,38.0,766,766,0.0
강남구청,2282830004,6,38.0,911,911,0.0
강남,7168335697,6,38.0,1287,1287,0.0
가락시장,10939998666,6,38.0,266,266,0.0
을지로3가,7694743853,6,38.0,1932,1932,0.0
불광,11228575654,6,38.0,1358,1358,0.0
구의,3958847218,6,38.0,330,330,0.0
강변,1850655113,6,38.0,359,359,0.0
잠실나루,5159105401,6,38.0,251,251,0.0
옥수,3851466435,6,38.0,215,215,0.0
충무로,3846576172,6,38.0,1502,1502,0.0
약수,3846603560,6,38.0,839,839,0.0
교대,3355067052,6,38.0,895,895,0.0
오금,3278844051,6,38.0,992,992,0.0
한양대,8992783196,6,38.0,906,906,0.0
성수,2551966241,6,38.0,805,805,0.0
시청,3404904658,6,38.0,1074,1074,0.0
을지로입구,436830313,6,38.0,1494,1494,0.0
을지로4가,10296582868,6,38.0,1599,1599,0.0
신당,414685846,6,38.0,1733,1733,0.0
상왕십리,11127349744,6,38.0,1796,1796,0.0
신촌,5937884691,6,38.0,2707,2707,0.0
이대,9283138042,6,38.0,1934,1934,0.0
아현,1936511359,6,38.0,1758,1758,0.0
마곡나루,4019735070,6,38.0,568,568,0.0
당산,3216944261,6,38.0,692,692,0.0
문래,11455185928,6,38.0,1223,1223,0.0
신도림,5344219251,6,38.0,229,229,0.0
구로디지털단지,4624772818,6,38.0,665,665,0.0
신대방,4624808762,6,38.0,578,578,0.0
신림,5404739367,6,38.0,1212,1212,0.0
봉천,5404739628,6,38.0,1274,1274,0.0
서울대입구,5406451695,6,38.0,959,959,0.0
낙성대,5406462591,6,38.0,618,618,0.0
방배,8471989456,6,38.0,421,421,0.0
서초,3221788784,6,38.0,652,652,0.0
역삼,2280678732,6,38.0,948,948,0.0
삼성,733859380,6,38.0,606,606,0.0
종합운동장,1430639131,6,38.0,362,362,0.0
잠실새내,2957013438,6,38.0,642,642,0.0
잠실,7877518993,6,38.0,415,415,0.0
양천구청,3380999909,6,38.0,471,471,0.0
신정네거리,9572122970,6,38.0,759,759,0.0
도림천,4630961655,6,38.0,567,567,0.0
경찰병원,1812000920,6,38.0,649,649,0.0
대청,2927282422,6,38.0,495,495,0.0
학여울,4643770712,6,38.0,520,520,0.0
대치,2281644495,6,38.0,618,618,0.0
매봉,5406359683,6,38.0,583,583,0.0
남부터미널,436864976,6,38.0,743,743,0.0
잠원,4634374794,6,38.0,513,513,0.0
신사,8489501829,6,38.0,1026,1026,0.0
압구정,9891581229,6,38.0,1171,1171,0.0
금호,4201516987,6,38.0,552,552,0.0
동대입구,436870722,6,38.0,1131,1131,0.0
경복궁,6033544429,6,38.0,1196,1196,0.0
독립문,13460710395,6,38.0,816,816,0.0
무악재,11296428367,6,38.0,455,455,0.0
홍제,436868050,6,38.0,855,855,0.0
녹번,436867704,6,38.0,786,786,0.0
구파발,8515726110,6,38.0,786,786,0.0
불암산,3841778897,6,38.0,478,478,0.0
쌍문,436836179,6,38.0,1106,1106,0.0
수유,9813541694,6,38.0,1433,1433,0.0
미아,9819314920,6,38.0,1362,1362,0.0
미아사거리,5198597933,6,38.0,1334,1334,0.0
길음,5210130825,6,38.0,921,921,0.0
혜화,2409390726,6,38.0,915,915,0.0
명동,7495868732,6,38.0,1420,1420,0.0
회현,12920546288,6,38.0,1025,1025,0.0
서울역,5348913449,6,38.0,990,990,0.0
숙대입구,2533148374,6,38.0,1017,1017,0.0
신용산,10816047755,6,38.0,445,445,0.0
사당,11521991148,6,38.0,772,772,0.0
남태령,7621561344,6,38.0,140,140,0.0
마천,10277058704,6,38.0,1004,1004,0.0
거여,4489986954,6,38.0,1107,1107,0.0
개롱,12142687377,6,38.0,1146,1146,0.0
방이,2310500979,6,38.0,840,840,0.0
올림픽공원,8493888383,6,38.0,637,637,0.0
둔촌동,4680325914,6,38.0,548,548,0.0
상일동,7106623354,6,38.0,484,484,0.0
고덕,5915757376,6,38.0,713,713,0.0
명일,10009228390,6,38.0,570,570,0.0
굽은다리,3851742835,6,38.0,725,725,0.0
길동,3856135009,6,38.0,792,792,0.0
강동,3856513978,6,38.0,814,814,0.0
광나루,11182352080,6,38.0,452,452,0.0
아차산,2123390941,6,38.0,612,612,0.0
장한평,10708070992,6,38.0,481,481,0.0
답십리,10708182321,6,38.0,295,295,0.0
마장,3832676328,6,38.0,1208,1208,0.0
행당,3833113882,6,38.0,1241,1241,0.0
신금호,3848968727,6,38.0,743,743,0.0
광화문,13971398420,6,38.0,1418,1418,0.0
서대문,445343537,6,38.0,1362,1362,0.0
애오개,13142535285,6,38.0,1849,1849,0.0
공덕,9941864292,6,38.0,1998,1998,0.0
마포,13227969612,6,38.0,1192,1192,0.0
여의나루,355173356,6,38.0,598,598,0.0
여의도,4744225606,6,38.0,421,421,0.0
신길,4529530743,6,38.0,518,518,0.0
영등포시장,355173354,6,38.0,1102,1102,0.0
영등포구청,5215341470,6,38.0,1148,1148,0.0
양평,436860925,6,38.0,708,708,0.0
오목교,2808319707,6,38.0,1088,1088,0.0
목동,13895049012,6,38.0,1061,1061,0.0
신정,2848435510,6,38.0,787,787,0.0
까치산,1906282324,6,38.0,941,941,0.0
화곡,2289350750,6,38.0,1376,1376,0.0
우장산,4706229292,6,38.0,1447,1447,0.0
발산,1791473931,6,38.0,929,929,0.0
마곡,13800646917,6,38.0,593,593,0.0
송정,4602991606,6,38.0,677,677,0.0
개화산,9228947724,6,38.0,593,593,0.0
방화,2702609963,6,38.0,435,435,0.0
봉화산,436834232,6,38.0,477,477,0.0
화랑대,3842209686,6,38.0,904,904,0.0
석계,1795189949,6,38.0,982,982,0.0
돌곶이,3830773366,6,38.0,1397,1397,0.0
상월곡,5219803722,6,38.0,1040,1040,0.0
월곡,5406198806,6,38.0,1159,1159,0.0
안암,7625622864,6,38.0,1804,1804,0.0
창신,1943131791,6,38.0,758,758,0.0
청구,1936511423,6,38.0,1242,1242,0.0
버티고개,3847632030,6,38.0,334,334,0.0
한강진,436868241,6,38.0,569,569,0.0
이태원,2470887090,6,38.0,754,754,0.0
녹사평,2384953064,6,38.0,1040,1040,0.0
효창공원앞,4426288471,6,38.0,1133,1133,0.0
대흥,9987526934,6,38.0,1983,1983,0.0
광흥창,4101356295,6,38.0,1853,1853,0.0
상수,414685238,6,38.0,1337,1337,0.0
망원,445327391,6,38.0,1724,1724,0.0
마포구청,5905951490,6,38.0,1038,1038,0.0
월드컵경기장,798569457,6,38.0,500,500,0.0
증산,3823125035,6,38.0,1303,1303,0.0
새절,3822999355,6,38.0,1828,1828,0.0
구산,2292697262,6,38.0,1767,1767,0.0
연신내,13357342120,6,38.0,1578,1578,0.0
독바위,3824954278,6,38.0,914,914,0.0
역촌,10789220053,6,38.0,1917,1917,0.0
어린이대공원,7939459503,6,38.0,860,860,0.0
군자,8743773046,6,38.0,1103,1103,0.0
중곡,3840461137,6,38.0,932,932,0.0
용마산,10141309870,6,38.0,1285,1285,0.0
사가정,436849774,6,38.0,1805,1805,0.0
면목,436816024,6,38.0,1746,1746,0.0
상봉,436718863,6,38.0,2078,2078,0.0
중화,3819991417,6,38.0,1857,1857,0.0
먹골,436538654,6,38.0,1117,1117,0.0
태릉입구,13821634895,6,38.0,1354,1354,0.0
공릉,13566284590,6,38.0,1151,1151,0.0
하계,13566334119,6,38.0,554,554,0.0
중계,3835756882,6,38.0,440,440,0.0
노원,10598556476,6,38.0,697,697,0.0
마들,9410070134,6,38.0,1010,1010,0.0
수락산,13566334197,6,38.0,619,619,0.0
가산디지털단지,436846908,6,38.0,460,460,0.0
남구로,2590252230,6,38.0,768,768,0.0
대림,2589375675,6,38.0,858,858,0.0
신풍,2108483850,6,38.0,848,848,0.0
보라매,2108483937,6,38.0,721,721,0.0
신대방삼거리,2108483943,6,38.0,901,901,0.0
장승배기,1830596637,6,38.0,854,854,0.0
상도,436821675,6,38.0,771,771,0.0
숭실대입구,11413637825,6,38.0,585,585,0.0
남성,4195693782,6,38.0,686,686,0.0
이수,13434371130,6,38.0,970,970,0.0
내방,2110270505,6,38.0,487,487,0.0
반포,9914441894,6,38.0,746,746,0.0
논현,2280678861,6,38.0,955,955,0.0
학동,2279487893,6,38.0,1030,1030,0.0
청담,2279487921,6,38.0,785,785,0.0
자양,9040152140,6,38.0,636,636,0.0
용두,1939143883,6,38.0,1269,1269,0.0
신답,2460188205,6,38.0,45,45,0.0
천왕,1784377384,6,38.0,338,338,0.0
장지,11202554992,6,38.0,983,983,0.0
문정,6832910091,6,38.0,581,581,0.0
송파,2280491847,6,38.0,553,553,0.0
석촌,2280491863,6,38.0,301,301,0.0
몽촌토성,2346858828,6,38.0,451,451,0.0
강동구청,436855505,6,38.0,904,904,0.0
암사,999136556,6,38.0,828,828,0.0
중앙보훈병원,4197252516,6,38.0,357,357,0.0
둔촌오륜,11229084218,6,38.0,377,377,0.0
한성백제,10009448574,6,38.0,394,394,0.0
송파나루,1809560163,6,38.0,485,485,0.0
석촌고분,10855673146,6,38.0,780,780,0.0
삼전,4186302819,6,38.0,613,613,0.0
대모산입구,4643770733,6,38.0,495,495,0.0
개포동,2032418657,6,38.0,428,428,0.0
구룡,436814317,6,38.0,225,225,0.0
한티,4784810914,6,38.0,616,616,0.0
압구정로데오,596509934,6,38.0,705,705,0.0
서울숲,9081846792,6,38.0,723,723,0.0
양재시민의숲,12872531616,6,38.0,667,667,0.0
청계산입구,11744211938,6,38.0,177,177,0.0
성신여대입구,5226829495,6,38.0,886,886,0.0
청량리,7749822746,6,38.0,1451,1451,0.0
신내,9534964676,6,38.0,661,661,0.0
종로3가,7068953101,6,38.0,1739,1739,0.0
신설동,13345643243,6,38.0,1380,1380,0.0
성신여대입구,9816197077,6,38.0,862,862,0.0
이촌,13472471079,6,38.0,485,485,0.0
서울역,10216518963,6,38.0,550,550,0.0
수서,6004121530,6,38.0,224,224,0.0
건대입구,11303511536,6,38.0,1018,1018,0.0
선정릉,596482732,6,38.0,765,765,0.0
선릉,860338496,6,38.0,762,762,0.0
도곡,3418782698,6,38.0,447,447,0.0
수서,12364278188,6,38.0,233,233,0.0
복정,11330600836,6,38.0,445,445,0.0
왕십리,9369050246,6,38.0,1530,1530,0.0
왕십리,11127349780,6,38.0,1663,1663,0.0
신설동,4173042514,6,38.0,1293,1293,0.0
939정거장,8436624771,6,38.0,364,364,0.0
창동,4659124351,6,38.0,526,526,0.0
동작,3401123578,6,38.0,13,13,0.0
개화,9701881739,6,38.0,242,242,0.0
상봉,2470981971,6,38.0,1849,1849,0.0
관악산,4373612914,6,38.0,549,549,0.0
서울대벤처타운,1835221096,6,38.0,879,879,0.0
신림,1844912791,6,38.0,1197,1197,0.0
당곡,436858756,6,38.0,1055,1055,0.0
보라매병원,436847189,6,38.0,817,817,0.0
보라매공원,7916896848,6,38.0,516,516,0.0
보라매,2819460436,6,38.0,703,703,0.0
서울지방병무청,11178013529,6,38.0,675,675,0.0
대방,11553007316,6,38.0,534,534,0.0
샛강,13506574406,6,38.0,361,361,0.0
샛강,13670786965,6,38.0,348,348,0.0
서울역,3390941198,6,38.0,980,980,0.0
디지털미디어시티,2605603657,6,38.0,383,383,0.0
디지털미디어시티,4652833827,6,38.0,469,469,0.0
노원,5706189891,6,38.0,776,776,0.0
양재,4865811281,6,38.0,893,893,0.0
강남,3087683154,6,38.0,1222,1222,0.0
당산,10814323607,6,38.0,737,737,0.0
서울역,3391063393,6,38.0,1011,1011,0.0
신길,4636791670,6,38.0,720,720,0.0
가산디지털단지,2108483903,6,38.0,492,492,0.0
상계,3401474874,6,38.0,689,689,0.0
선유도,2726710465,6,38.0,537,537,0.0
신목동,2812530406,6,38.0,405,405,0.0
염창,2289016390,6,38.0,683,683,0.0
등촌,2290015312,6,38.0,810,810,0.0
증미,3042643876,6,38.0,673,673,0.0
가양,2142681442,6,38.0,885,885,0.0
양천향교,414683333,6,38.0,635,635,0.0
신방화,10814323761,6,38.0,827,827,0.0
공항시장,4604019398,6,38.0,777,777,0.0
총신대입구(이수),4984575377,6,38.0,877,877,0.0
동묘앞,3830591800,6,38.0,1683,1683,0.0
동대문,7195666618,6,38.0,1827,1827,0.0
종로3가,4198116864,6,38.0,1363,1363,0.0
종로3가,4197560774,6,38.0,1595,1595,0.0
정릉,3828480980,6,38.0,700,700,0.0
솔샘,3841342870,6,38.0,826,826,0.0
삼양사거리,3841342963,6,38.0,1425,1425,0.0
삼양,3840741768,6,38.0,1428,1428,0.0
화계,436865378,6,38.0,1464,1464,0.0
가오리,3840936112,6,38.0,1346,1346,0.0
4.19민주묘지,3841077641,6,38.0,939,939,0.0
솔밭공원,3626451463,6,38.0,493,493,0.0
북한산우이,11824482197,6,38.0,274,274,0.0
시청,7677568503,6,38.0,1206,1206,0.0
노량진,4627778176,6,38.0,411,411,0.0
김포공항,7981330101,6,38.0,553,553,0.0
김포공항,4874729815,6,38.0,614,614,0.0
옥수,8222891384,6,38.0,318,318,0.0
신도림,5119449050,6,38.0,331,331,0.0
수서,11563289590,6,38.0,234,234,0.0
연신내,10678122489,6,38.0,1643,1643,0.0
뚝섬,8498978693,6,38.0,756,756,0.0
동대문역사문화공원,414685825,6,38.0,1759,1759,0.0
동대문역사문화공원,1945254583,6,38.0,1864,1864,0.0
종합운동장,13894950326,6,38.0,402,402,0.0
홍대입구,13227913200,6,38.0,2129,2129,0.0
942정거장,436815896,6,38.0,625,625,0.0
한성대입구,5973684086,6,42.7,1088,1088,0.0
제기동,9655918649,6,42.7,1288,1288,0.0
신이문,3831106833,6,42.7,1042,1042,0.0
회기,9776882774,6,42.7,1756,1756,0.0
월계,3834716670,6,42.7,300,300,0.0
녹천,3834717475,6,42.7,227,227,0.0
광운대,436854528,6,42.7,396,396,0.0
창동,3834608837,6,42.7,424,424,0.0
방학,3846919916,6,42.7,688,688,0.0
오류동,8508812072,6,42.7,98,98,0.0
개봉,5442986444,6,42.7,390,390,0.0
구일,3210749463,6,42.7,272,272,0.0
일원,9454279402,6,42.7,208,208,0.0
양원,9534964626,6,42.7,911,911,0.0
한남,3852156874,6,42.7,249,249,0.0
수색,11944713936,6,42.7,364,364,0.0
940정거장,3011994542,6,42.7,315,315,0.0
중랑,10138603166,6,42.7,1617,1617,0.0
망우,9760894592,6,42.7,1800,1800,0.0
국회의사당,2932339394,6,42.7,587,587,0.0
노들,4627760504,6,42.7,448,448,0.0
신설동,13227969660,6,42.7,1231,1231,0.0
용답,2460188229,6,42.7,807,807,0.0
신촌,13683819523,6,42.7,2215,2215,0.0
수서,6299196105,6,42.7,236,236,0.0
충정로,3893042379,6,42.7,1387,1387,0.0
서강대,5221755996,6,42.7,2111,2111,0.0
종로5가,436883169,6,42.7,1678,1678,0.0
고속터미널,9798531671,6,42.7,689,689,0.0
청량리,10121691848,6,42.7,1413,1413,0.0
봉은사,595750357,6,42.7,602,602,0.0
언주,414684639,6,42.7,1033,1033,0.0
삼성중앙,595750358,6,42.7,682,682,0.0
사평,13512489422,6,42.7,789,789,0.0
선정릉,2110338712,6,42.7,804,804,0.0
신논현,8376423650,6,42.7,1082,1082,0.0
외대앞,3831105923,6,42.7,1212,1212,0.0
구반포,11641428792,6,42.7,381,381,0.0
흑석,436881334,6,42.7,262,262,0.0
신반포,10918075302,6,42.7,556,556,0.0
온수,4987997944,6,42.7,269,269,0.0
왕십리,9083521281,6,42.7,1411,1411,0.0
응봉,13780851569,6,42.7,76,76,0.0
도봉,7006105399,6,42.7,659,659,0.0
서빙고,12874837067,6,42.7,295,295,0.0
양재,11431861586,6,42.7,940,940,0.0
이촌,4172393733,6,42.7,454,454,0.0
복정,11330600853,6,42.7,392,392,0.0
독산,4095041979,6,42.7,268,268,0.0
신내,9810803930,6,42.7,662,662,0.0
금천구청,5308009219,6,42.7,605,605,0.0
암사역사공원,436817489,6,42.7,476,476,0.0
보문,436873184,6,42.7,1115,1115,0.0
동작,7660036116,6,42.7,204,204,0.0
서울,10013086401,6,42.7,830,830,0.0
도곡,5403582157,6,42.7,462,462,0.0
김포공항,2353543144,6,42.7,522,522,0.0
동대문역사문화공원,8496801700,6,42.7,1850,1850,0.0
구로,8918160546,6,42.7,533,533,0.0
북한산보국문,3841557294,6,42.7,582,582,0.0
안국,436867523,6,42.7,1297,1297,0.0
강일,13093833784,6,42.7,347,347,0.0
천호,999136673,6,42.7,1051,1051,0.0
서원,1835221331,6,42.7,1227,1227,0.0
동대문,3830591792,6,42.7,1671,1671,0.0
삼각지,5589627062,6,42.7,902,902,0.0
도봉산,5246596481,6,42.7,477,477,0.0
도봉산,5246596482,6,42.7,488,488,0.0
영등포,11459128410,6,42.7,783,783,0.0
노량진,3785111388,6,42.7,417,417,0.0
용산,10816124190,6,42.7,415,415,0.0
종각,11198015018,6,42.7,1508,1508,0.0
건대입구,2613069963,6,42.7,1123,1123,0.0
가좌,5756085341,6,42.7,950,950,0.0
남영,7836289839,6,42.7,867,867,0.0
대방,4617447369,6,42.7,306,306,0.0
응암,8735757178,6,42.7,2062,2062,0.0
합정,5215341441,6,42.7,1477,1477,0.0
동묘앞,4170064719,6,42.7,1658,1658,0.0
고려대,5404768239,6,42.7,1585,1585,0.0
홍대입구,11841458495,6,42.7,2240,2240,0.0
디지털미디어시티,9891051186,6,42.7,182,182,0.0
선릉,2280678836,6,42.7,766,766,0.0
강남구청,2282830004,6,42.7,911,911,0.0
강남,7168335697,6,42.7,1287,1287,0.0
가락시장,10939998666,6,42.7,266,266,0.0
을지로3가,7694743853,6,42.7,1932,1932,0.0
불광,11228575654,6,42.7,1358,1358,0.0
구의,3958847218,6,42.7,330,330,0.0
강변,1850655113,6,42.7,359,359,0.0
잠실나루,5159105401,6,42.7,251,251,0.0
옥수,3851466435,6,42.7,215,215,0.0
충무로,3846576172,6,42.7,1502,1502,0.0
약수,3846603560,6,42.7,839,839,0.0
교대,3355067052,6,42.7,895,895,0.0
오금,3278844051,6,42.7,992,992,0.0
한양대,8992783196,6,42.7,906,906,0.0
성수,2551966241,6,42.7,805,805,0.0
시청,3404904658,6,42.7,1074,1074,0.0
을지로입구,436830313,6,42.7,1494,1494,0.0
을지로4가,10296582868,6,42.7,1599,1599,0.0
신당,414685846,6,42.7,1733,1733,0.0
상왕십리,11127349744,6,42.7,1796,1796,0.0
신촌,5937884691,6,42.7,2707,2707,0.0
이대,9283138042,6,42.7,1934,1934,0.0
아현,1936511359,6,42.7,1758,1758,0.0
마곡나루,4019735070,6,42.7,568,568,0.0
당산,3216944261,6,42.7,692,692,0.0
문래,11455185928,6,42.7,1223,1223,0.0
신도림,5344219251,6,42.7,229,229,0.0
구로디지털단지,4624772818,6,42.7,665,665,0.0
신대방,4624808762,6,42.7,578,578,0.0
신림,5404739367,6,42.7,1212,1212,0.0
봉천,5404739628,6,42.7,1274,1274,0.0
서울대입구,5406451695,6,42.7,959,959,0.0
낙성대,5406462591,6,42.7,618,618,0.0
방배,8471989456,6,42.7,421,421,0.0
서초,3221788784,6,42.7,652,652,0.0
역삼,2280678732,6,42.7,948,948,0.0
삼성,733859380,6,42.7,606,606,0.0
종합운동장,1430639131,6,42.7,362,362,0.0
잠실새내,2957013438,6,42.7,642,642,0.0
잠실,7877518993,6,42.7,415,415,0.0
양천구청,3380999909,6,42.7,471,471,0.0
신정네거리,9572122970,6,42.7,759,759,0.0
도림천,4630961655,6,42.7,567,567,0.0
경찰병원,1812000920,6,42.7,649,649,0.0
대청,2927282422,6,42.7,495,495,0.0
학여울,4643770712,6,42.7,520,520,0.0
대치,2281644495,6,42.7,618,618,0.0
매봉,5406359683,6,42.7,583,583,0.0
남부터미널,436864976,6,42.7,743,743,0.0
잠원,4634374794,6,42.7,513,513,0.0
신사,8489501829,6,42.7,1026,1026,0.0
압구정,9891581229,6,42.7,1171,1171,0.0
금호,4201516987,6,42.7,552,552,0.0
동대입구,436870722,6,42.7,1131,1131,0.0
경복궁,6033544429,6,42.7,1196,1196,0.0
독립문,13460710395,6,42.7,816,816,0.0
무악재,11296428367,6,42.7,455,455,0.0
홍제,436868050,6,42.7,855,855,0.0
녹번,436867704,6,42.7,786,786,0.0
구파발,8515726110,6,42.7,786,786,0.0
불암산,3841778897,6,42.7,478,478,0.0
쌍문,436836179,6,42.7,1106,1106,0.0
수유,9813541694,6,42.7,1433,1433,0.0
미아,9819314920,6,42.7,1362,1362,0.0
미아사거리,5198597933,6,42.7,1334,1334,0.0
길음,5210130825,6,42.7,921,921,0.0
혜화,2409390726,6,42.7,915,915,0.0
명동,7495868732,6,42.7,1420,1420,0.0
회현,12920546288,6,42.7,1025,1025,0.0
서울역,5348913449,6,42.7,990,990,0.0
숙대입구,2533148374,6,42.7,1017,1017,0.0
신용산,10816047755,6,42.7,445,445,0.0
사당,11521991148,6,42.7,772,772,0.0
남태령,7621561344,6,42.7,140,140,0.0
마천,10277058704,6,42.7,1004,1004,0.0
거여,4489986954,6,42.7,1107,1107,0.0
개롱,12142687377,6,42.7,1146,1146,0.0
방이,2310500979,6,42.7,840,840,0.0
올림픽공원,8493888383,6,42.7,637,637,0.0
둔촌동,4680325914,6,42.7,548,548,0.0
상일동,7106623354,6,42.7,484,484,0.0
고덕,5915757376,6,42.7,713,713,0.0
명일,10009228390,6,42.7,570,570,0.0
굽은다리,3851742835,6,42.7,725,725,0.0
길동,3856135009,6,42.7,792,792,0.0
강동,3856513978,6,42.7,814,814,0.0
광나루,11182352080,6,42.7,452,452,0.0
아차산,2123390941,6,42.7,612,612,0.0
장한평,10708070992,6,42.7,481,481,0.0
답십리,10708182321,6,42.7,295,295,0.0
마장,3832676328,6,42.7,1208,1208,0.0
행당,3833113882,6,42.7,1241,1241,0.0
신금호,3848968727,6,42.7,743,743,0.0
광화문,13971398420,6,42.7,1418,1418,0.0
서대문,445343537,6,42.7,1362,1362,0.0
애오개,13142535285,6,42.7,1849,1849,0.0
공덕,9941864292,6,42.7,1998,1998,0.0
마포,13227969612,6,42.7,1192,1192,0.0
여의나루,355173356,6,42.7,598,598,0.0
여의도,4744225606,6,42.7,421,421,0.0
신길,4529530743,6,42.7,518,518,0.0
영등포시장,355173354,6,42.7,1102,1102,0.0
영등포구청,5215341470,6,42.7,1148,1148,0.0
양평,436860925,6,42.7,708,708,0.0
오목교,2808319707,6,42.7,1088,1088,0.0
목동,13895049012,6,42.7,1061,1061,0.0
신정,2848435510,6,42.7,787,787,0.0
까치산,1906282324,6,42.7,941,941,0.0
화곡,2289350750,6,42.7,1376,1376,0.0
우장산,4706229292,6,42.7,1447,1447,0.0
발산,1791473931,6,42.7,929,929,0.0
마곡,13800646917,6,42.7,593,593,0.0
송정,4602991606,6,42.7,677,677,0.0
개화산,9228947724,6,42.7,593,593,0.0
방화,2702609963,6,42.7,435,435,0.0
봉화산,436834232,6,42.7,477,477,0.0
화랑대,3842209686,6,42.7,904,904,0.0
석계,1795189949,6,42.7,982,982,0.0
돌곶이,3830773366,6,42.7,1397,1397,0.0
상월곡,5219803722,6,42.7,1040,1040,0.0
월곡,5406198806,6,42.7,1159,1159,0.0
안암,7625622864,6,42.7,1804,1804,0.0
창신,1943131791,6,42.7,758,758,0.0
청구,1936511423,6,42.7,1242,1242,0.0
버티고개,3847632030,6,42.7,334,334,0.0
한강진,436868241,6,42.7,569,569,0.0
이태원,2470887090,6,42.7,754,754,0.0
녹사평,2384953064,6,42.7,1040,1040,0.0
효창공원앞,4426288471,6,42.7,1133,1133,0.0
대흥,9987526934,6,42.7,1983,1983,0.0
광흥창,4101356295,6,42.7,1853,1853,0.0
상수,414685238,6,42.7,1337,1337,0.0
망원,445327391,6,42.7,1724,1724,0.0
마포구청,5905951490,6,42.7,1038,1038,0.0
월드컵경기장,798569457,6,42.7,500,500,0.0
증산,3823125035,6,42.7,1303,1303,0.0
새절,3822999355,6,42.7,1828,1828,0.0
구산,2292697262,6,42.7,1767,1767,0.0
연신내,13357342120,6,42.7,1578,1578,0.0
독바위,3824954278,6,42.7,914,914,0.0
역촌,10789220053,6,42.7,1917,1917,0.0
어린이대공원,7939459503,6,42.7,860,860,0.0
군자,8743773046,6,42.7,1103,1103,0.0
중곡,3840461137,6,42.7,932,932,0.0
용마산,10141309870,6,42.7,1285,1285,0.0
사가정,436849774,6,42.7,1805,1805,0.0
면목,436816024,6,42.7,1746,1746,0.0
상봉,436718863,6,42.7,2078,2078,0.0
중화,3819991417,6,42.7,1857,1857,0.0
먹골,436538654,6,42.7,1117,1117,0.0
태릉입구,13821634895,6,42.7,1354,1354,0.0
공릉,13566284590,6,42.7,1151,1151,0.0
하계,13566334119,6,42.7,554,554,0.0
중계,3835756882,6,42.7,440,440,0.0
노원,10598556476,6,42.7,697,697,0.0
마들,9410070134,6,42.7,1010,1010,0.0
수락산,13566334197,6,42.7,619,619,0.0
가산디지털단지,436846908,6,42.7,460,460,0.0
남구로,2590252230,6,42.7,768,768,0.0
대림,2589375675,6,42.7,858,858,0.0
신풍,2108483850,6,42.7,848,848,0.0
보라매,2108483937,6,42.7,721,721,0.0
신대방삼거리,2108483943,6,42.7,901,901,0.0
장승배기,1830596637,6,42.7,854,854,0.0
상도,436821675,6,42.7,771,771,0.0
숭실대입구,11413637825,6,42.7,585,585,0.0
남성,4195693782,6,42.7,686,686,0.0
이수,13434371130,6,42.7,970,970,0.0
내방,2110270505,6,42.7,487,487,0.0
반포,9914441894,6,42.7,746,746,0.0
논현,2280678861,6,42.7,955,955,0.0
학동,2279487893,6,42.7,1030,1030,0.0
청담,2279487921,6,42.7,785,785,0.0
자양,9040152140,6,42.7,636,636,0.0
용두,1939143883,6,42.7,1269,1269,0.0
신답,2460188205,6,42.7,45,45,0.0
천왕,1784377384,6,42.7,338,338,0.0
장지,11202554992,6,42.7,983,983,0.0
문정,6832910091,6,42.7,581,581,0.0
송파,2280491847,6,42.7,553,553,0.0
석촌,2280491863,6,42.7,301,301,0.0
몽촌토성,2346858828,6,42.7,451,451,0.0
강동구청,436855505,6,42.7,904,904,0.0
암사,999136556,6,42.7,828,828,0.0
중앙보훈병원,4197252516,6,42.7,357,357,0.0
둔촌오륜,11229084218,6,42.7,377,377,0.0
한성백제,10009448574,6,42.7,394,394,0.0
송파나루,1809560163,6,42.7,485,485,0.0
석촌고분,10855673146,6,42.7,780,780,0.0
삼전,4186302819,6,42.7,613,613,0.0
대모산입구,4643770733,6,42.7,495,495,0.0
개포동,2032418657,6,42.7,428,428,0.0
구룡,436814317,6,42.7,225,225,0.0
한티,4784810914,6,42.7,616,616,0.0
압구정로데오,596509934,6,42.7,705,705,0.0
서울숲,9081846792,6,42.7,723,723,0.0
양재시민의숲,12872531616,6,42.7,667,667,0.0
청계산입구,11744211938,6,42.7,177,177,0.0
성신여대입구,5226829495,6,42.7,886,886,0.0
청량리,7749822746,6,42.7,1451,1451,0.0
신내,9534964676,6,42.7,661,661,0.0
종로3가,7068953101,6,42.7,1739,1739,0.0
신설동,13345643243,6,42.7,1380,1380,0.0
성신여대입구,9816197077,6,42.7,862,862,0.0
이촌,13472471079,6,42.7,485,485,0.0
서울역,10216518963,6,42.7,550,550,0.0
수서,6004121530,6,42.7,224,224,0.0
건대입구,11303511536,6,42.7,1018,1018,0.0
선정릉,596482732,6,42.7,765,765,0.0
선릉,860338496,6,42.7,762,762,0.0
도곡,3418782698,6,42.7,447,447,0.0
수서,12364278188,6,42.7,233,233,0.0
복정,11330600836,6,42.7,445,445,0.0
왕십리,9369050246,6,42.7,1530,1530,0.0
왕십리,11127349780,6,42.7,1663,1663,0.0
신설동,4173042514,6,42.7,1293,1293,0.0
939정거장,8436624771,6,42.7,364,364,0.0
창동,4659124351,6,42.7,526,526,0.0
동작,3401123578,6,42.7,13,13,0.0
개화,9701881739,6,42.7,242,242,0.0
상봉,2470981971,6,42.7,1849,1849,0.0
관악산,4373612914,6,42.7,549,549,0.0
서울대벤처타운,1835221096,6,42.7,879,879,0.0
신림,1844912791,6,42.7,1197,1197,0.0
당곡,436858756,6,42.7,1055,1055,0.0
보라매병원,436847189,6,42.7,817,817,0.0
보라매공원,7916896848,6,42.7,516,516,0.0
보라매,2819460436,6,42.7,703,703,0.0
서울지방병무청,11178013529,6,42.7,675,675,0.0
대방,11553007316,6,42.7,534,534,0.0
샛강,13506574406,6,42.7,361,361,0.0
샛강,13670786965,6,42.7,348,348,0.0
서울역,3390941198,6,42.7,980,980,0.0
디지털미디어시티,2605603657,6,42.7,383,383,0.0
디지털미디어시티,4652833827,6,42.7,469,469,0.0
노원,5706189891,6,42.7,776,776,0.0
양재,4865811281,6,42.7,893,893,0.0
강남,3087683154,6,42.7,1222,1222,0.0
당산,10814323607,6,42.7,737,737,0.0
서울역,3391063393,6,42.7,1011,1011,0.0
신길,4636791670,6,42.7,720,720,0.0
가산디지털단지,2108483903,6,42.7,492,492,0.0
상계,3401474874,6,42.7,689,689,0.0
선유도,2726710465,6,42.7,537,537,0.0
신목동,2812530406,6,42.7,405,405,0.0
염창,2289016390,6,42.7,683,683,0.0
등촌,2290015312,6,42.7,810,810,0.0
증미,3042643876,6,42.7,673,673,0.0
가양,2142681442,6,42.7,885,885,0.0
양천향교,414683333,6,42.7,635,635,0.0
신방화,10814323761,6,42.7,827,827,0.0
공항시장,4604019398,6,42.7,777,777,0.0
총신대입구(이수),4984575377,6,42.7,877,877,0.0
동묘앞,3830591800,6,42.7,1683,1683,0.0
동대문,7195666618,6,42.7,1827,1827,0.0
종로3가,4198116864,6,42.7,1363,1363,0.0
종로3가,4197560774,6,42.7,1595,1595,0.0
정릉,3828480980,6,42.7,700,700,0.0
솔샘,3841342870,6,42.7,826,826,0.0
삼양사거리,3841342963,6,42.7,1425,1425,0.0
삼양,3840741768,6,42.7,1428,1428,0.0
화계,436865378,6,42.7,1464,1464,0.0
가오리,3840936112,6,42.7,1346,1346,0.0
4.19민주묘지,3841077641,6,42.7,939,939,0.0
솔밭공원,3626451463,6,42.7,493,493,0.0
북한산우이,11824482197,6,42.7,274,274,0.0
시청,7677568503,6,42.7,1206,1206,0.0
노량진,4627778176,6,42.7,411,411,0.0
김포공항,7981330101,6,42.7,553,553,0.0
김포공항,4874729815,6,42.7,614,614,0.0
옥수,8222891384,6,42.7,318,318,0.0
신도림,5119449050,6,42.7,331,331,0.0
수서,11563289590,6,42.7,234,234,0.0
연신내,10678122489,6,42.7,1643,1643,0.0
뚝섬,8498978693,6,42.7,756,756,0.0
동대문역사문화공원,414685825,6,42.7,1759,1759,0.0
동대문역사문화공원,1945254583,6,42.7,1864,1864,0.0
종합운동장,13894950326,6,42.7,402,402,0.0
홍대입구,13227913200,6,42.7,2129,2129,0.0
942정거장,436815896,6,42.7,625,625,0.0
한성대입구,5973684086,7,38.0,1088,1088,0.0
제기동,9655918649,7,38.0,1288,1288,0.0
신이문,3831106833,7,38.0,1042,1042,0.0
회기,9776882774,7,38.0,1756,1756,0.0
월계,3834716670,7,38.0,300,300,0.0
녹천,3834717475,7,38.0,227,227,0.0
광운대,436854528,7,38.0,396,396,0.0
창동,3834608837,7,38.0,424,424,0.0
방학,3846919916,7,38.0,688,688,0.0
오류동,8508812072,7,38.0,98,98,0.0
개봉,5442986444,7,38.0,390,390,0.0
구일,3210749463,7,38.0,272,272,0.0
일원,9454279402,7,38.0,208,208,0.0
양원,9534964626,7,38.0,911,911,0.0
한남,3852156874,7,38.0,249,249,0.0
수색,11944713936,7,38.0,364,364,0.0
940정거장,3011994542,7,38.0,315,315,0.0
중랑,10138603166,7,38.0,1617,1617,0.0
망우,9760894592,7,38.0,1800,1800,0.0
국회의사당,2932339394,7,38.0,587,587,0.0
노들,4627760504,7,38.0,448,448,0.0
신설동,13227969660,7,38.0,1231,1231,0.0
용답,2460188229,7,38.0,807,807,0.0
신촌,13683819523,7,38.0,2215,2215,0.0
수서,6299196105,7,38.0,236,236,0.0
충정로,3893042379,7,38.0,1387,1387,0.0
서강대,5221755996,7,38.0,2111,2111,0.0
종로5가,436883169,7,38.0,1678,1678,0.0
고속터미널,9798531671,7,38.0,689,689,0.0
청량리,10121691848,7,38.0,1413,1413,0.0
봉은사,595750357,7,38.0,602,602,0.0
언주,414684639,7,38.0,1033,1033,0.0
삼성중앙,595750358,7,38.0,682,682,0.0
사평,13512489422,7,38.0,789,789,0.0
선정릉,2110338712,7,38.0,804,804,0.0
신논현,8376423650,7,38.0,1082,1082,0.0
외대앞,3831105923,7,38.0,1212,1212,0.0
구반포,11641428792,7,38.0,381,381,0.0
흑석,436881334,7,38.0,262,262,0.0
신반포,10918075302,7,38.0,556,556,0.0
온수,4987997944,7,38.0,269,269,0.0
왕십리,9083521281,7,38.0,1411,1411,0.0
응봉,13780851569,7,38.0,76,76,0.0
도봉,7006105399,7,38.0,659,659,0.0
서빙고,12874837067,7,38.0,295,295,0.0
양재,11431861586,7,38.0,940,940,0.0
이촌,4172393733,7,38.0,454,454,0.0
복정,11330600853,7,38.0,392,392,0.0
독산,4095041979,7,38.0,268,268,0.0
신내,9810803930,7,38.0,662,662,0.0
금천구청,5308009219,7,38.0,605,605,0.0
암사역사공원,436817489,7,38.0,476,476,0.0
보문,436873184,7,38.0,1115,1115,0.0
동작,7660036116,7,38.0,204,204,0.0
서울,10013086401,7,38.0,830,830,0.0
도곡,5403582157,7,38.0,462,462,0.0
김포공항,2353543144,7,38.0,522,522,0.0
동대문역사문화공원,8496801700,7,38.0,1850,1850,0.0
구로,8918160546,7,38.0,533,533,0.0
북한산보국문,3841557294,7,38.0,582,582,0.0
안국,436867523,7,38.0,1297,1297,0.0
강일,13093833784,7,38.0,347,347,0.0
천호,999136673,7,38.0,1051,1051,0.0
서원,1835221331,7,38.0,1227,1227,0.0
동대문,3830591792,7,38.0,1671,1671,0.0
삼각지,5589627062,7,38.0,902,902,0.0
도봉산,5246596481,7,38.0,477,477,0.0
도봉산,5246596482,7,38.0,488,488,0.0
영등포,11459128410,7,38.0,783,783,0.0
노량진,3785111388,7,38.0,417,417,0.0
용산,10816124190,7,38.0,415,415,0.0
종각,11198015018,7,38.0,1508,1508,0.0
건대입구,2613069963,7,38.0,1123,1123,0.0
가좌,5756085341,7,38.0,950,950,0.0
남영,7836289839,7,38.0,867,867,0.0
대방,4617447369,7,38.0,306,306,0.0
응암,8735757178,7,38.0,2062,2062,0.0
합정,5215341441,7,38.0,1477,1477,0.0
동묘앞,4170064719,7,38.0,1658,1658,0.0
고려대,5404768239,7,38.0,1585,1585,0.0
홍대입구,11841458495,7,38.0,2240,2240,0.0
디지털미디어시티,9891051186,7,38.0,182,182,0.0
선릉,2280678836,7,38.0,766,766,0.0
강남구청,2282830004,7,38.0,911,911,0.0
강남,7168335697,7,38.0,1287,1287,0.0
가락시장,10939998666,7,38.0,266,266,0.0
을지로3가,7694743853,7,38.0,1932,1932,0.0
불광,11228575654,7,38.0,1358,1358,0.0
구의,3958847218,7,38.0,330,330,0.0
강변,1850655113,7,38.0,359,359,0.0
잠실나루,5159105401,7,38.0,251,251,0.0
옥수,3851466435,7,38.0,215,215,0.0
충무로,3846576172,7,38.0,1502,1502,0.0
약수,3846603560,7,38.0,839,839,0.0
교대,3355067052,7,38.0,895,895,0.0
오금,3278844051,7,38.0,992,992,0.0
한양대,8992783196,7,38.0,906,906,0.0
성수,2551966241,7,38.0,805,805,0.0
시청,3404904658,7,38.0,1074,1074,0.0
을지로입구,436830313,7,38.0,1494,1494,0.0
을지로4가,10296582868,7,38.0,1599,1599,0.0
신당,414685846,7,38.0,1733,1733,0.0
상왕십리,11127349744,7,38.0,1796,1796,0.0
신촌,5937884691,7,38.0,2707,2707,0.0
이대,9283138042,7,38.0,1934,1934,0.0
아현,1936511359,7,38.0,1758,1758,0.0
마곡나루,4019735070,7,38.0,568,568,0.0
당산,3216944261,7,38.0,692,692,0.0
문래,11455185928,7,38.0,1223,1223,0.0
신도림,5344219251,7,38.0,229,229,0.0
구로디지털단지,4624772818,7,38.0,665,665,0.0
신대방,4624808762,7,38.0,578,578,0.0
신림,5404739367,7,38.0,1212,1212,0.0
봉천,5404739628,7,38.0,1274,1274,0.0
서울대입구,5406451695,7,38.0,959,959,0.0
낙성대,5406462591,7,38.0,618,618,0.0
방배,8471989456,7,38.0,421,421,0.0
서초,3221788784,7,38.0,652,652,0.0
역삼,2280678732,7,38.0,948,948,0.0
삼성,733859380,7,38.0,606,606,0.0
종합운동장,1430639131,7,38.0,362,362,0.0
잠실새내,2957013438,7,38.0,642,642,0.0
잠실,7877518993,7,38.0,415,415,0.0
양천구청,3380999909,7,38.0,471,471,0.0
신정네거리,9572122970,7,38.0,759,759,0.0
도림천,4630961655,7,38.0,567,567,0.0
경찰병원,1812000920,7,38.0,649,649,0.0
대청,2927282422,7,38.0,495,495,0.0
학여울,4643770712,7,38.0,520,520,0.0
대치,2281644495,7,38.0,618,618,0.0
매봉,5406359683,7,38.0,583,583,0.0
남부터미널,436864976,7,38.0,743,743,0.0
잠원,4634374794,7,38.0,513,513,0.0
신사,8489501829,7,38.0,1026,1026,0.0
압구정,9891581229,7,38.0,1171,1171,0.0
금호,4201516987,7,38.0,552,552,0.0
동대입구,436870722,7,38.0,1131,1131,0.0
경복궁,6033544429,7,38.0,1196,1196,0.0
독립문,13460710395,7,38.0,816,816,0.0
무악재,11296428367,7,38.0,455,455,0.0
홍제,436868050,7,38.0,855,855,0.0
녹번,436867704,7,38.0,786,786,0.0
구파발,8515726110,7,38.0,786,786,0.0
불암산,3841778897,7,38.0,478,478,0.0
쌍문,436836179,7,38.0,1106,1106,0.0
수유,9813541694,7,38.0,1433,1433,0.0
미아,9819314920,7,38.0,1362,1362,0.0
미아사거리,5198597933,7,38.0,1334,1334,0.0
길음,5210130825,7,38.0,921,921,0.0
혜화,2409390726,7,38.0,915,915,0.0
명동,7495868732,7,38.0,1420,1420,0.0
회현,12920546288,7,38.0,1025,1025,0.0
서울역,5348913449,7,38.0,990,990,0.0
숙대입구,2533148374,7,38.0,1017,1017,0.0
신용산,10816047755,7,38.0,445,445,0.0
사당,11521991148,7,38.0,772,772,0.0
남태령,7621561344,7,38.0,140,140,0.0
마천,10277058704,7,38.0,1004,1004,0.0
거여,4489986954,7,38.0,1107,1107,0.0
개롱,12142687377,7,38.0,1146,1146,0.0
방이,2310500979,7,38.0,840,840,0.0
올림픽공원,8493888383,7,38.0,637,637,0.0
둔촌동,4680325914,7,38.0,548,548,0.0
상일동,7106623354,7,38.0,484,484,0.0
고덕,5915757376,7,38.0,713,713,0.0
명일,10009228390,7,38.0,570,570,0.0
굽은다리,3851742835,7,38.0,725,725,0.0
길동,3856135009,7,38.0,792,792,0.0
강동,3856513978,7,38.0,814,814,0.0
광나루,11182352080,7,38.0,452,452,0.0
아차산,2123390941,7,38.0,612,612,0.0
장한평,10708070992,7,38.0,481,481,0.0
답십리,10708182321,7,38.0,295,295,0.0
마장,3832676328,7,38.0,1208,1208,0.0
행당,3833113882,7,38.0,1241,1241,0.0
신금호,3848968727,7,38.0,743,743,0.0
광화문,13971398420,7,38.0,1418,1418,0.0
서대문,445343537,7,38.0,1362,1362,0.0
애오개,13142535285,7,38.0,1849,1849,0.0
공덕,9941864292,7,38.0,1998,1998,0.0
마포,13227969612,7,38.0,1192,1192,0.0
여의나루,355173356,7,38.0,598,598,0.0
여의도,4744225606,7,38.0,421,421,0.0
신길,4529530743,7,38.0,518,518,0.0
영등포시장,355173354,7,38.0,1102,1102,0.0
영등포구청,5215341470,7,38.0,1148,1148,0.0
양평,436860925,7,38.0,708,708,0.0
오목교,2808319707,7,38.0,1088,1088,0.0
목동,13895049012,7,38.0,1061,1061,0.0
신정,2848435510,7,38.0,787,787,0.0
까치산,1906282324,7,38.0,941,941,0.0
화곡,2289350750,7,38.0,1376,1376,0.0
우장산,4706229292,7,38.0,1447,1447,0.0
발산,1791473931,7,38.0,929,929,0.0
마곡,13800646917,7,38.0,593,593,0.0
송정,4602991606,7,38.0,677,677,0.0
개화산,9228947724,7,38.0,593,593,0.0
방화,2702609963,7,38.0,435,435,0.0
봉화산,436834232,7,38.0,477,477,0.0
화랑대,3842209686,7,38.0,904,904,0.0
석계,1795189949,7,38.0,982,982,0.0
돌곶이,3830773366,7,38.0,1397,1397,0.0
상월곡,5219803722,7,38.0,1040,1040,0.0
월곡,5406198806,7,38.0,1159,1159,0.0
안암,7625622864,7,38.0,1804,1804,0.0
창신,1943131791,7,38.0,758,758,0.0
청구,1936511423,7,38.0,1242,1242,0.0
버티고개,3847632030,7,38.0,334,334,0.0
한강진,436868241,7,38.0,569,569,0.0
이태원,2470887090,7,38.0,754,754,0.0
녹사평,2384953064,7,38.0,1040,1040,0.0
효창공원앞,4426288471,7,38.0,1133,1133,0.0
대흥,9987526934,7,38.0,1983,1983,0.0
광흥창,4101356295,7,38.0,1853,1853,0.0
상수,414685238,7,38.0,1337,1337,0.0
망원,445327391,7,38.0,1724,1724,0.0
마포구청,5905951490,7,38.0,1038,1038,0.0
월드컵경기장,798569457,7,38.0,500,500,0.0
증산,3823125035,7,38.0,1303,1303,0.0
새절,3822999355,7,38.0,1828,1828,0.0
구산,2292697262,7,38.0,1767,1767,0.0
연신내,13357342120,7,38.0,1578,1578,0.0
독바위,3824954278,7,38.0,914,914,0.0
역촌,10789220053,7,38.0,1917,1917,0.0
어린이대공원,7939459503,7,38.0,860,860,0.0
군자,8743773046,7,38.0,1103,1103,0.0
중곡,3840461137,7,38.0,932,932,0.0
용마산,10141309870,7,38.0,1285,1285,0.0
사가정,436849774,7,38.0,1805,1805,0.0
면목,436816024,7,38.0,1746,1746,0.0
상봉,436718863,7,38.0,2078,2078,0.0
중화,3819991417,7,38.0,1857,1857,0.0
먹골,436538654,7,38.0,1117,1117,0.0
태릉입구,13821634895,7,38.0,1354,1354,0.0
공릉,13566284590,7,38.0,1151,1151,0.0
하계,13566334119,7,38.0,554,554,0.0
중계,3835756882,7,38.0,440,440,0.0
노원,10598556476,7,38.0,697,697,0.0
마들,9410070134,7,38.0,1010,1010,0.0
수락산,13566334197,7,38.0,619,619,0.0
가산디지털단지,436846908,7,38.0,460,460,0.0
남구로,2590252230,7,38.0,768,768,0.0
대림,2589375675,7,38.0,858,858,0.0
신풍,2108483850,7,38.0,848,848,0.0
보라매,2108483937,7,38.0,721,721,0.0
신대방삼거리,2108483943,7,38.0,901,901,0.0
장승배기,1830596637,7,38.0,854,854,0.0
상도,436821675,7,38.0,771,771,0.0
숭실대입구,11413637825,7,38.0,585,585,0.0
남성,4195693782,7,38.0,686,686,0.0
이수,13434371130,7,38.0,970,970,0.0
내방,2110270505,7,38.0,487,487,0.0
반포,9914441894,7,38.0,746,746,0.0
논현,2280678861,7,38.0,955,955,0.0
학동,2279487893,7,38.0,1030,1030,0.0
청담,2279487921,7,38.0,785,785,0.0
자양,9040152140,7,38.0,636,636,0.0
용두,1939143883,7,38.0,1269,1269,0.0
신답,2460188205,7,38.0,45,45,0.0
천왕,1784377384,7,38.0,338,338,0.0
장지,11202554992,7,38.0,983,983,0.0
문정,6832910091,7,38.0,581,581,0.0
송파,2280491847,7,38.0,553,553,0.0
석촌,2280491863,7,38.0,301,301,0.0
몽촌토성,2346858828,7,38.0,451,451,0.0
강동구청,436855505,7,38.0,904,904,0.0
암사,999136556,7,38.0,828,828,0.0
중앙보훈병원,4197252516,7,38.0,357,357,0.0
둔촌오륜,11229084218,7,38.0,377,377,0.0
한성백제,10009448574,7,38.0,394,394,0.0
송파나루,1809560163,7,38.0,485,485,0.0
석촌고분,10855673146,7,38.0,780,780,0.0
삼전,4186302819,7,38.0,613,613,0.0
대모산입구,4643770733,7,38.0,495,495,0.0
개포동,2032418657,7,38.0,428,428,0.0
구룡,436814317,7,38.0,225,225,0.0
한티,4784810914,7,38.0,616,616,0.0
압구정로데오,596509934,7,38.0,705,705,0.0
서울숲,9081846792,7,38.0,723,723,0.0
양재시민의숲,12872531616,7,38.0,667,667,0.0
청계산입구,11744211938,7,38.0,177,177,0.0
성신여대입구,5226829495,7,38.0,886,886,0.0
청량리,7749822746,7,38.0,1451,1451,0.0
신내,9534964676,7,38.0,661,661,0.0
종로3가,7068953101,7,38.0,1739,1739,0.0
신설동,13345643243,7,38.0,1380,1380,0.0
성신여대입구,9816197077,7,38.0,862,862,0.0
이촌,13472471079,7,38.0,485,485,0.0
서울역,10216518963,7,38.0,550,550,0.0
수서,6004121530,7,38.0,224,224,0.0
건대입구,11303511536,7,38.0,1018,1018,0.0
선정릉,596482732,7,38.0,765,765,0.0
선릉,860338496,7,38.0,762,762,0.0
도곡,3418782698,7,38.0,447,447,0.0
수서,12364278188,7,38.0,233,233,0.0
복정,11330600836,7,38.0,445,445,0.0
왕십리,9369050246,7,38.0,1530,1530,0.0
왕십리,11127349780,7,38.0,1663,1663,0.0
신설동,4173042514,7,38.0,1293,1293,0.0
939정거장,8436624771,7,38.0,364,364,0.0
창동,4659124351,7,38.0,526,526,0.0
동작,3401123578,7,38.0,13,13,0.0
개화,9701881739,7,38.0,242,242,0.0
상봉,2470981971,7,38.0,1849,1849,0.0
관악산,4373612914,7,38.0,549,549,0.0
서울대벤처타운,1835221096,7,38.0,879,879,0.0
신림,1844912791,7,38.0,1197,1197,0.0
당곡,436858756,7,38.0,1055,1055,0.0
보라매병원,436847189,7,38.0,817,817,0.0
보라매공원,7916896848,7,38.0,516,516,0.0
보라매,2819460436,7,38.0,703,703,0.0
서울지방병무청,11178013529,7,38.0,675,675,0.0
대방,11553007316,7,38.0,534,534,0.0
샛강,13506574406,7,38.0,361,361,0.0
샛강,13670786965,7,38.0,348,348,0.0
서울역,3390941198,7,38.0,980,980,0.0
디지털미디어시티,2605603657,7,38.0,383,383,0.0
디지털미디어시티,4652833827,7,38.0,469,469,0.0
노원,5706189891,7,38.0,776,776,0.0
양재,4865811281,7,38.0,893,893,0.0
강남,3087683154,7,38.0,1222,1222,0.0
당산,10814323607,7,38.0,737,737,0.0
서울역,3391063393,7,38.0,1011,1011,0.0
신길,4636791670,7,38.0,720,720,0.0
가산디지털단지,2108483903,7,38.0,492,492,0.0
상계,3401474874,7,38.0,689,689,0.0
선유도,2726710465,7,38.0,537,537,0.0
신목동,2812530406,7,38.0,405,405,0.0
염창,2289016390,7,38.0,683,683,0.0
등촌,2290015312,7,38.0,810,810,0.0
증미,3042643876,7,38.0,673,673,0.0
가양,2142681442,7,38.0,885,885,0.0
양천향교,414683333,7,38.0,635,635,0.0
신방화,10814323761,7,38.0,827,827,0.0
공항시장,4604019398,7,38.0,777,777,0.0
총신대입구(이수),4984575377,7,38.0,877,877,0.0
동묘앞,3830591800,7,38.0,1683,1683,0.0
동대문,7195666618,7,38.0,1827,1827,0.0
종로3가,4198116864,7,38.0,1363,1363,0.0
종로3가,4197560774,7,38.0,1595,1595,0.0
정릉,3828480980,7,38.0,700,700,0.0
솔샘,3841342870,7,38.0,826,826,0.0
삼양사거리,3841342963,7,38.0,1425,1425,0.0
삼양,3840741768,7,38.0,1428,1428,0.0
화계,436865378,7,38.0,1464,1464,0.0
가오리,3840936112,7,38.0,1346,1346,0.0
4.19민주묘지,3841077641,7,38.0,939,939,0.0
솔밭공원,3626451463,7,38.0,493,493,0.0
북한산우이,11824482197,7,38.0,274,274,0.0
시청,7677568503,7,38.0,1206,1206,0.0
노량진,4627778176,7,38.0,411,411,0.0
김포공항,7981330101,7,38.0,553,553,0.0
김포공항,4874729815,7,38.0,614,614,0.0
옥수,8222891384,7,38.0,318,318,0.0
신도림,5119449050,7,38.0,331,331,0.0
수서,11563289590,7,38.0,234,234,0.0
연신내,10678122489,7,38.0,1643,1643,0.0
뚝섬,8498978693,7,38.0,756,756,0.0
동대문역사문화공원,414685825,7,38.0,1759,1759,0.0
동대문역사문화공원,1945254583,7,38.0,1864,1864,0.0
종합운동장,13894950326,7,38.0,402,402,0.0
홍대입구,13227913200,7,38.0,2129,2129,0.0
942정거장,436815896,7,38.0,625,625,0.0
한성대입구,5973684086,7,42.7,1088,1088,0.0
제기동,9655918649,7,42.7,1288,1288,0.0
신이문,3831106833,7,42.7,1042,1042,0.0
회기,9776882774,7,42.7,1756,1756,0.0
월계,3834716670,7,42.7,300,300,0.0
녹천,3834717475,7,42.7,227,227,0.0
광운대,436854528,7,42.7,396,396,0.0
창동,3834608837,7,42.7,424,424,0.0
방학,3846919916,7,42.7,688,688,0.0
오류동,8508812072,7,42.7,98,98,0.0
개봉,5442986444,7,42.7,390,390,0.0
구일,3210749463,7,42.7,272,272,0.0
일원,9454279402,7,42.7,208,208,0.0
양원,9534964626,7,42.7,911,911,0.0
한남,3852156874,7,42.7,249,249,0.0
수색,11944713936,7,42.7,364,364,0.0
940정거장,3011994542,7,42.7,315,315,0.0
중랑,10138603166,7,42.7,1617,1617,0.0
망우,9760894592,7,42.7,1800,1800,0.0
국회의사당,2932339394,7,42.7,587,587,0.0
노들,4627760504,7,42.7,448,448,0.0
신설동,13227969660,7,42.7,1231,1231,0.0
용답,2460188229,7,42.7,807,807,0.0
신촌,13683819523,7,42.7,2215,2215,0.0
수서,6299196105,7,42.7,236,236,0.0
충정로,3893042379,7,42.7,1387,1387,0.0
서강대,5221755996,7,42.7,2111,2111,0.0
종로5가,436883169,7,42.7,1678,1678,0.0
고속터미널,9798531671,7,42.7,689,689,0.0
청량리,10121691848,7,42.7,1413,1413,0.0
봉은사,595750357,7,42.7,602,602,0.0
언주,414684639,7,42.7,1033,1033,0.0
삼성중앙,595750358,7,42.7,682,682,0.0
사평,13512489422,7,42.7,789,789,0.0
선정릉,2110338712,7,42.7,804,804,0.0
신논현,8376423650,7,42.7,1082,1082,0.0
외대앞,3831105923,7,42.7,1212,1212,0.0
구반포,11641428792,7,42.7,381,381,0.0
흑석,436881334,7,42.7,262,262,0.0
신반포,10918075302,7,42.7,556,556,0.0
온수,4987997944,7,42.7,269,269,0.0
왕십리,9083521281,7,42.7,1411,1411,0.0
응봉,13780851569,7,42.7,76,76,0.0
도봉,7006105399,7,42.7,659,659,0.0
서빙고,12874837067,7,42.7,295,295,0.0
양재,11431861586,7,42.7,940,940,0.0
이촌,4172393733,7,42.7,454,454,0.0
복정,11330600853,7,42.7,392,392,0.0
독산,4095041979,7,42.7,268,268,0.0
신내,9810803930,7,42.7,662,662,0.0
금천구청,5308009219,7,42.7,605,605,0.0
암사역사공원,436817489,7,42.7,476,476,0.0
보문,436873184,7,42.7,1115,1115,0.0
동작,7660036116,7,42.7,204,204,0.0
서울,10013086401,7,42.7,830,830,0.0
도곡,5403582157,7,42.7,462,462,0.0
김포공항,2353543144,7,42.7,522,522,0.0
동대문역사문화공원,8496801700,7,42.7,1850,1850,0.0
구로,8918160546,7,42.7,533,533,0.0
북한산보국문,3841557294,7,42.7,582,582,0.0
안국,436867523,7,42.7,1297,1297,0.0
강일,13093833784,7,42.7,347,347,0.0
천호,999136673,7,42.7,1051,1051,0.0
서원,1835221331,7,42.7,1227,1227,0.0
동대문,3830591792,7,42.7,1671,1671,0.0
삼각지,5589627062,7,42.7,902,902,0.0
도봉산,5246596481,7,42.7,477,477,0.0
도봉산,5246596482,7,42.7,488,488,0.0
영등포,11459128410,7,42.7,783,783,0.0
노량진,3785111388,7,42.7,417,417,0.0
용산,10816124190,7,42.7,415,415,0.0
종각,11198015018,7,42.7,1508,1508,0.0
건대입구,2613069963,7,42.7,1123,1123,0.0
가좌,5756085341,7,42.7,950,950,0.0
남영,7836289839,7,42.7,867,867,0.0
대방,4617447369,7,42.7,306,306,0.0
응암,8735757178,7,42.7,2062,2062,0.0
합정,5215341441,7,42.7,1477,1477,0.0
동묘앞,4170064719,7,42.7,1658,1658,0.0
고려대,5404768239,7,42.7,1585,1585,0.0
홍대입구,11841458495,7,42.7,2240,2240,0.0
디지털미디어시티,9891051186,7,42.7,182,182,0.0
선릉,2280678836,7,42.7,766,766,0.0
강남구청,2282830004,7,42.7,911,911,0.0
강남,7168335697,7,42.7,1287,1287,0.0
가락시장,10939998666,7,42.7,266,266,0.0
을지로3가,7694743853,7,42.7,1932,1932,0.0
불광,11228575654,7,42.7,1358,1358,0.0
구의,3958847218,7,42.7,330,330,0.0
강변,1850655113,7,42.7,359,359,0.0
잠실나루,5159105401,7,42.7,251,251,0.0
옥수,3851466435,7,42.7,215,215,0.0
충무로,3846576172,7,42.7,1502,1502,0.0
약수,3846603560,7,42.7,839,839,0.0
교대,3355067052,7,42.7,895,895,0.0
오금,3278844051,7,42.7,992,992,0.0
한양대,8992783196,7,42.7,906,906,0.0
성수,2551966241,7,42.7,805,805,0.0
시청,3404904658,7,42.7,1074,1074,0.0
을지로입구,436830313,7,42.7,1494,1494,0.0
을지로4가,10296582868,7,42.7,1599,1599,0.0
신당,414685846,7,42.7,1733,1733,0.0
상왕십리,11127349744,7,42.7,1796,1796,0.0
신촌,5937884691,7,42.7,2707,2707,0.0
이대,9283138042,7,42.7,1934,1934,0.0
아현,1936511359,7,42.7,1758,1758,0.0
마곡나루,4019735070,7,42.7,568,568,0.0
당산,3216944261,7,42.7,692,692,0.0
문래,11455185928,7,42.7,1223,1223,0.0
신도림,5344219251,7,42.7,229,229,0.0
구로디지털단지,4624772818,7,42.7,665,665,0.0
신대방,4624808762,7,42.7,578,578,0.0
신림,5404739367,7,42.7,1212,1212,0.0
봉천,5404739628,7,42.7,1274,1274,0.0
서울대입구,5406451695,7,42.7,959,959,0.0
낙성대,5406462591,7,42.7,618,618,0.0
방배,8471989456,7,42.7,421,421,0.0
서초,3221788784,7,42.7,652,652,0.0
역삼,2280678732,7,42.7,948,948,0.0
삼성,733859380,7,42.7,606,606,0.0
종합운동장,1430639131,7,42.7,362,362,0.0
잠실새내,2957013438,7,42.7,642,642,0.0
잠실,7877518993,7,42.7,415,415,0.0
양천구청,3380999909,7,42.7,471,471,0.0
신정네거리,9572122970,7,42.7,759,759,0.0
도림천,4630961655,7,42.7,567,567,0.0
경찰병원,1812000920,7,42.7,649,649,0.0
대청,2927282422,7,42.7,495,495,0.0
학여울,4643770712,7,42.7,520,520,0.0
대치,2281644495,7,42.7,618,618,0.0
매봉,5406359683,7,42.7,583,583,0.0
남부터미널,436864976,7,42.7,743,743,0.0
잠원,4634374794,7,42.7,513,513,0.0
신사,8489501829,7,42.7,1026,1026,0.0
압구정,9891581229,7,42.7,1171,1171,0.0
금호,4201516987,7,42.7,552,552,0.0
동대입구,436870722,7,42.7,1131,1131,0.0
경복궁,6033544429,7,42.7,1196,1196,0.0
독립문,13460710395,7,42.7,816,816,0.0
무악재,11296428367,7,42.7,455,455,0.0
홍제,436868050,7,42.7,855,855,0.0
녹번,436867704,7,42.7,786,786,0.0
구파발,8515726110,7,42.7,786,786,0.0
불암산,3841778897,7,42.7,478,478,0.0
쌍문,436836179,7,42.7,1106,1106,0.0
수유,9813541694,7,42.7,1433,1433,0.0
미아,9819314920,7,42.7,1362,1362,0.0
미아사거리,5198597933,7,42.7,1334,1334,0.0
길음,5210130825,7,42.7,921,921,0.0
혜화,2409390726,7,42.7,915,915,0.0
명동,7495868732,7,42.7,1420,1420,0.0
회현,12920546288,7,42.7,1025,1025,0.0
서울역,5348913449,7,42.7,990,990,0.0
숙대입구,2533148374,7,42.7,1017,1017,0.0
신용산,10816047755,7,42.7,445,445,0.0
사당,11521991148,7,42.7,772,772,0.0
남태령,7621561344,7,42.7,140,140,0.0
마천,10277058704,7,42.7,1004,1004,0.0
거여,4489986954,7,42.7,1107,1107,0.0
개롱,12142687377,7,42.7,1146,1146,0.0
방이,2310500979,7,42.7,840,840,0.0
올림픽공원,8493888383,7,42.7,637,637,0.0
둔촌동,4680325914,7,42.7,548,548,0.0
상일동,7106623354,7,42.7,484,484,0.0
고덕,5915757376,7,42.7,713,713,0.0
명일,10009228390,7,42.7,570,570,0.0
굽은다리,3851742835,7,42.7,725,725,0.0
길동,3856135009,7,42.7,792,792,0.0
강동,3856513978,7,42.7,814,814,0.0
광나루,11182352080,7,42.7,452,452,0.0
아차산,2123390941,7,42.7,612,612,0.0
장한평,10708070992,7,42.7,481,481,0.0
답십리,10708182321,7,42.7,295,295,0.0
마장,3832676328,7,42.7,1208,1208,0.0
행당,3833113882,7,42.7,1241,1241,0.0
신금호,3848968727,7,42.7,743,743,0.0
광화문,13971398420,7,42.7,1418,1418,0.0
서대문,445343537,7,42.7,1362,1362,0.0
애오개,13142535285,7,42.7,1849,1849,0.0
공덕,9941864292,7,42.7,1998,1998,0.0
마포,13227969612,7,42.7,1192,1192,0.0
여의나루,355173356,7,42.7,598,598,0.0
여의도,4744225606,7,42.7,421,421,0.0
신길,4529530743,7,42.7,518,518,0.0
영등포시장,355173354,7,42.7,1102,1102,0.0
영등포구청,5215341470,7,42.7,1148,1148,0.0
양평,436860925,7,42.7,708,708,0.0
오목교,2808319707,7,42.7,1088,1088,0.0
목동,13895049012,7,42.7,1061,1061,0.0
신정,2848435510,7,42.7,787,787,0.0
까치산,1906282324,7,42.7,941,941,0.0
화곡,2289350750,7,42.7,1376,1376,0.0
우장산,4706229292,7,42.7,1447,1447,0.0
발산,1791473931,7,42.7,929,929,0.0
마곡,13800646917,7,42.7,593,593,0.0
송정,4602991606,7,42.7,677,677,0.0
개화산,9228947724,7,42.7,593,593,0.0
방화,2702609963,7,42.7,435,435,0.0
봉화산,436834232,7,42.7,477,477,0.0
화랑대,3842209686,7,42.7,904,904,0.0
석계,1795189949,7,42.7,982,982,0.0
돌곶이,3830773366,7,42.7,1397,1397,0.0
상월곡,5219803722,7,42.7,1040,1040,0.0
월곡,5406198806,7,42.7,1159,1159,0.0
안암,7625622864,7,42.7,1804,1804,0.0
창신,1943131791,7,42.7,758,758,0.0
청구,1936511423,7,42.7,1242,1242,0.0
버티고개,3847632030,7,42.7,334,334,0.0
한강진,436868241,7,42.7,569,569,0.0
이태원,2470887090,7,42.7,754,754,0.0
녹사평,2384953064,7,42.7,1040,1040,0.0
효창공원앞,4426288471,7,42.7,1133,1133,0.0
대흥,9987526934,7,42.7,1983,1983,0.0
광흥창,4101356295,7,42.7,1853,1853,0.0
상수,414685238,7,42.7,1337,1337,0.0
망원,445327391,7,42.7,1724,1724,0.0
마포구청,5905951490,7,42.7,1038,1038,0.0
월드컵경기장,798569457,7,42.7,500,500,0.0
증산,3823125035,7,42.7,1303,1303,0.0
새절,3822999355,7,42.7,1828,1828,0.0
구산,2292697262,7,42.7,1767,1767,0.0
연신내,13357342120,7,42.7,1578,1578,0.0
독바위,3824954278,7,42.7,914,914,0.0
역촌,10789220053,7,42.7,1917,1917,0.0
어린이대공원,7939459503,7,42.7,860,860,0.0
군자,8743773046,7,42.7,1103,1103,0.0
중곡,3840461137,7,42.7,932,932,0.0
용마산,10141309870,7,42.7,1285,1285,0.0
사가정,436849774,7,42.7,1805,1805,0.0
면목,436816024,7,42.7,1746,1746,0.0
상봉,436718863,7,42.7,2078,2078,0.0
중화,3819991417,7,42.7,1857,1857,0.0
먹골,436538654,7,42.7,1117,1117,0.0
태릉입구,13821634895,7,42.7,1354,1354,0.0
공릉,13566284590,7,42.7,1151,1151,0.0
하계,13566334119,7,42.7,554,554,0.0
중계,3835756882,7,42.7,440,440,0.0
노원,10598556476,7,42.7,697,697,0.0
마들,9410070134,7,42.7,1010,1010,0.0
수락산,13566334197,7,42.7,619,619,0.0
가산디지털단지,436846908,7,42.7,460,460,0.0
남구로,2590252230,7,42.7,768,768,0.0
대림,2589375675,7,42.7,858,858,0.0
신풍,2108483850,7,42.7,848,848,0.0
보라매,2108483937,7,42.7,721,721,0.0
신대방삼거리,2108483943,7,42.7,901,901,0.0
장승배기,1830596637,7,42.7,854,854,0.0
상도,436821675,7,42.7,771,771,0.0
숭실대입구,11413637825,7,42.7,585,585,0.0
남성,4195693782,7,42.7,686,686,0.0
이수,13434371130,7,42.7,970,970,0.0
내방,2110270505,7,42.7,487,487,0.0
반포,9914441894,7,42.7,746,746,0.0
논현,2280678861,7,42.7,955,955,0.0
학동,2279487893,7,42.7,1030,1030,0.0
청담,2279487921,7,42.7,785,785,0.0
자양,9040152140,7,42.7,636,636,0.0
용두,1939143883,7,42.7,1269,1269,0.0
신답,2460188205,7,42.7,45,45,0.0
천왕,1784377384,7,42.7,338,338,0.0
장지,11202554992,7,42.7,983,983,0.0
문정,6832910091,7,42.7,581,581,0.0
송파,2280491847,7,42.7,553,553,0.0
석촌,2280491863,7,42.7,301,301,0.0
몽촌토성,2346858828,7,42.7,451,451,0.0
강동구청,436855505,7,42.7,904,904,0.0
암사,999136556,7,42.7,828,828,0.0
중앙보훈병원,4197252516,7,42.7,357,357,0.0
둔촌오륜,11229084218,7,42.7,377,377,0.0
한성백제,10009448574,7,42.7,394,394,0.0
송파나루,1809560163,7,42.7,485,485,0.0
석촌고분,10855673146,7,42.7,780,780,0.0
삼전,4186302819,7,42.7,613,613,0.0
대모산입구,4643770733,7,42.7,495,495,0.0
개포동,2032418657,7,42.7,428,428,0.0
구룡,436814317,7,42.7,225,225,0.0
한티,4784810914,7,42.7,616,616,0.0
압구정로데오,596509934,7,42.7,705,705,0.0
서울숲,9081846792,7,42.7,723,723,0.0
양재시민의숲,12872531616,7,42.7,667,667,0.0
청계산입구,11744211938,7,42.7,177,177,0.0
성신여대입구,5226829495,7,42.7,886,886,0.0
청량리,7749822746,7,42.7,1451,1451,0.0
신내,9534964676,7,42.7,661,661,0.0
종로3가,7068953101,7,42.7,1739,1739,0.0
신설동,13345643243,7,42.7,1380,1380,0.0
성신여대입구,9816197077,7,42.7,862,862,0.0
이촌,13472471079,7,42.7,485,485,0.0
서울역,10216518963,7,42.7,550,550,0.0
수서,6004121530,7,42.7,224,224,0.0
건대입구,11303511536,7,42.7,1018,1018,0.0
선정릉,596482732,7,42.7,765,765,0.0
선릉,860338496,7,42.7,762,762,0.0
도곡,3418782698,7,42.7,447,447,0.0
수서,12364278188,7,42.7,233,233,0.0
복정,11330600836,7,42.7,445,445,0.0
왕십리,9369050246,7,42.7,1530,1530,0.0
왕십리,11127349780,7,42.7,1663,1663,0.0
신설동,4173042514,7,42.7,1293,1293,0.0
939정거장,8436624771,7,42.7,364,364,0.0
창동,4659124351,7,42.7,526,526,0.0
동작,3401123578,7,42.7,13,13,0.0
개화,9701881739,7,42.7,242,242,0.0
상봉,2470981971,7,42.7,1849,1849,0.0
관악산,4373612914,7,42.7,549,549,0.0
서울대벤처타운,1835221096,7,42.7,879,879,0.0
신림,1844912791,7,42.7,1197,1197,0.0
당곡,436858756,7,42.7,1055,1055,0.0
보라매병원,436847189,7,42.7,817,817,0.0
보라매공원,7916896848,7,42.7,516,516,0.0
보라매,2819460436,7,42.7,703,703,0.0
서울지방병무청,11178013529,7,42.7,675,675,0.0
대방,11553007316,7,42.7,534,534,0.0
샛강,13506574406,7,42.7,361,361,0.0
샛강,13670786965,7,42.7,348,348,0.0
서울역,3390941198,7,42.7,980,980,0.0
디지털미디어시티,2605603657,7,42.7,383,383,0.0
디지털미디어시티,4652833827,7,42.7,469,469,0.0
노원,5706189891,7,42.7,776,776,0.0
양재,4865811281,7,42.7,893,893,0.0
강남,3087683154,7,42.7,1222,1222,0.0
당산,10814323607,7,42.7,737,737,0.0
서울역,3391063393,7,42.7,1011,1011,0.0
신길,4636791670,7,42.7,720,720,0.0
가산디지털단지,2108483903,7,42.7,492,492,0.0
상계,3401474874,7,42.7,689,689,0.0
선유도,2726710465,7,42.7,537,537,0.0
신목동,2812530406,7,42.7,405,405,0.0
염창,2289016390,7,42.7,683,683,0.0
등촌,2290015312,7,42.7,810,810,0.0
증미,3042643876,7,42.7,673,673,0.0
가양,2142681442,7,42.7,885,885,0.0
양천향교,414683333,7,42.7,635,635,0.0
신방화,10814323761,7,42.7,827,827,0.0
공항시장,4604019398,7,42.7,777,777,0.0
총신대입구(이수),4984575377,7,42.7,877,877,0.0
동묘앞,3830591800,7,42.7,1683,1683,0.0
동대문,7195666618,7,42.7,1827,1827,0.0
종로3가,4198116864,7,42.7,1363,1363,0.0
종로3가,4197560774,7,42.7,1595,1595,0.0
정릉,3828480980,7,42.7,700,700,0.0
솔샘,3841342870,7,42.7,826,826,0.0
삼양사거리,3841342963,7,42.7,1425,1425,0.0
삼양,3840741768,7,42.7,1428,1428,0.0
화계,436865378,7,42.7,1464,1464,0.0
가오리,3840936112,7,42.7,1346,1346,0.0
4.19민주묘지,3841077641,7,42.7,939,939,0.0
솔밭공원,3626451463,7,42.7,493,493,0.0
북한산우이,11824482197,7,42.7,274,274,0.0
시청,7677568503,7,42.7,1206,1206,0.0
노량진,4627778176,7,42.7,411,411,0.0
김포공항,7981330101,7,42.7,553,553,0.0
김포공항,4874729815,7,42.7,614,614,0.0
옥수,8222891384,7,42.7,318,318,0.0
신도림,5119449050,7,42.7,331,331,0.0
수서,11563289590,7,42.7,234,234,0.0
연신내,10678122489,7,42.7,1643,1643,0.0
뚝섬,8498978693,7,42.7,756,756,0.0
동대문역사문화공원,414685825,7,42.7,1759,1759,0.0
동대문역사문화공원,1945254583,7,42.7,1864,1864,0.0
종합운동장,13894950326,7,42.7,402,402,0.0
홍대입구,13227913200,7,42.7,2129,2129,0.0
942정거장,436815896,7,42.7,625,625,0.0
한성대입구,5973684086,8,38.0,1088,1088,0.0
제기동,9655918649,8,38.0,1288,1288,0.0
신이문,3831106833,8,38.0,1042,1042,0.0
회기,9776882774,8,38.0,1756,1756,0.0
월계,3834716670,8,38.0,300,300,0.0
녹천,3834717475,8,38.0,227,227,0.0
광운대,436854528,8,38.0,396,396,0.0
창동,3834608837,8,38.0,424,424,0.0
방학,3846919916,8,38.0,688,688,0.0
오류동,8508812072,8,38.0,98,98,0.0
개봉,5442986444,8,38.0,390,390,0.0
구일,3210749463,8,38.0,272,272,0.0
일원,9454279402,8,38.0,208,208,0.0
양원,9534964626,8,38.0,911,911,0.0
한남,3852156874,8,38.0,249,249,0.0
수색,11944713936,8,38.0,364,364,0.0
940정거장,3011994542,8,38.0,315,315,0.0
중랑,10138603166,8,38.0,1617,1617,0.0
망우,9760894592,8,38.0,1800,1800,0.0
국회의사당,2932339394,8,38.0,587,587,0.0
노들,4627760504,8,38.0,448,448,0.0
신설동,13227969660,8,38.0,1231,1231,0.0
용답,2460188229,8,38.0,807,807,0.0
신촌,13683819523,8,38.0,2215,2215,0.0
수서,6299196105,8,38.0,236,236,0.0
충정로,3893042379,8,38.0,1387,1387,0.0
서강대,5221755996,8,38.0,2111,2111,0.0
종로5가,436883169,8,38.0,1678,1678,0.0
고속터미널,9798531671,8,38.0,689,689,0.0
청량리,10121691848,8,38.0,1413,1413,0.0
봉은사,595750357,8,38.0,602,602,0.0
언주,414684639,8,38.0,1033,1033,0.0
삼성중앙,595750358,8,38.0,682,682,0.0
사평,13512489422,8,38.0,789,789,0.0
선정릉,2110338712,8,38.0,804,804,0.0
신논현,8376423650,8,38.0,1082,1082,0.0
외대앞,3831105923,8,38.0,1212,1212,0.0
구반포,11641428792,8,38.0,381,381,0.0
흑석,436881334,8,38.0,262,262,0.0
신반포,10918075302,8,38.0,556,556,0.0
온수,4987997944,8,38.0,269,269,0.0
왕십리,9083521281,8,38.0,1411,1411,0.0
응봉,13780851569,8,38.0,76,76,0.0
도봉,7006105399,8,38.0,659,659,0.0
서빙고,12874837067,8,38.0,295,295,0.0
양재,11431861586,8,38.0,940,940,0.0
이촌,4172393733,8,38.0,454,454,0.0
복정,11330600853,8,38.0,392,392,0.0
독산,4095041979,8,38.0,268,268,0.0
신내,9810803930,8,38.0,662,662,0.0
금천구청,5308009219,8,38.0,605,605,0.0
암사역사공원,436817489,8,38.0,476,476,0.0
보문,436873184,8,38.0,1115,1115,0.0
동작,7660036116,8,38.0,204,204,0.0
서울,10013086401,8,38.0,830,830,0.0
도곡,5403582157,8,38.0,462,462,0.0
김포공항,2353543144,8,38.0,522,522,0.0
동대문역사문화공원,8496801700,8,38.0,1850,1850,0.0
구로,8918160546,8,38.0,533,533,0.0
북한산보국문,3841557294,8,38.0,582,582,0.0
안국,436867523,8,38.0,1297,1297,0.0
강일,13093833784,8,38.0,347,347,0.0
천호,999136673,8,38.0,1051,1051,0.0
서원,1835221331,8,38.0,1227,1227,0.0
동대문,3830591792,8,38.0,1671,1671,0.0
삼각지,5589627062,8,38.0,902,902,0.0
도봉산,5246596481,8,38.0,477,477,0.0
도봉산,5246596482,8,38.0,488,488,0.0
영등포,11459128410,8,38.0,783,783,0.0
노량진,3785111388,8,38.0,417,417,0.0
용산,10816124190,8,38.0,415,415,0.0
종각,11198015018,8,38.0,1508,1508,0.0
건대입구,2613069963,8,38.0,1123,1123,0.0
가좌,5756085341,8,38.0,950,950,0.0
남영,7836289839,8,38.0,867,867,0.0
대방,4617447369,8,38.0,306,306,0.0
응암,8735757178,8,38.0,2062,2062,0.0
합정,5215341441,8,38.0,1477,1477,0.0
동묘앞,4170064719,8,38.0,1658,1658,0.0
고려대,5404768239,8,38.0,1585,1585,0.0
홍대입구,11841458495,8,38.0,2240,2240,0.0
디지털미디어시티,9891051186,8,38.0,182,182,0.0
선릉,2280678836,8,38.0,766,766,0.0
강남구청,2282830004,8,38.0,911,911,0.0
강남,7168335697,8,38.0,1287,1287,0.0
가락시장,10939998666,8,38.0,266,266,0.0
을지로3가,7694743853,8,38.0,1932,1932,0.0
불광,11228575654,8,38.0,1358,1358,0.0
구의,3958847218,8,38.0,330,330,0.0
강변,1850655113,8,38.0,359,359,0.0
잠실나루,5159105401,8,38.0,251,251,0.0
옥수,3851466435,8,38.0,215,215,0.0
충무로,3846576172,8,38.0,1502,1502,0.0
약수,3846603560,8,38.0,839,839,0.0
교대,3355067052,8,38.0,895,895,0.0
오금,3278844051,8,38.0,992,992,0.0
한양대,8992783196,8,38.0,906,906,0.0
성수,2551966241,8,38.0,805,805,0.0
시청,3404904658,8,38.0,1074,1074,0.0
을지로입구,436830313,8,38.0,1494,1494,0.0
을지로4가,10296582868,8,38.0,1599,1599,0.0
신당,414685846,8,38.0,1733,1733,0.0
상왕십리,11127349744,8,38.0,1796,1796,0.0
신촌,5937884691,8,38.0,2707,2707,0.0
이대,9283138042,8,38.0,1934,1934,0.0
아현,1936511359,8,38.0,1758,1758,0.0
마곡나루,4019735070,8,38.0,568,568,0.0
당산,3216944261,8,38.0,692,692,0.0
문래,11455185928,8,38.0,1223,1223,0.0
신도림,5344219251,8,38.0,229,229,0.0
구로디지털단지,4624772818,8,38.0,665,665,0.0
신대방,4624808762,8,38.0,578,578,0.0
신림,5404739367,8,38.0,1212,1212,0.0
봉천,5404739628,8,38.0,1274,1274,0.0
서울대입구,5406451695,8,38.0,959,959,0.0
낙성대,5406462591,8,38.0,618,618,0.0
방배,8471989456,8,38.0,421,421,0.0
서초,3221788784,8,38.0,652,652,0.0
역삼,2280678732,8,38.0,948,948,0.0
삼성,733859380,8,38.0,606,606,0.0
종합운동장,1430639131,8,38.0,362,362,0.0
잠실새내,2957013438,8,38.0,642,642,0.0
잠실,7877518993,8,38.0,415,415,0.0
양천구청,3380999909,8,38.0,471,471,0.0
신정네거리,9572122970,8,38.0,759,759,0.0
도림천,4630961655,8,38.0,567,567,0.0
경찰병원,1812000920,8,38.0,649,649,0.0
대청,2927282422,8,38.0,495,495,0.0
학여울,4643770712,8,38.0,520,520,0.0
대치,2281644495,8,38.0,618,618,0.0
매봉,5406359683,8,38.0,583,583,0.0
남부터미널,436864976,8,38.0,743,743,0.0
잠원,4634374794,8,38.0,513,513,0.0
신사,8489501829,8,38.0,1026,1026,0.0
압구정,9891581229,8,38.0,1171,1171,0.0
금호,4201516987,8,38.0,552,552,0.0
동대입구,436870722,8,38.0,1131,1131,0.0
경복궁,6033544429,8,38.0,1196,1196,0.0
독립문,13460710395,8,38.0,816,816,0.0
무악재,11296428367,8,38.0,455,455,0.0
홍제,436868050,8,38.0,855,855,0.0
녹번,436867704,8,38.0,786,786,0.0
구파발,8515726110,8,38.0,786,786,0.0
불암산,3841778897,8,38.0,478,478,0.0
쌍문,436836179,8,38.0,1106,1106,0.0
수유,9813541694,8,38.0,1433,1433,0.0
미아,9819314920,8,38.0,1362,1362,0.0
미아사거리,5198597933,8,38.0,1334,1334,0.0
길음,5210130825,8,38.0,921,921,0.0
혜화,2409390726,8,38.0,915,915,0.0
명동,7495868732,8,38.0,1420,1420,0.0
회현,12920546288,8,38.0,1025,1025,0.0
서울역,5348913449,8,38.0,990,990,0.0
숙대입구,2533148374,8,38.0,1017,1017,0.0
신용산,10816047755,8,38.0,445,445,0.0
사당,11521991148,8,38.0,772,772,0.0
남태령,7621561344,8,38.0,140,140,0.0
마천,10277058704,8,38.0,1004,1004,0.0
거여,4489986954,8,38.0,1107,1107,0.0
개롱,12142687377,8,38.0,1146,1146,0.0
방이,2310500979,8,38.0,840,840,0.0
올림픽공원,8493888383,8,38.0,637,637,0.0
둔촌동,4680325914,8,38.0,548,548,0.0
상일동,7106623354,8,38.0,484,484,0.0
고덕,5915757376,8,38.0,713,713,0.0
명일,10009228390,8,38.0,570,570,0.0
굽은다리,3851742835,8,38.0,725,725,0.0
길동,3856135009,8,38.0,792,792,0.0
강동,3856513978,8,38.0,814,814,0.0
광나루,11182352080,8,38.0,452,452,0.0
아차산,2123390941,8,38.0,612,612,0.0
장한평,10708070992,8,38.0,481,481,0.0
답십리,10708182321,8,38.0,295,295,0.0
마장,3832676328,8,38.0,1208,1208,0.0
행당,3833113882,8,38.0,1241,1241,0.0
신금호,3848968727,8,38.0,743,743,0.0
광화문,13971398420,8,38.0,1418,1418,0.0
서대문,445343537,8,38.0,1362,1362,0.0
애오개,13142535285,8,38.0,1849,1849,0.0
공덕,9941864292,8,38.0,1998,1998,0.0
마포,13227969612,8,38.0,1192,1192,0.0
여의나루,355173356,8,38.0,598,598,0.0
여의도,4744225606,8,38.0,421,421,0.0
신길,4529530743,8,38.0,518,518,0.0
영등포시장,355173354,8,38.0,1102,1102,0.0
영등포구청,5215341470,8,38.0,1148,1148,0.0
양평,436860925,8,38.0,708,708,0.0
오목교,2808319707,8,38.0,1088,1088,0.0
목동,13895049012,8,38.0,1061,1061,0.0
신정,2848435510,8,38.0,787,787,0.0
까치산,1906282324,8,38.0,941,941,0.0
화곡,2289350750,8,38.0,1376,1376,0.0
우장산,4706229292,8,38.0,1447,1447,0.0
발산,1791473931,8,38.0,929,929,0.0
마곡,13800646917,8,38.0,593,593,0.0
송정,4602991606,8,38.0,677,677,0.0
개화산,9228947724,8,38.0,593,593,0.0
방화,2702609963,8,38.0,435,435,0.0
봉화산,436834232,8,38.0,477,477,0.0
화랑대,3842209686,8,38.0,904,904,0.0
석계,1795189949,8,38.0,982,982,0.0
돌곶이,3830773366,8,38.0,1397,1397,0.0
상월곡,5219803722,8,38.0,1040,1040,0.0
월곡,5406198806,8,38.0,1159,1159,0.0
안암,7625622864,8,38.0,1804,1804,0.0
창신,1943131791,8,38.0,758,758,0.0
청구,1936511423,8,38.0,1242,1242,0.0
버티고개,3847632030,8,38.0,334,334,0.0
한강진,436868241,8,38.0,569,569,0.0
이태원,2470887090,8,38.0,754,754,0.0
녹사평,2384953064,8,38.0,1040,1040,0.0
효창공원앞,4426288471,8,38.0,1133,1133,0.0
대흥,9987526934,8,38.0,1983,1983,0.0
광흥창,4101356295,8,38.0,1853,1853,0.0
상수,414685238,8,38.0,1337,1337,0.0
망원,445327391,8,38.0,1724,1724,0.0
마포구청,5905951490,8,38.0,1038,1038,0.0
월드컵경기장,798569457,8,38.0,500,500,0.0
증산,3823125035,8,38.0,1303,1303,0.0
새절,3822999355,8,38.0,1828,1828,0.0
구산,2292697262,8,38.0,1767,1767,0.0
연신내,13357342120,8,38.0,1578,1578,0.0
독바위,3824954278,8,38.0,914,914,0.0
역촌,10789220053,8,38.0,1917,1917,0.0
어린이대공원,7939459503,8,38.0,860,860,0.0
군자,8743773046,8,38.0,1103,1103,0.0
중곡,3840461137,8,38.0,932,932,0.0
용마산,10141309870,8,38.0,1285,1285,0.0
사가정,436849774,8,38.0,1805,1805,0.0
면목,436816024,8,38.0,1746,1746,0.0
상봉,436718863,8,38.0,2078,2078,0.0
중화,3819991417,8,38.0,1857,1857,0.0
먹골,436538654,8,38.0,1117,1117,0.0
태릉입구,13821634895,8,38.0,1354,1354,0.0
공릉,13566284590,8,38.0,1151,1151,0.0
하계,13566334119,8,38.0,554,554,0.0
중계,3835756882,8,38.0,440,440,0.0
노원,10598556476,8,38.0,697,697,0.0
마들,9410070134,8,38.0,1010,1010,0.0
수락산,13566334197,8,38.0,619,619,0.0
가산디지털단지,436846908,8,38.0,460,460,0.0
남구로,2590252230,8,38.0,768,768,0.0
대림,2589375675,8,38.0,858,858,0.0
신풍,2108483850,8,38.0,848,848,0.0
보라매,2108483937,8,38.0,721,721,0.0
신대방삼거리,2108483943,8,38.0,901,901,0.0
장승배기,1830596637,8,38.0,854,854,0.0
상도,436821675,8,38.0,771,771,0.0
숭실대입구,11413637825,8,38.0,585,585,0.0
남성,4195693782,8,38.0,686,686,0.0
이수,13434371130,8,38.0,970,970,0.0
내방,2110270505,8,38.0,487,487,0.0
반포,9914441894,8,38.0,746,746,0.0
논현,2280678861,8,38.0,955,955,0.0
학동,2279487893,8,38.0,1030,1030,0.0
청담,2279487921,8,38.0,785,785,0.0
자양,9040152140,8,38.0,636,636,0.0
용두,1939143883,8,38.0,1269,1269,0.0
신답,2460188205,8,38.0,45,45,0.0
천왕,1784377384,8,38.0,338,338,0.0
장지,11202554992,8,38.0,983,983,0.0
문정,6832910091,8,38.0,581,581,0.0
송파,2280491847,8,38.0,553,553,0.0
석촌,2280491863,8,38.0,301,301,0.0
몽촌토성,2346858828,8,38.0,451,451,0.0
강동구청,436855505,8,38.0,904,904,0.0
암사,999136556,8,38.0,828,828,0.0
중앙보훈병원,4197252516,8,38.0,357,357,0.0
둔촌오륜,11229084218,8,38.0,377,377,0.0
한성백제,10009448574,8,38.0,394,394,0.0
송파나루,1809560163,8,38.0,485,485,0.0
석촌고분,10855673146,8,38.0,780,780,0.0
삼전,4186302819,8,38.0,613,613,0.0
대모산입구,4643770733,8,38.0,495,495,0.0
개포동,2032418657,8,38.0,428,428,0.0
구룡,436814317,8,38.0,225,225,0.0
한티,4784810914,8,38.0,616,616,0.0
압구정로데오,596509934,8,38.0,705,705,0.0
서울숲,9081846792,8,38.0,723,723,0.0
양재시민의숲,12872531616,8,38.0,667,667,0.0
청계산입구,11744211938,8,38.0,177,177,0.0
성신여대입구,5226829495,8,38.0,886,886,0.0
청량리,7749822746,8,38.0,1451,1451,0.0
신내,9534964676,8,38.0,661,661,0.0
종로3가,7068953101,8,38.0,1739,1739,0.0
신설동,13345643243,8,38.0,1380,1380,0.0
성신여대입구,9816197077,8,38.0,862,862,0.0
이촌,13472471079,8,38.0,485,485,0.0
서울역,10216518963,8,38.0,550,550,0.0
수서,6004121530,8,38.0,224,224,0.0
건대입구,11303511536,8,38.0,1018,1018,0.0
선정릉,596482732,8,38.0,765,765,0.0
선릉,860338496,8,38.0,762,762,0.0
도곡,3418782698,8,38.0,447,447,0.0
수서,12364278188,8,38.0,233,233,0.0
복정,11330600836,8,38.0,445,445,0.0
왕십리,9369050246,8,38.0,1530,1530,0.0
왕십리,11127349780,8,38.0,1663,1663,0.0
신설동,4173042514,8,38.0,1293,1293,0.0
939정거장,8436624771,8,38.0,364,364,0.0
창동,4659124351,8,38.0,526,526,0.0
동작,3401123578,8,38.0,13,13,0.0
개화,9701881739,8,38.0,242,242,0.0
상봉,2470981971,8,38.0,1849,1849,0.0
관악산,4373612914,8,38.0,549,549,0.0
서울대벤처타운,1835221096,8,38.0,879,879,0.0
신림,1844912791,8,38.0,1197,1197,0.0
당곡,436858756,8,38.0,1055,1055,0.0
보라매병원,436847189,8,38.0,817,817,0.0
보라매공원,7916896848,8,38.0,516,516,0.0
보라매,2819460436,8,38.0,703,703,0.0
서울지방병무청,11178013529,8,38.0,675,675,0.0
대방,11553007316,8,38.0,534,534,0.0
샛강,13506574406,8,38.0,361,361,0.0
샛강,13670786965,8,38.0,348,348,0.0
서울역,3390941198,8,38.0,980,980,0.0
디지털미디어시티,2605603657,8,38.0,383,383,0.0
디지털미디어시티,4652833827,8,38.0,469,469,0.0
노원,5706189891,8,38.0,776,776,0.0
양재,4865811281,8,38.0,893,893,0.0
강남,3087683154,8,38.0,1222,1222,0.0
당산,10814323607,8,38.0,737,737,0.0
서울역,3391063393,8,38.0,1011,1011,0.0
신길,4636791670,8,38.0,720,720,0.0
가산디지털단지,2108483903,8,38.0,492,492,0.0
상계,3401474874,8,38.0,689,689,0.0
선유도,2726710465,8,38.0,537,537,0.0
신목동,2812530406,8,38.0,405,405,0.0
염창,2289016390,8,38.0,683,683,0.0
등촌,2290015312,8,38.0,810,810,0.0
증미,3042643876,8,38.0,673,673,0.0
가양,2142681442,8,38.0,885,885,0.0
양천향교,414683333,8,38.0,635,635,0.0
신방화,10814323761,8,38.0,827,827,0.0
공항시장,4604019398,8,38.0,777,777,0.0
총신대입구(이수),4984575377,8,38.0,877,877,0.0
동묘앞,3830591800,8,38.0,1683,1683,0.0
동대문,7195666618,8,38.0,1827,1827,0.0
종로3가,4198116864,8,38.0,1363,1363,0.0
종로3가,4197560774,8,38.0,1595,1595,0.0
정릉,3828480980,8,38.0,700,700,0.0
솔샘,3841342870,8,38.0,826,826,0.0
삼양사거리,3841342963,8,38.0,1425,1425,0.0
삼양,3840741768,8,38.0,1428,1428,0.0
화계,436865378,8,38.0,1464,1464,0.0
가오리,3840936112,8,38.0,1346,1346,0.0
4.19민주묘지,3841077641,8,38.0,939,939,0.0
솔밭공원,3626451463,8,38.0,493,493,0.0
북한산우이,11824482197,8,38.0,274,274,0.0
시청,7677568503,8,38.0,1206,1206,0.0
노량진,4627778176,8,38.0,411,411,0.0
김포공항,7981330101,8,38.0,553,553,0.0
김포공항,4874729815,8,38.0,614,614,0.0
옥수,8222891384,8,38.0,318,318,0.0
신도림,5119449050,8,38.0,331,331,0.0
수서,11563289590,8,38.0,234,234,0.0
연신내,10678122489,8,38.0,1643,1643,0.0
뚝섬,8498978693,8,38.0,756,756,0.0
동대문역사문화공원,414685825,8,38.0,1759,1759,0.0
동대문역사문화공원,1945254583,8,38.0,1864,1864,0.0
종합운동장,13894950326,8,38.0,402,402,0.0
홍대입구,13227913200,8,38.0,2129,2129,0.0
942정거장,436815896,8,38.0,625,625,0.0
한성대입구,5973684086,8,42.7,1088,1088,0.0
제기동,9655918649,8,42.7,1288,1288,0.0
신이문,3831106833,8,42.7,1042,1042,0.0
회기,9776882774,8,42.7,1756,1756,0.0
월계,3834716670,8,42.7,300,300,0.0
녹천,3834717475,8,42.7,227,227,0.0
광운대,436854528,8,42.7,396,396,0.0
창동,3834608837,8,42.7,424,424,0.0
방학,3846919916,8,42.7,688,688,0.0
오류동,8508812072,8,42.7,98,98,0.0
개봉,5442986444,8,42.7,390,390,0.0
구일,3210749463,8,42.7,272,272,0.0
일원,9454279402,8,42.7,208,208,0.0
양원,9534964626,8,42.7,911,911,0.0
한남,3852156874,8,42.7,249,249,0.0
수색,11944713936,8,42.7,364,364,0.0
940정거장,3011994542,8,42.7,315,315,0.0
중랑,10138603166,8,42.7,1617,1617,0.0
망우,9760894592,8,42.7,1800,1800,0.0
국회의사당,2932339394,8,42.7,587,587,0.0
노들,4627760504,8,42.7,448,448,0.0
신설동,13227969660,8,42.7,1231,1231,0.0
용답,2460188229,8,42.7,807,807,0.0
신촌,13683819523,8,42.7,2215,2215,0.0
수서,6299196105,8,42.7,236,236,0.0
충정로,3893042379,8,42.7,1387,1387,0.0
서강대,5221755996,8,42.7,2111,2111,0.0
종로5가,436883169,8,42.7,1678,1678,0.0
고속터미널,9798531671,8,42.7,689,689,0.0
청량리,10121691848,8,42.7,1413,1413,0.0
봉은사,595750357,8,42.7,602,602,0.0
언주,414684639,8,42.7,1033,1033,0.0
삼성중앙,595750358,8,42.7,682,682,0.0
사평,13512489422,8,42.7,789,789,0.0
선정릉,2110338712,8,42.7,804,804,0.0
신논현,8376423650,8,42.7,1082,1082,0.0
외대앞,3831105923,8,42.7,1212,1212,0.0
구반포,11641428792,8,42.7,381,381,0.0
흑석,436881334,8,42.7,262,262,0.0
신반포,10918075302,8,42.7,556,556,0.0
온수,4987997944,8,42.7,269,269,0.0
왕십리,9083521281,8,42.7,1411,1411,0.0
응봉,13780851569,8,42.7,76,76,0.0
도봉,7006105399,8,42.7,659,659,0.0
서빙고,12874837067,8,42.7,295,295,0.0
양재,11431861586,8,42.7,940,940,0.0
이촌,4172393733,8,42.7,454,454,0.0
복정,11330600853,8,42.7,392,392,0.0
독산,4095041979,8,42.7,268,268,0.0
신내,9810803930,8,42.7,662,662,0.0
금천구청,5308009219,8,42.7,605,605,0.0
암사역사공원,436817489,8,42.7,476,476,0.0
보문,436873184,8,42.7,1115,1115,0.0
동작,7660036116,8,42.7,204,204,0.0
서울,10013086401,8,42.7,830,830,0.0
도곡,5403582157,8,42.7,462,462,0.0
김포공항,2353543144,8,42.7,522,522,0.0
동대문역사문화공원,8496801700,8,42.7,1850,1850,0.0
구로,8918160546,8,42.7,533,533,0.0
북한산보국문,3841557294,8,42.7,582,582,0.0
안국,436867523,8,42.7,1297,1297,0.0
강일,13093833784,8,42.7,347,347,0.0
천호,999136673,8,42.7,1051,1051,0.0
서원,1835221331,8,42.7,1227,1227,0.0
동대문,3830591792,8,42.7,1671,1671,0.0
삼각지,5589627062,8,42.7,902,902,0.0
도봉산,5246596481,8,42.7,477,477,0.0
도봉산,5246596482,8,42.7,488,488,0.0
영등포,11459128410,8,42.7,783,783,0.0
노량진,3785111388,8,42.7,417,417,0.0
용산,10816124190,8,42.7,415,415,0.0
종각,11198015018,8,42.7,1508,1508,0.0
건대입구,2613069963,8,42.7,1123,1123,0.0
가좌,5756085341,8,42.7,950,950,0.0
남영,7836289839,8,42.7,867,867,0.0
대방,4617447369,8,42.7,306,306,0.0
응암,8735757178,8,42.7,2062,2062,0.0
합정,5215341441,8,42.7,1477,1477,0.0
동묘앞,4170064719,8,42.7,1658,1658,0.0
고려대,5404768239,8,42.7,1585,1585,0.0
홍대입구,11841458495,8,42.7,2240,2240,0.0
디지털미디어시티,9891051186,8,42.7,182,182,0.0
선릉,2280678836,8,42.7,766,766,0.0
강남구청,2282830004,8,42.7,911,911,0.0
강남,7168335697,8,42.7,1287,1287,0.0
가락시장,10939998666,8,42.7,266,266,0.0
을지로3가,7694743853,8,42.7,1932,1932,0.0
불광,11228575654,8,42.7,1358,1358,0.0
구의,3958847218,8,42.7,330,330,0.0
강변,1850655113,8,42.7,359,359,0.0
잠실나루,5159105401,8,42.7,251,251,0.0
옥수,3851466435,8,42.7,215,215,0.0
충무로,3846576172,8,42.7,1502,1502,0.0
약수,3846603560,8,42.7,839,839,0.0
교대,3355067052,8,42.7,895,895,0.0
오금,3278844051,8,42.7,992,992,0.0
한양대,8992783196,8,42.7,906,906,0.0
성수,2551966241,8,42.7,805,805,0.0
시청,3404904658,8,42.7,1074,1074,0.0
을지로입구,436830313,8,42.7,1494,1494,0.0
을지로4가,10296582868,8,42.7,1599,1599,0.0
신당,414685846,8,42.7,1733,1733,0.0
상왕십리,11127349744,8,42.7,1796,1796,0.0
신촌,5937884691,8,42.7,2707,2707,0.0
이대,9283138042,8,42.7,1934,1934,0.0
아현,1936511359,8,42.7,1758,1758,0.0
마곡나루,4019735070,8,42.7,568,568,0.0
당산,3216944261,8,42.7,692,692,0.0
문래,11455185928,8,42.7,1223,1223,0.0
신도림,5344219251,8,42.7,229,229,0.0
구로디지털단지,4624772818,8,42.7,665,665,0.0
신대방,4624808762,8,42.7,578,578,0.0
신림,5404739367,8,42.7,1212,1212,0.0
봉천,5404739628,8,42.7,1274,1274,0.0
서울대입구,5406451695,8,42.7,959,959,0.0
낙성대,5406462591,8,42.7,618,618,0.0
방배,8471989456,8,42.7,421,421,0.0
서초,3221788784,8,42.7,652,652,0.0
역삼,2280678732,8,42.7,948,948,0.0
삼성,733859380,8,42.7,606,606,0.0
종합운동장,1430639131,8,42.7,362,362,0.0
잠실새내,2957013438,8,42.7,642,642,0.0
잠실,7877518993,8,42.7,415,415,0.0
양천구청,3380999909,8,42.7,471,471,0.0
신정네거리,9572122970,8,42.7,759,759,0.0
도림천,4630961655,8,42.7,567,567,0.0
경찰병원,1812000920,8,42.7,649,649,0.0
대청,2927282422,8,42.7,495,495,0.0
학여울,4643770712,8,42.7,520,520,0.0
대치,2281644495,8,42.7,618,618,0.0
매봉,5406359683,8,42.7,583,583,0.0
남부터미널,436864976,8,42.7,743,743,0.0
잠원,4634374794,8,42.7,513,513,0.0
신사,8489501829,8,42.7,1026,1026,0.0
압구정,9891581229,8,42.7,1171,1171,0.0
금호,4201516987,8,42.7,552,552,0.0
동대입구,436870722,8,42.7,1131,1131,0.0
경복궁,6033544429,8,42.7,1196,1196,0.0
독립문,13460710395,8,42.7,816,816,0.0
무악재,11296428367,8,42.7,455,455,0.0
홍제,436868050,8,42.7,855,855,0.0
녹번,436867704,8,42.7,786,786,0.0
구파발,8515726110,8,42.7,786,786,0.0
불암산,3841778897,8,42.7,478,478,0.0
쌍문,436836179,8,42.7,1106,1106,0.0
수유,9813541694,8,42.7,1433,1433,0.0
미아,9819314920,8,42.7,1362,1362,0.0
미아사거리,5198597933,8,42.7,1334,1334,0.0
길음,5210130825,8,42.7,921,921,0.0
혜화,2409390726,8,42.7,915,915,0.0
명동,7495868732,8,42.7,1420,1420,0.0
회현,12920546288,8,42.7,1025,1025,0.0
서울역,5348913449,8,42.7,990,990,0.0
숙대입구,2533148374,8,42.7,1017,1017,0.0
신용산,10816047755,8,42.7,445,445,0.0
사당,11521991148,8,42.7,772,772,0.0
남태령,7621561344,8,42.7,140,140,0.0
마천,10277058704,8,42.7,1004,1004,0.0
거여,4489986954,8,42.7,1107,1107,0.0
개롱,12142687377,8,42.7,1146,1146,0.0
방이,2310500979,8,42.7,840,840,0.0
올림픽공원,8493888383,8,42.7,637,637,0.0
둔촌동,4680325914,8,42.7,548,548,0.0
상일동,7106623354,8,42.7,484,484,0.0
고덕,5915757376,8,42.7,713,713,0.0
명일,10009228390,8,42.7,570,570,0.0
굽은다리,3851742835,8,42.7,725,725,0.0
길동,3856135009,8,42.7,792,792,0.0
강동,3856513978,8,42.7,814,814,0.0
광나루,11182352080,8,42.7,452,452,0.0
아차산,2123390941,8,42.7,612,612,0.0
장한평,10708070992,8,42.7,481,481,0.0
답십리,10708182321,8,42.7,295,295,0.0
마장,3832676328,8,42.7,1208,1208,0.0
행당,3833113882,8,42.7,1241,1241,0.0
신금호,3848968727,8,42.7,743,743,0.0
광화문,13971398420,8,42.7,1418,1418,0.0
서대문,445343537,8,42.7,1362,1362,0.0
애오개,13142535285,8,42.7,1849,1849,0.0
공덕,9941864292,8,42.7,1998,1998,0.0
마포,13227969612,8,42.7,1192,1192,0.0
여의나루,355173356,8,42.7,598,598,0.0
여의도,4744225606,8,42.7,421,421,0.0
신길,4529530743,8,42.7,518,518,0.0
영등포시장,355173354,8,42.7,1102,1102,0.0
영등포구청,5215341470,8,42.7,1148,1148,0.0
양평,436860925,8,42.7,708,708,0.0
오목교,2808319707,8,42.7,1088,1088,0.0
목동,13895049012,8,42.7,1061,1061,0.0
신정,2848435510,8,42.7,787,787,0.0
까치산,1906282324,8,42.7,941,941,0.0
화곡,2289350750,8,42.7,1376,1376,0.0
우장산,4706229292,8,42.7,1447,1447,0.0
발산,1791473931,8,42.7,929,929,0.0
마곡,13800646917,8,42.7,593,593,0.0
송정,4602991606,8,42.7,677,677,0.0
개화산,9228947724,8,42.7,593,593,0.0
방화,2702609963,8,42.7,435,435,0.0
봉화산,436834232,8,42.7,477,477,0.0
화랑대,3842209686,8,42.7,904,904,0.0
석계,1795189949,8,42.7,982,982,0.0
돌곶이,3830773366,8,42.7,1397,1397,0.0
상월곡,5219803722,8,42.7,1040,1040,0.0
월곡,5406198806,8,42.7,1159,1159,0.0
안암,7625622864,8,42.7,1804,1804,0.0
창신,1943131791,8,42.7,758,758,0.0
청구,1936511423,8,42.7,1242,1242,0.0
버티고개,3847632030,8,42.7,334,334,0.0
한강진,436868241,8,42.7,569,569,0.0
이태원,2470887090,8,42.7,754,754,0.0
녹사평,2384953064,8,42.7,1040,1040,0.0
효창공원앞,4426288471,8,42.7,1133,1133,0.0
대흥,9987526934,8,42.7,1983,1983,0.0
광흥창,4101356295,8,42.7,1853,1853,0.0
상수,414685238,8,42.7,1337,1337,0.0
망원,445327391,8,42.7,1724,1724,0.0
마포구청,5905951490,8,42.7,1038,1038,0.0
월드컵경기장,798569457,8,42.7,500,500,0.0
증산,3823125035,8,42.7,1303,1303,0.0
새절,3822999355,8,42.7,1828,1828,0.0
구산,2292697262,8,42.7,1767,1767,0.0
연신내,13357342120,8,42.7,1578,1578,0.0
독바위,3824954278,8,42.7,914,914,0.0
역촌,10789220053,8,42.7,1917,1917,0.0
어린이대공원,7939459503,8,42.7,860,860,0.0
군자,8743773046,8,42.7,1103,1103,0.0
중곡,3840461137,8,42.7,932,932,0.0
용마산,10141309870,8,42.7,1285,1285,0.0
사가정,436849774,8,42.7,1805,1805,0.0
면목,436816024,8,42.7,1746,1746,0.0
상봉,436718863,8,42.7,2078,2078,0.0
중화,3819991417,8,42.7,1857,1857,0.0
먹골,436538654,8,42.7,1117,1117,0.0
태릉입구,13821634895,8,42.7,1354,1354,0.0
공릉,13566284590,8,42.7,1151,1151,0.0
하계,13566334119,8,42.7,554,554,0.0
중계,3835756882,8,42.7,440,440,0.0
노원,10598556476,8,42.7,697,697,0.0
마들,9410070134,8,42.7,1010,1010,0.0
수락산,13566334197,8,42.7,619,619,0.0
가산디지털단지,436846908,8,42.7,460,460,0.0
남구로,2590252230,8,42.7,768,768,0.0
대림,2589375675,8,42.7,858,858,0.0
신풍,2108483850,8,42.7,848,848,0.0
보라매,2108483937,8,42.7,721,721,0.0
신대방삼거리,2108483943,8,42.7,901,901,0.0
장승배기,1830596637,8,42.7,854,854,0.0
상도,436821675,8,42.7,771,771,0.0
숭실대입구,11413637825,8,42.7,585,585,0.0
남성,4195693782,8,42.7,686,686,0.0
이수,13434371130,8,42.7,970,970,0.0
내방,2110270505,8,42.7,487,487,0.0
반포,9914441894,8,42.7,746,746,0.0
논현,2280678861,8,42.7,955,955,0.0
학동,2279487893,8,42.7,1030,1030,0.0
청담,2279487921,8,42.7,785,785,0.0
자양,9040152140,8,42.7,636,636,0.0
용두,1939143883,8,42.7,1269,1269,0.0
신답,2460188205,8,42.7,45,45,0.0
천왕,1784377384,8,42.7,338,338,0.0
장지,11202554992,8,42.7,983,983,0.0
문정,6832910091,8,42.7,581,581,0.0
송파,2280491847,8,42.7,553,553,0.0
석촌,2280491863,8,42.7,301,301,0.0
몽촌토성,2346858828,8,42.7,451,451,0.0
강동구청,436855505,8,42.7,904,904,0.0
암사,999136556,8,42.7,828,828,0.0
중앙보훈병원,4197252516,8,42.7,357,357,0.0
둔촌오륜,11229084218,8,42.7,377,377,0.0
한성백제,10009448574,8,42.7,394,394,0.0
송파나루,1809560163,8,42.7,485,485,0.0
석촌고분,10855673146,8,42.7,780,780,0.0
삼전,4186302819,8,42.7,613,613,0.0
대모산입구,4643770733,8,42.7,495,495,0.0
개포동,2032418657,8,42.7,428,428,0.0
구룡,436814317,8,42.7,225,225,0.0
한티,4784810914,8,42.7,616,616,0.0
압구정로데오,596509934,8,42.7,705,705,0.0
서울숲,9081846792,8,42.7,723,723,0.0
양재시민의숲,12872531616,8,42.7,667,667,0.0
청계산입구,11744211938,8,42.7,177,177,0.0
성신여대입구,5226829495,8,42.7,886,886,0.0
청량리,7749822746,8,42.7,1451,1451,0.0
신내,9534964676,8,42.7,661,661,0.0
종로3가,7068953101,8,42.7,1739,1739,0.0
신설동,13345643243,8,42.7,1380,1380,0.0
성신여대입구,9816197077,8,42.7,862,862,0.0
이촌,13472471079,8,42.7,485,485,0.0
서울역,10216518963,8,42.7,550,550,0.0
수서,6004121530,8,42.7,224,224,0.0
건대입구,11303511536,8,42.7,1018,1018,0.0
선정릉,596482732,8,42.7,765,765,0.0
선릉,860338496,8,42.7,762,762,0.0
도곡,3418782698,8,42.7,447,447,0.0
수서,12364278188,8,42.7,233,233,0.0
복정,11330600836,8,42.7,445,445,0.0
왕십리,9369050246,8,42.7,1530,1530,0.0
왕십리,11127349780,8,42.7,1663,1663,0.0
신설동,4173042514,8,42.7,1293,1293,0.0
939정거장,8436624771,8,42.7,364,364,0.0
창동,4659124351,8,42.7,526,526,0.0
동작,3401123578,8,42.7,13,13,0.0
개화,9701881739,8,42.7,242,242,0.0
상봉,2470981971,8,42.7,1849,1849,0.0
관악산,4373612914,8,42.7,549,549,0.0
서울대벤처타운,1835221096,8,42.7,879,879,0.0
신림,1844912791,8,42.7,1197,1197,0.0
당곡,436858756,8,42.7,1055,1055,0.0
보라매병원,436847189,8,42.7,817,817,0.0
보라매공원,7916896848,8,42.7,516,516,0.0
보라매,2819460436,8,42.7,703,703,0.0
서울지방병무청,11178013529,8,42.7,675,675,0.0
대방,11553007316,8,42.7,534,534,0.0
샛강,13506574406,8,42.7,361,361,0.0
샛강,13670786965,8,42.7,348,348,0.0
서울역,3390941198,8,42.7,980,980,0.0
디지털미디어시티,2605603657,8,42.7,383,383,0.0
디지털미디어시티,4652833827,8,42.7,469,469,0.0
노원,5706189891,8,42.7,776,776,0.0
양재,4865811281,8,42.7,893,893,0.0
강남,3087683154,8,42.7,1222,1222,0.0
당산,10814323607,8,42.7,737,737,0.0
서울역,3391063393,8,42.7,1011,1011,0.0
신길,4636791670,8,42.7,720,720,0.0
가산디지털단지,2108483903,8,42.7,492,492,0.0
상계,3401474874,8,42.7,689,689,0.0
선유도,2726710465,8,42.7,537,537,0.0
신목동,2812530406,8,42.7,405,405,0.0
염창,2289016390,8,42.7,683,683,0.0
등촌,2290015312,8,42.7,810,810,0.0
증미,3042643876,8,42.7,673,673,0.0
가양,2142681442,8,42.7,885,885,0.0
양천향교,414683333,8,42.7,635,635,0.0
신방화,10814323761,8,42.7,827,827,0.0
공항시장,4604019398,8,42.7,777,777,0.0
총신대입구(이수),4984575377,8,42.7,877,877,0.0
동묘앞,3830591800,8,42.7,1683,1683,0.0
동대문,7195666618,8,42.7,1827,1827,0.0
종로3가,4198116864,8,42.7,1363,1363,0.0
종로3가,4197560774,8,42.7,1595,1595,0.0
정릉,3828480980,8,42.7,700,700,0.0
솔샘,3841342870,8,42.7,826,826,0.0
삼양사거리,3841342963,8,42.7,1425,1425,0.0
삼양,3840741768,8,42.7,1428,1428,0.0
화계,436865378,8,42.7,1464,1464,0.0
가오리,3840936112,8,42.7,1346,1346,0.0
4.19민주묘지,3841077641,8,42.7,939,939,0.0
솔밭공원,3626451463,8,42.7,493,493,0.0
북한산우이,11824482197,8,42.7,274,274,0.0
시청,7677568503,8,42.7,1206,1206,0.0
노량진,4627778176,8,42.7,411,411,0.0
김포공항,7981330101,8,42.7,553,553,0.0
김포공항,4874729815,8,42.7,614,614,0.0
옥수,8222891384,8,42.7,318,318,0.0
신도림,5119449050,8,42.7,331,331,0.0
수서,11563289590,8,42.7,234,234,0.0
연신내,10678122489,8,42.7,1643,1643,0.0
뚝섬,8498978693,8,42.7,756,756,0.0
동대문역사문화공원,414685825,8,42.7,1759,1759,0.0
동대문역사문화공원,1945254583,8,42.7,1864,1864,0.0
종합운동장,13894950326,8,42.7,402,402,0.0
홍대입구,13227913200,8,42.7,2129,2129,0.0
942정거장,436815896,8,42.7,625,625,0.0
한성대입구,5973684086,9,38.0,1088,1,99.91
제기동,9655918649,9,38.0,1288,1,99.92
신이문,3831106833,9,38.0,1042,43,95.87
회기,9776882774,9,38.0,1756,5,99.72
월계,3834716670,9,38.0,300,1,99.67
녹천,3834717475,9,38.0,227,1,99.56
광운대,436854528,9,38.0,396,1,99.75
창동,3834608837,9,38.0,424,1,99.76
방학,3846919916,9,38.0,688,2,99.71
오류동,8508812072,9,38.0,98,1,98.98
개봉,5442986444,9,38.0,390,23,94.1
구일,3210749463,9,38.0,272,1,99.63
일원,9454279402,9,38.0,208,1,99.52
양원,9534964626,9,38.0,911,1,99.89
한남,3852156874,9,38.0,249,1,99.6
수색,11944713936,9,38.0,364,3,99.18
940정거장,3011994542,9,38.0,315,1,99.68
중랑,10138603166,9,38.0,1617,1,99.94
망우,9760894592,9,38.0,1800,2,99.89
국회의사당,2932339394,9,38.0,587,1,99.83
노들,4627760504,9,38.0,448,1,99.78
신설동,13227969660,9,38.0,1231,43,96.51
용답,2460188229,9,38.0,807,1,99.88
신촌,13683819523,9,38.0,2215,1,99.95
수서,6299196105,9,38.0,236,69,70.76
충정로,3893042379,9,38.0,1387,1,99.93
서강대,5221755996,9,38.0,2111,1,99.95
종로5가,436883169,9,38.0,1678,1,99.94
고속터미널,9798531671,9,38.0,689,35,94.92
청량리,10121691848,9,38.0,1413,15,98.94
봉은사,595750357,9,38.0,602,21,96.51
언주,414684639,9,38.0,1033,480,53.53
삼성중앙,595750358,9,38.0,682,310,54.55
사평,13512489422,9,38.0,789,124,84.28
선정릉,2110338712,9,38.0,804,295,63.31
신논현,8376423650,9,38.0,1082,453,58.13
외대앞,3831105923,9,38.0,1212,6,99.5
구반포,11641428792,9,38.0,381,3,99.21
흑석,436881334,9,38.0,262,1,99.62
신반포,10918075302,9,38.0,556,48,91.37
온수,4987997944,9,38.0,269,1,99.63
왕십리,9083521281,9,38.0,1411,1,99.93
응봉,13780851569,9,38.0,76,1,98.68
도봉,7006105399,9,38.0,659,6,99.09
서빙고,12874837067,9,38.0,295,1,99.66
양재,11431861586,9,38.0,940,1,99.89
이촌,4172393733,9,38.0,454,51,88.77
복정,11330600853,9,38.0,392,1,99.74
독산,4095041979,9,38.0,268,3,98.88
신내,9810803930,9,38.0,662,1,99.85
금천구청,5308009219,9,38.0,605,1,99.83
암사역사공원,436817489,9,38.0,476,1,99.79
보문,436873184,9,38.0,1115,1,99.91
동작,7660036116,9,38.0,204,1,99.51
서울,10013086401,9,38.0,830,1,99.88
도곡,5403582157,9,38.0,462,1,99.78
김포공항,2353543144,9,38.0,522,1,99.81
동대문역사문화공원,8496801700,9,38.0,1850,1,99.95
구로,8918160546,9,38.0,533,21,96.06
북한산보국문,3841557294,9,38.0,582,6,98.97
안국,436867523,9,38.0,1297,1,99.92
강일,13093833784,9,38.0,347,1,99.71
천호,999136673,9,38.0,1051,1,99.9
서원,1835221331,9,38.0,1227,1,99.92
동대문,3830591792,9,38.0,1671,1,99.94
삼각지,5589627062,9,38.0,902,1,99.89
도봉산,5246596481,9,38.0,477,1,99.79
도봉산,5246596482,9,38.0,488,1,99.8
영등포,11459128410,9,38.0,783,1,99.87
노량진,3785111388,9,38.0,417,1,99.76
용산,10816124190,9,38.0,415,1,99.76
종각,11198015018,9,38.0,1508,1,99.93
건대입구,2613069963,9,38.0,1123,461,58.95
가좌,5756085341,9,38.0,950,1,99.89
남영,7836289839,9,38.0,867,12,98.62
대방,4617447369,9,38.0,306,19,93.79
응암,8735757178,9,38.0,2062,1,99.95
합정,5215341441,9,38.0,1477,1,99.93
동묘앞,4170064719,9,38.0,1658,1,99.94
고려대,5404768239,9,38.0,1585,1,99.94
홍대입구,11841458495,9,38.0,2240,1,99.96
디지털미디어시티,9891051186,9,38.0,182,1,99.45
선릉,2280678836,9,38.0,766,584,23.76
강남구청,2282830004,9,38.0,911,233,74.42
강남,7168335697,9,38.0,1287,741,42.42
가락시장,10939998666,9,38.0,266,2,99.25
을지로3가,7694743853,9,38.0,1932,1,99.95
불광,11228575654,9,38.0,1358,70,94.85
구의,3958847218,9,38.0,330,127,61.52
강변,1850655113,9,38.0,359,172,52.09
잠실나루,5159105401,9,38.0,251,18,92.83
옥수,3851466435,9,38.0,215,1,99.53
충무로,3846576172,9,38.0,1502,1,99.93
약수,3846603560,9,38.0,839,214,74.49
교대,3355067052,9,38.0,895,329,63.24
오금,3278844051,9,38.0,992,1,99.9
한양대,8992783196,9,38.0,906,1,99.89
성수,2551966241,9,38.0,805,34,95.78
시청,3404904658,9,38.0,1074,1,99.91
을지로입구,436830313,9,38.0,1494,8,99.46
을지로4가,10296582868,9,38.0,1599,1,99.94
신당,414685846,9,38.0,1733,1,99.94
상왕십리,11127349744,9,38.0,1796,1,99.94
신촌,5937884691,9,38.0,2707,1,99.96
이대,9283138042,9,38.0,1934,1,99.95
아현,1936511359,9,38.0,1758,1,99.94
마곡나루,4019735070,9,38.0,568,1,99.82
당산,3216944261,9,38.0,692,123,82.23
문래,11455185928,9,38.0,1223,1,99.92
신도림,5344219251,9,38.0,229,1,99.56
구로디지털단지,4624772818,9,38.0,665,86,87.07
신대방,4624808762,9,38.0,578,1,99.83
신림,5404739367,9,38.0,1212,1,99.92
봉천,5404739628,9,38.0,1274,2,99.84
서울대입구,5406451695,9,38.0,959,1,99.9
낙성대,5406462591,9,38.0,618,199,67.8
방배,8471989456,9,38.0,421,1,99.76
서초,3221788784,9,38.0,652,284,56.44
역삼,2280678732,9,38.0,948,1,99.89
삼성,733859380,9,38.0,606,311,48.68
종합운동장,1430639131,9,38.0,362,1,99.72
잠실새내,2957013438,9,38.0,642,1,99.84
잠실,7877518993,9,38.0,415,1,99.76
양천구청,3380999909,9,38.0,471,1,99.79
신정네거리,9572122970,9,38.0,759,5,99.34
도림천,4630961655,9,38.0,567,1,99.82
경찰병원,1812000920,9,38.0,649,270,58.4
대청,2927282422,9,38.0,495,1,99.8
학여울,4643770712,9,38.0,520,1,99.81
대치,2281644495,9,38.0,618,36,94.17
매봉,5406359683,9,38.0,583,1,99.83
남부터미널,436864976,9,38.0,743,260,65.01
잠원,4634374794,9,38.0,513,36,92.98
신사,8489501829,9,38.0,1026,346,66.28
압구정,9891581229,9,38.0,1171,369,68.49
금호,4201516987,9,38.0,552,1,99.82
동대입구,436870722,9,38.0,1131,1,99.91
경복궁,6033544429,9,38.0,1196,1,99.92
독립문,13460710395,9,38.0,816,135,83.46
무악재,11296428367,9,38.0,455,151,66.81
홍제,436868050,9,38.0,855,95,88.89
녹번,436867704,9,38.0,786,98,87.53
구파발,8515726110,9,38.0,786,149,81.04
불암산,3841778897,9,38.0,478,1,99.79
쌍문,436836179,9,38.0,1106,132,88.07
수유,9813541694,9,38.0,1433,660,53.94
미아,9819314920,9,38.0,1362,1,99.93
미아사거리,5198597933,9,38.0,1334,82,93.85
길음,5210130825,9,38.0,921,99,89.25
혜화,2409390726,9,38.0,915,52,94.32
명동,7495868732,9,38.0,1420,158,88.87
회현,12920546288,9,38.0,1025,436,57.46
서울역,5348913449,9,38.0,990,337,65.96
숙대입구,2533148374,9,38.0,1017,1,99.9
신용산,10816047755,9,38.0,445,1,99.78
사당,11521991148,9,38.0,772,1,99.87
남태령,7621561344,9,38.0,140,1,99.29
마천,10277058704,9,38.0,1004,217,78.39
거여,4489986954,9,38.0,1107,1,99.91
개롱,12142687377,9,38.0,1146,127,88.92
방이,2310500979,9,38.0,840,1,99.88
올림픽공원,8493888383,9,38.0,637,1,99.84
둔촌동,4680325914,9,38.0,548,1,99.82
상일동,7106623354,9,38.0,484,1,99.79
고덕,5915757376,9,38.0,713,1,99.86
명일,10009228390,9,38.0,570,2,99.65
굽은다리,3851742835,9,38.0,725,419,42.21
길동,3856135009,9,38.0,792,440,44.44
강동,3856513978,9,38.0,814,258,68.3
광나루,11182352080,9,38.0,452,1,99.78
아차산,2123390941,9,38.0,612,70,88.56
장한평,10708070992,9,38.0,481,1,99.79
답십리,10708182321,9,38.0,295,81,72.54
마장,3832676328,9,38.0,1208,2,99.83
행당,3833113882,9,38.0,1241,2,99.84
신금호,3848968727,9,38.0,743,47,93.67
광화문,13971398420,9,38.0,1418,8,99.44
서대문,445343537,9,38.0,1362,295,78.34
애오개,13142535285,9,38.0,1849,4,99.78
공덕,9941864292,9,38.0,1998,981,50.9
마포,13227969612,9,38.0,1192,564,52.68
여의나루,355173356,9,38.0,598,1,99.83
여의도,4744225606,9,38.0,421,137,67.46
신길,4529530743,9,38.0,518,4,99.23
영등포시장,355173354,9,38.0,1102,1,99.91
영등포구청,5215341470,9,38.0,1148,1,99.91
양평,436860925,9,38.0,708,173,75.56
오목교,2808319707,9,38.0,1088,4,99.63
목동,13895049012,9,38.0,1061,1,99.91
신정,2848435510,9,38.0,787,178,77.38
까치산,1906282324,9,38.0,941,470,50.05
화곡,2289350750,9,38.0,1376,1,99.93
우장산,4706229292,9,38.0,1447,242,83.28
발산,1791473931,9,38.0,929,7,99.25
마곡,13800646917,9,38.0,593,1,99.83
송정,4602991606,9,38.0,677,5,99.26
개화산,9228947724,9,38.0,593,7,98.82
방화,2702609963,9,38.0,435,4,99.08
봉화산,436834232,9,38.0,477,1,99.79
화랑대,3842209686,9,38.0,904,2,99.78
석계,1795189949,9,38.0,982,50,94.91
돌곶이,3830773366,9,38.0,1397,225,83.89
상월곡,5219803722,9,38.0,1040,1,99.9
월곡,5406198806,9,38.0,1159,1,99.91
안암,7625622864,9,38.0,1804,1,99.94
창신,1943131791,9,38.0,758,9,98.81
청구,1936511423,9,38.0,1242,1,99.92
버티고개,3847632030,9,38.0,334,2,99.4
한강진,436868241,9,38.0,569,1,99.82
이태원,2470887090,9,38.0,754,1,99.87
녹사평,2384953064,9,38.0,1040,152,85.38
효창공원앞,4426288471,9,38.0,1133,1,99.91
대흥,9987526934,9,38.0,1983,1,99.95
광흥창,4101356295,9,38.0,1853,181,90.23
상수,414685238,9,38.0,1337,365,72.7
망원,445327391,9,38.0,1724,668,61.25
마포구청,5905951490,9,38.0,1038,1,99.9
월드컵경기장,798569457,9,38.0,500,1,99.8
증산,3823125035,9,38.0,1303,1,99.92
새절,3822999355,9,38.0,1828,1,99.95
구산,2292697262,9,38.0,1767,415,76.51
연신내,13357342120,9,38.0,1578,1,99.94
독바위,3824954278,9,38.0,914,418,54.27
역촌,10789220053,9,38.0,1917,636,66.82
어린이대공원,7939459503,9,38.0,860,1,99.88
군자,8743773046,9,38.0,1103,1,99.91
중곡,3840461137,9,38.0,932,253,72.85
용마산,10141309870,9,38.0,1285,9,99.3
사가정,436849774,9,38.0,1805,402,77.73
면목,436816024,9,38.0,1746,1,99.94
상봉,436718863,9,38.0,2078,1,99.95
중화,3819991417,9,38.0,1857,1,99.95
먹골,436538654,9,38.0,1117,1,99.91
태릉입구,13821634895,9,38.0,1354,1,99.93
공릉,13566284590,9,38.0,1151,1,99.91
하계,13566334119,9,38.0,554,21,96.21
중계,3835756882,9,38.0,440,1,99.77
노원,10598556476,9,38.0,697,2,99.71
마들,9410070134,9,38.0,1010,1,99.9
수락산,13566334197,9,38.0,619,37,94.02
가산디지털단지,436846908,9,38.0,460,38,91.74
남구로,2590252230,9,38.0,768,1,99.87
대림,2589375675,9,38.0,858,1,99.88
신풍,2108483850,9,38.0,848,1,99.88
보라매,2108483937,9,38.0,721,7,99.03
신대방삼거리,2108483943,9,38.0,901,67,92.56
장승배기,1830596637,9,38.0,854,1,99.88
상도,436821675,9,38.0,771,1,99.87
숭실대입구,11413637825,9,38.0,585,1,99.83
남성,4195693782,9,38.0,686,40,94.17
이수,13434371130,9,38.0,970,3,99.69
내방,2110270505,9,38.0,487,1,99.79
반포,9914441894,9,38.0,746,33,95.58
논현,2280678861,9,38.0,955,250,73.82
학동,2279487893,9,38.0,1030,1,99.9
청담,2279487921,9,38.0,785,50,93.63
자양,9040152140,9,38.0,636,247,61.16
용두,1939143883,9,38.0,1269,11,99.13
신답,2460188205,9,38.0,45,1,97.78
천왕,1784377384,9,38.0,338,1,99.7
장지,11202554992,9,38.0,983,5,99.49
문정,6832910091,9,38.0,581,1,99.83
송파,2280491847,9,38.0,553,1,99.82
석촌,2280491863,9,38.0,301,1,99.67
몽촌토성,2346858828,9,38.0,451,1,99.78
강동구청,436855505,9,38.0,904,1,99.89
암사,999136556,9,38.0,828,386,53.38
중앙보훈병원,4197252516,9,38.0,357,11,96.92
둔촌오륜,11229084218,9,38.0,377,1,99.73
한성백제,10009448574,9,38.0,394,1,99.75
송파나루,1809560163,9,38.0,485,284,41.44
석촌고분,10855673146,9,38.0,780,1,99.87
삼전,4186302819,9,38.0,613,210,65.74
대모산입구,4643770733,9,38.0,495,1,99.8
개포동,2032418657,9,38.0,428,1,99.77
구룡,436814317,9,38.0,225,2,99.11
한티,4784810914,9,38.0,616,286,53.57
압구정로데오,596509934,9,38.0,705,1,99.86
서울숲,9081846792,9,38.0,723,2,99.72
양재시민의숲,12872531616,9,38.0,667,1,99.85
청계산입구,11744211938,9,38.0,177,1,99.44
성신여대입구,5226829495,9,38.0,886,525,40.74
청량리,7749822746,9,38.0,1451,1,99.93
신내,9534964676,9,38.0,661,1,99.85
종로3가,7068953101,9,38.0,1739,1,99.94
신설동,13345643243,9,38.0,1380,1,99.93
성신여대입구,9816197077,9,38.0,862,521,39.56
이촌,13472471079,9,38.0,485,1,99.79
서울역,10216518963,9,38.0,550,2,99.64
수서,6004121530,9,38.0,224,1,99.55
건대입구,11303511536,9,38.0,1018,463,54.52
선정릉,596482732,9,38.0,765,329,56.99
선릉,860338496,9,38.0,762,548,28.08
도곡,3418782698,9,38.0,447,108,75.84
수서,12364278188,9,38.0,233,68,70.82
복정,11330600836,9,38.0,445,1,99.78
왕십리,9369050246,9,38.0,1530,1,99.93
왕십리,11127349780,9,38.0,1663,1,99.94
신설동,4173042514,9,38.0,1293,43,96.67
939정거장,8436624771,9,38.0,364,1,99.73
창동,4659124351,9,38.0,526,19,96.39
동작,3401123578,9,38.0,13,1,92.31
개화,9701881739,9,38.0,242,1,99.59
상봉,2470981971,9,38.0,1849,1,99.95
관악산,4373612914,9,38.0,549,1,99.82
서울대벤처타운,1835221096,9,38.0,879,1,99.89
신림,1844912791,9,38.0,1197,158,86.8
당곡,436858756,9,38.0,1055,1,99.91
보라매병원,436847189,9,38.0,817,67,91.8
보라매공원,7916896848,9,38.0,516,1,99.81
보라매,2819460436,9,38.0,703,1,99.86
서울지방병무청,11178013529,9,38.0,675,206,69.48
대방,11553007316,9,38.0,534,1,99.81
샛강,13506574406,9,38.0,361,1,99.72
샛강,13670786965,9,38.0,348,1,99.71
서울역,3390941198,9,38.0,980,351,64.18
디지털미디어시티,2605603657,9,38.0,383,4,98.96
디지털미디어시티,4652833827,9,38.0,469,1,99.79
노원,5706189891,9,38.0,776,131,83.12
양재,4865811281,9,38.0,893,171,80.85
강남,3087683154,9,38.0,1222,814,33.39
당산,10814323607,9,38.0,737,193,73.81
서울역,3391063393,9,38.0,1011,365,63.9
신길,4636791670,9,38.0,720,1,99.86
가산디지털단지,2108483903,9,38.0,492,50,89.84
상계,3401474874,9,38.0,689,249,63.86
선유도,2726710465,9,38.0,537,269,49.91
신목동,2812530406,9,38.0,405,1,99.75
염창,2289016390,9,38.0,683,1,99.85
등촌,2290015312,9,38.0,810,130,83.95
증미,3042643876,9,38.0,673,322,52.15
가양,2142681442,9,38.0,885,261,70.51
양천향교,414683333,9,38.0,635,3,99.53
신방화,10814323761,9,38.0,827,1,99.88
공항시장,4604019398,9,38.0,777,1,99.87
총신대입구(이수),4984575377,9,38.0,877,94,89.28
동묘앞,3830591800,9,38.0,1683,36,97.86
동대문,7195666618,9,38.0,1827,1,99.95
종로3가,4198116864,9,38.0,1363,68,95.01
종로3가,4197560774,9,38.0,1595,76,95.24
정릉,3828480980,9,38.0,700,4,99.43
솔샘,3841342870,9,38.0,826,1,99.88
삼양사거리,3841342963,9,38.0,1425,1,99.93
삼양,3840741768,9,38.0,1428,1,99.93
화계,436865378,9,38.0,1464,1,99.93
가오리,3840936112,9,38.0,1346,102,92.42
4.19민주묘지,3841077641,9,38.0,939,4,99.57
솔밭공원,3626451463,9,38.0,493,1,99.8
북한산우이,11824482197,9,38.0,274,1,99.64
시청,7677568503,9,38.0,1206,520,56.88
노량진,4627778176,9,38.0,411,1,99.76
김포공항,7981330101,9,38.0,553,1,99.82
김포공항,4874729815,9,38.0,614,1,99.84
옥수,8222891384,9,38.0,318,45,85.85
신도림,5119449050,9,38.0,331,1,99.7
수서,11563289590,9,38.0,234,76,67.52
연신내,10678122489,9,38.0,1643,701,57.33
뚝섬,8498978693,9,38.0,756,1,99.87
동대문역사문화공원,414685825,9,38.0,1759,145,91.76
동대문역사문화공원,1945254583,9,38.0,1864,1,99.95
종합운동장,13894950326,9,38.0,402,1,99.75
홍대입구,13227913200,9,38.0,2129,814,61.77
942정거장,436815896,9,38.0,625,1,99.84
한성대입구,5973684086,9,42.7,1088,1088,0.0
제기동,9655918649,9,42.7,1288,1288,0.0
신이문,3831106833,9,42.7,1042,1042,0.0
회기,9776882774,9,42.7,1756,1756,0.0
월계,3834716670,9,42.7,300,300,0.0
녹천,3834717475,9,42.7,227,227,0.0
광운대,436854528,9,42.7,396,396,0.0
창동,3834608837,9,42.7,424,424,0.0
방학,3846919916,9,42.7,688,688,0.0
오류동,8508812072,9,42.7,98,98,0.0
개봉,5442986444,9,42.7,390,390,0.0
구일,3210749463,9,42.7,272,272,0.0
일원,9454279402,9,42.7,208,208,0.0
양원,9534964626,9,42.7,911,911,0.0
한남,3852156874,9,42.7,249,249,0.0
수색,11944713936,9,42.7,364,364,0.0
940정거장,3011994542,9,42.7,315,315,0.0
중랑,10138603166,9,42.7,1617,1617,0.0
망우,9760894592,9,42.7,1800,1800,0.0
국회의사당,2932339394,9,42.7,587,587,0.0
노들,4627760504,9,42.7,448,448,0.0
신설동,13227969660,9,42.7,1231,1231,0.0
용답,2460188229,9,42.7,807,807,0.0
신촌,13683819523,9,42.7,2215,2215,0.0
수서,6299196105,9,42.7,236,236,0.0
충정로,3893042379,9,42.7,1387,1387,0.0
서강대,5221755996,9,42.7,2111,2111,0.0
종로5가,436883169,9,42.7,1678,1678,0.0
고속터미널,9798531671,9,42.7,689,689,0.0
청량리,10121691848,9,42.7,1413,1413,0.0
봉은사,595750357,9,42.7,602,602,0.0
언주,414684639,9,42.7,1033,1033,0.0
삼성중앙,595750358,9,42.7,682,682,0.0
사평,13512489422,9,42.7,789,789,0.0
선정릉,2110338712,9,42.7,804,804,0.0
신논현,8376423650,9,42.7,1082,1082,0.0
외대앞,3831105923,9,42.7,1212,1212,0.0
구반포,11641428792,9,42.7,381,381,0.0
흑석,436881334,9,42.7,262,262,0.0
신반포,10918075302,9,42.7,556,556,0.0
온수,4987997944,9,42.7,269,269,0.0
왕십리,9083521281,9,42.7,1411,1411,0.0
응봉,13780851569,9,42.7,76,76,0.0
도봉,7006105399,9,42.7,659,659,0.0
서빙고,12874837067,9,42.7,295,295,0.0
양재,11431861586,9,42.7,940,940,0.0
이촌,4172393733,9,42.7,454,454,0.0
복정,11330600853,9,42.7,392,392,0.0
독산,4095041979,9,42.7,268,268,0.0
신내,9810803930,9,42.7,662,662,0.0
금천구청,5308009219,9,42.7,605,605,0.0
암사역사공원,436817489,9,42.7,476,476,0.0
보문,436873184,9,42.7,1115,1115,0.0
동작,7660036116,9,42.7,204,204,0.0
서울,10013086401,9,42.7,830,830,0.0
도곡,5403582157,9,42.7,462,462,0.0
김포공항,2353543144,9,42.7,522,522,0.0
동대문역사문화공원,8496801700,9,42.7,1850,1850,0.0
구로,8918160546,9,42.7,533,533,0.0
북한산보국문,3841557294,9,42.7,582,582,0.0
안국,436867523,9,42.7,1297,1297,0.0
강일,13093833784,9,42.7,347,347,0.0
천호,999136673,9,42.7,1051,1051,0.0
서원,1835221331,9,42.7,1227,1227,0.0
동대문,3830591792,9,42.7,1671,1671,0.0
삼각지,5589627062,9,42.7,902,902,0.0
도봉산,5246596481,9,42.7,477,477,0.0
도봉산,5246596482,9,42.7,488,488,0.0
영등포,11459128410,9,42.7,783,783,0.0
노량진,3785111388,9,42.7,417,417,0.0
용산,10816124190,9,42.7,415,415,0.0
종각,11198015018,9,42.7,1508,1508,0.0
건대입구,2613069963,9,42.7,1123,1123,0.0
가좌,5756085341,9,42.7,950,950,0.0
남영,7836289839,9,42.7,867,867,0.0
대방,4617447369,9,42.7,306,306,0.0
응암,8735757178,9,42.7,2062,2062,0.0
합정,5215341441,9,42.7,1477,1477,0.0
동묘앞,4170064719,9,42.7,1658,1658,0.0
고려대,5404768239,9,42.7,1585,1585,0.0
홍대입구,11841458495,9,42.7,2240,2240,0.0
디지털미디어시티,9891051186,9,42.7,182,182,0.0
선릉,2280678836,9,42.7,766,766,0.0
강남구청,2282830004,9,42.7,911,911,0.0
강남,7168335697,9,42.7,1287,1287,0.0
가락시장,10939998666,9,42.7,266,266,0.0
을지로3가,7694743853,9,42.7,1932,1932,0.0
불광,11228575654,9,42.7,1358,1358,0.0
구의,3958847218,9,42.7,330,330,0.0
강변,1850655113,9,42.7,359,359,0.0
잠실나루,5159105401,9,42.7,251,251,0.0
옥수,3851466435,9,42.7,215,215,0.0
충무로,3846576172,9,42.7,1502,1502,0.0
약수,3846603560,9,42.7,839,839,0.0
교대,3355067052,9,42.7,895,895,0.0
오금,3278844051,9,42.7,992,992,0.0
한양대,8992783196,9,42.7,906,906,0.0
성수,2551966241,9,42.7,805,805,0.0
시청,3404904658,9,42.7,1074,1074,0.0
을지로입구,436830313,9,42.7,1494,1494,0.0
을지로4가,10296582868,9,42.7,1599,1599,0.0
신당,414685846,9,42.7,1733,1733,0.0
상왕십리,11127349744,9,42.7,1796,1796,0.0
신촌,5937884691,9,42.7,2707,2707,0.0
이대,9283138042,9,42.7,1934,1934,0.0
아현,1936511359,9,42.7,1758,1758,0.0
마곡나루,4019735070,9,42.7,568,568,0.0
당산,3216944261,9,42.7,692,692,0.0
문래,11455185928,9,42.7,1223,1223,0.0
신도림,5344219251,9,42.7,229,229,0.0
구로디지털단지,4624772818,9,42.7,665,665,0.0
신대방,4624808762,9,42.7,578,578,0.0
신림,5404739367,9,42.7,1212,1212,0.0
봉천,5404739628,9,42.7,1274,1274,0.0
서울대입구,5406451695,9,42.7,959,959,0.0
낙성대,5406462591,9,42.7,618,618,0.0
방배,8471989456,9,42.7,421,421,0.0
서초,3221788784,9,42.7,652,652,0.0
역삼,2280678732,9,42.7,948,948,0.0
삼성,733859380,9,42.7,606,606,0.0
종합운동장,1430639131,9,42.7,362,362,0.0
잠실새내,2957013438,9,42.7,642,642,0.0
잠실,7877518993,9,42.7,415,415,0.0
양천구청,3380999909,9,42.7,471,471,0.0
신정네거리,9572122970,9,42.7,759,759,0.0
도림천,4630961655,9,42.7,567,567,0.0
경찰병원,1812000920,9,42.7,649,649,0.0
대청,2927282422,9,42.7,495,495,0.0
학여울,4643770712,9,42.7,520,520,0.0
대치,2281644495,9,42.7,618,618,0.0
매봉,5406359683,9,42.7,583,583,0.0
남부터미널,436864976,9,42.7,743,743,0.0
잠원,4634374794,9,42.7,513,513,0.0
신사,8489501829,9,42.7,1026,1026,0.0
압구정,9891581229,9,42.7,1171,1171,0.0
금호,4201516987,9,42.7,552,552,0.0
동대입구,436870722,9,42.7,1131,1131,0.0
경복궁,6033544429,9,42.7,1196,1196,0.0
독립문,13460710395,9,42.7,816,816,0.0
무악재,11296428367,9,42.7,455,455,0.0
홍제,436868050,9,42.7,855,855,0.0
녹번,436867704,9,42.7,786,786,0.0
구파발,8515726110,9,42.7,786,786,0.0
불암산,3841778897,9,42.7,478,478,0.0
쌍문,436836179,9,42.7,1106,1106,0.0
수유,9813541694,9,42.7,1433,1433,0.0
미아,9819314920,9,42.7,1362,1362,0.0
미아사거리,5198597933,9,42.7,1334,1334,0.0
길음,5210130825,9,42.7,921,921,0.0
혜화,2409390726,9,42.7,915,915,0.0
명동,7495868732,9,42.7,1420,1420,0.0
회현,12920546288,9,42.7,1025,1025,0.0
서울역,5348913449,9,42.7,990,990,0.0
숙대입구,2533148374,9,42.7,1017,1017,0.0
신용산,10816047755,9,42.7,445,445,0.0
사당,11521991148,9,42.7,772,772,0.0
남태령,7621561344,9,42.7,140,140,0.0
마천,10277058704,9,42.7,1004,1004,0.0
거여,4489986954,9,42.7,1107,1107,0.0
개롱,12142687377,9,42.7,1146,1146,0.0
방이,2310500979,9,42.7,840,840,0.0
올림픽공원,8493888383,9,42.7,637,637,0.0
둔촌동,4680325914,9,42.7,548,548,0.0
상일동,7106623354,9,42.7,484,484,0.0
고덕,5915757376,9,42.7,713,713,0.0
명일,10009228390,9,42.7,570,570,0.0
굽은다리,3851742835,9,42.7,725,725,0.0
길동,3856135009,9,42.7,792,792,0.0
강동,3856513978,9,42.7,814,814,0.0
광나루,11182352080,9,42.7,452,452,0.0
아차산,2123390941,9,42.7,612,612,0.0
장한평,10708070992,9,42.7,481,481,0.0
답십리,10708182321,9,42.7,295,295,0.0
마장,3832676328,9,42.7,1208,1208,0.0
행당,3833113882,9,42.7,1241,1241,0.0
신금호,3848968727,9,42.7,743,743,0.0
광화문,13971398420,9,42.7,1418,1418,0.0
서대문,445343537,9,42.7,1362,1362,0.0
애오개,13142535285,9,42.7,1849,1849,0.0
공덕,9941864292,9,42.7,1998,1998,0.0
마포,13227969612,9,42.7,1192,1192,0.0
여의나루,355173356,9,42.7,598,598,0.0
여의도,4744225606,9,42.7,421,421,0.0
신길,4529530743,9,42.7,518,518,0.0
영등포시장,355173354,9,42.7,1102,1102,0.0
영등포구청,5215341470,9,42.7,1148,1148,0.0
양평,436860925,9,42.7,708,708,0.0
오목교,2808319707,9,42.7,1088,1088,0.0
목동,13895049012,9,42.7,1061,1061,0.0
신정,2848435510,9,42.7,787,787,0.0
까치산,1906282324,9,42.7,941,941,0.0
화곡,2289350750,9,42.7,1376,1376,0.0
우장산,4706229292,9,42.7,1447,1447,0.0
발산,1791473931,9,42.7,929,929,0.0
마곡,13800646917,9,42.7,593,593,0.0
송정,4602991606,9,42.7,677,677,0.0
개화산,9228947724,9,42.7,593,593,0.0
방화,2702609963,9,42.7,435,435,0.0
봉화산,436834232,9,42.7,477,477,0.0
화랑대,3842209686,9,42.7,904,904,0.0
석계,1795189949,9,42.7,982,982,0.0
돌곶이,3830773366,9,42.7,1397,1397,0.0
상월곡,5219803722,9,42.7,1040,1040,0.0
월곡,5406198806,9,42.7,1159,1159,0.0
안암,7625622864,9,42.7,1804,1804,0.0
창신,1943131791,9,42.7,758,758,0.0
청구,1936511423,9,42.7,1242,1242,0.0
버티고개,3847632030,9,42.7,334,334,0.0
한강진,436868241,9,42.7,569,569,0.0
이태원,2470887090,9,42.7,754,754,0.0
녹사평,2384953064,9,42.7,1040,1040,0.0
효창공원앞,4426288471,9,42.7,1133,1133,0.0
대흥,9987526934,9,42.7,1983,1983,0.0
광흥창,4101356295,9,42.7,1853,1853,0.0
상수,414685238,9,42.7,1337,1337,0.0
망원,445327391,9,42.7,1724,1724,0.0
마포구청,5905951490,9,42.7,1038,1038,0.0
월드컵경기장,798569457,9,42.7,500,500,0.0
증산,3823125035,9,42.7,1303,1303,0.0
새절,3822999355,9,42.7,1828,1828,0.0
구산,2292697262,9,42.7,1767,1767,0.0
연신내,13357342120,9,42.7,1578,1578,0.0
독바위,3824954278,9,42.7,914,914,0.0
역촌,10789220053,9,42.7,1917,1917,0.0
어린이대공원,7939459503,9,42.7,860,860,0.0
군자,8743773046,9,42.7,1103,1103,0.0
중곡,3840461137,9,42.7,932,932,0.0
용마산,10141309870,9,42.7,1285,1285,0.0
사가정,436849774,9,42.7,1805,1805,0.0
면목,436816024,9,42.7,1746,1746,0.0
상봉,436718863,9,42.7,2078,2078,0.0
중화,3819991417,9,42.7,1857,1857,0.0
먹골,436538654,9,42.7,1117,1117,0.0
태릉입구,13821634895,9,42.7,1354,1354,0.0
공릉,13566284590,9,42.7,1151,1151,0.0
하계,13566334119,9,42.7,554,554,0.0
중계,3835756882,9,42.7,440,440,0.0
노원,10598556476,9,42.7,697,697,0.0
마들,9410070134,9,42.7,1010,1010,0.0
수락산,13566334197,9,42.7,619,619,0.0
가산디지털단지,436846908,9,42.7,460,460,0.0
남구로,2590252230,9,42.7,768,768,0.0
대림,2589375675,9,42.7,858,858,0.0
신풍,2108483850,9,42.7,848,848,0.0
보라매,2108483937,9,42.7,721,721,0.0
신대방삼거리,2108483943,9,42.7,901,901,0.0
장승배기,1830596637,9,42.7,854,854,0.0
상도,436821675,9,42.7,771,771,0.0
숭실대입구,11413637825,9,42.7,585,585,0.0
남성,4195693782,9,42.7,686,686,0.0
이수,13434371130,9,42.7,970,970,0.0
내방,2110270505,9,42.7,487,487,0.0
반포,9914441894,9,42.7,746,746,0.0
논현,2280678861,9,42.7,955,955,0.0
학동,2279487893,9,42.7,1030,1030,0.0
청담,2279487921,9,42.7,785,785,0.0
자양,9040152140,9,42.7,636,636,0.0
용두,1939143883,9,42.7,1269,1269,0.0
신답,2460188205,9,42.7,45,45,0.0
천왕,1784377384,9,42.7,338,338,0.0
장지,11202554992,9,42.7,983,983,0.0
문정,6832910091,9,42.7,581,581,0.0
송파,2280491847,9,42.7,553,553,0.0
석촌,2280491863,9,42.7,301,301,0.0
몽촌토성,2346858828,9,42.7,451,451,0.0
강동구청,436855505,9,42.7,904,904,0.0
암사,999136556,9,42.7,828,828,0.0
중앙보훈병원,4197252516,9,42.7,357,357,0.0
둔촌오륜,11229084218,9,42.7,377,377,0.0
한성백제,10009448574,9,42.7,394,394,0.0
송파나루,1809560163,9,42.7,485,485,0.0
석촌고분,10855673146,9,42.7,780,780,0.0
삼전,4186302819,9,42.7,613,613,0.0
대모산입구,4643770733,9,42.7,495,495,0.0
개포동,2032418657,9,42.7,428,428,0.0
구룡,436814317,9,42.7,225,225,0.0
한티,4784810914,9,42.7,616,616,0.0
압구정로데오,596509934,9,42.7,705,705,0.0
서울숲,9081846792,9,42.7,723,723,0.0
양재시민의숲,12872531616,9,42.7,667,667,0.0
청계산입구,11744211938,9,42.7,177,177,0.0
성신여대입구,5226829495,9,42.7,886,886,0.0
청량리,7749822746,9,42.7,1451,1451,0.0
신내,9534964676,9,42.7,661,661,0.0
종로3가,7068953101,9,42.7,1739,1739,0.0
신설동,13345643243,9,42.7,1380,1380,0.0
성신여대입구,9816197077,9,42.7,862,862,0.0
이촌,13472471079,9,42.7,485,485,0.0
서울역,10216518963,9,42.7,550,550,0.0
수서,6004121530,9,42.7,224,224,0.0
건대입구,11303511536,9,42.7,1018,1018,0.0
선정릉,596482732,9,42.7,765,765,0.0
선릉,860338496,9,42.7,762,762,0.0
도곡,3418782698,9,42.7,447,447,0.0
수서,12364278188,9,42.7,233,233,0.0
복정,11330600836,9,42.7,445,445,0.0
왕십리,9369050246,9,42.7,1530,1530,0.0
왕십리,11127349780,9,42.7,1663,1663,0.0
신설동,4173042514,9,42.7,1293,1293,0.0
939정거장,8436624771,9,42.7,364,364,0.0
창동,4659124351,9,42.7,526,526,0.0
동작,3401123578,9,42.7,13,13,0.0
개화,9701881739,9,42.7,242,242,0.0
상봉,2470981971,9,42.7,1849,1849,0.0
관악산,4373612914,9,42.7,549,549,0.0
서울대벤처타운,1835221096,9,42.7,879,879,0.0
신림,1844912791,9,42.7,1197,1197,0.0
당곡,436858756,9,42.7,1055,1055,0.0
보라매병원,436847189,9,42.7,817,817,0.0
보라매공원,7916896848,9,42.7,516,516,0.0
보라매,2819460436,9,42.7,703,703,0.0
서울지방병무청,11178013529,9,42.7,675,675,0.0
대방,11553007316,9,42.7,534,534,0.0
샛강,13506574406,9,42.7,361,361,0.0
샛강,13670786965,9,42.7,348,348,0.0
서울역,3390941198,9,42.7,980,980,0.0
디지털미디어시티,2605603657,9,42.7,383,383,0.0
디지털미디어시티,4652833827,9,42.7,469,469,0.0
노원,5706189891,9,42.7,776,776,0.0
양재,4865811281,9,42.7,893,893,0.0
강남,3087683154,9,42.7,1222,1222,0.0
당산,10814323607,9,42.7,737,737,0.0
서울역,3391063393,9,42.7,1011,1011,0.0
신길,4636791670,9,42.7,720,720,0.0
가산디지털단지,2108483903,9,42.7,492,492,0.0
상계,3401474874,9,42.7,689,689,0.0
선유도,2726710465,9,42.7,537,537,0.0
신목동,2812530406,9,42.7,405,405,0.0
염창,2289016390,9,42.7,683,683,0.0
등촌,2290015312,9,42.7,810,810,0.0
증미,3042643876,9,42.7,673,673,0.0
가양,2142681442,9,42.7,885,885,0.0
양천향교,414683333,9,42.7,635,635,0.0
신방화,10814323761,9,42.7,827,827,0.0
공항시장,4604019398,9,42.7,777,777,0.0
총신대입구(이수),4984575377,9,42.7,877,877,0.0
동묘앞,3830591800,9,42.7,1683,1683,0.0
동대문,7195666618,9,42.7,1827,1827,0.0
종로3가,4198116864,9,42.7,1363,1363,0.0
종로3가,4197560774,9,42.7,1595,1595,0.0
정릉,3828480980,9,42.7,700,700,0.0
솔샘,3841342870,9,42.7,826,826,0.0
삼양사거리,3841342963,9,42.7,1425,1425,0.0
삼양,3840741768,9,42.7,1428,1428,0.0
화계,436865378,9,42.7,1464,1464,0.0
가오리,3840936112,9,42.7,1346,1346,0.0
4.19민주묘지,3841077641,9,42.7,939,939,0.0
솔밭공원,3626451463,9,42.7,493,493,0.0
북한산우이,11824482197,9,42.7,274,274,0.0
시청,7677568503,9,42.7,1206,1206,0.0
노량진,4627778176,9,42.7,411,411,0.0
김포공항,7981330101,9,42.7,553,553,0.0
김포공항,4874729815,9,42.7,614,614,0.0
옥수,8222891384,9,42.7,318,318,0.0
신도림,5119449050,9,42.7,331,331,0.0
수서,11563289590,9,42.7,234,234,0.0
연신내,10678122489,9,42.7,1643,1643,0.0
뚝섬,8498978693,9,42.7,756,756,0.0
동대문역사문화공원,414685825,9,42.7,1759,1759,0.0
동대문역사문화공원,1945254583,9,42.7,1864,1864,0.0
종합운동장,13894950326,9,42.7,402,402,0.0
홍대입구,13227913200,9,42.7,2129,2129,0.0
942정거장,436815896,9,42.7,625,625,0.0
한성대입구,5973684086,10,38.0,1088,1,99.91
제기동,9655918649,10,38.0,1288,1,99.92
신이문,3831106833,10,38.0,1042,1,99.9
회기,9776882774,10,38.0,1756,1,99.94
월계,3834716670,10,38.0,300,1,99.67
녹천,3834717475,10,38.0,227,1,99.56
광운대,436854528,10,38.0,396,1,99.75
창동,3834608837,10,38.0,424,1,99.76
방학,3846919916,10,38.0,688,1,99.85
오류동,8508812072,10,38.0,98,1,98.98
개봉,5442986444,10,38.0,390,1,99.74
구일,3210749463,10,38.0,272,1,99.63
일원,9454279402,10,38.0,208,1,99.52
양원,9534964626,10,38.0,911,1,99.89
한남,3852156874,10,38.0,249,1,99.6
수색,11944713936,10,38.0,364,1,99.73
940정거장,3011994542,10,38.0,315,1,99.68
중랑,10138603166,10,38.0,1617,1,99.94
망우,9760894592,10,38.0,1800,1,99.94
국회의사당,2932339394,10,38.0,587,1,99.83
노들,4627760504,10,38.0,448,1,99.78
신설동,13227969660,10,38.0,1231,1,99.92
용답,2460188229,10,38.0,807,1,99.88
신촌,13683819523,10,38.0,2215,1,99.95
수서,6299196105,10,38.0,236,5,97.88
충정로,3893042379,10,38.0,1387,1,99.93
서강대,5221755996,10,38.0,2111,1,99.95
종로5가,436883169,10,38.0,1678,1,99.94
고속터미널,9798531671,10,38.0,689,1,99.85
청량리,10121691848,10,38.0,1413,1,99.93
봉은사,595750357,10,38.0,602,1,99.83
언주,414684639,10,38.0,1033,1,99.9
삼성중앙,595750358,10,38.0,682,1,99.85
사평,13512489422,10,38.0,789,1,99.87
선정릉,2110338712,10,38.0,804,1,99.88
신논현,8376423650,10,38.0,1082,1,99.91
외대앞,3831105923,10,38.0,1212,1,99.92
구반포,11641428792,10,38.0,381,1,99.74
흑석,436881334,10,38.0,262,1,99.62
신반포,10918075302,10,38.0,556,7,98.74
온수,4987997944,10,38.0,269,1,99.63
왕십리,9083521281,10,38.0,1411,1,99.93
응봉,13780851569,10,38.0,76,1,98.68
도봉,7006105399,10,38.0,659,1,99.85
서빙고,12874837067,10,38.0,295,1,99.66
양재,11431861586,10,38.0,940,1,99.89
이촌,4172393733,10,38.0,454,1,99.78
복정,11330600853,10,38.0,392,1,99.74
독산,4095041979,10,38.0,268,1,99.63
신내,9810803930,10,38.0,662,1,99.85
금천구청,5308009219,10,38.0,605,1,99.83
암사역사공원,436817489,10,38.0,476,1,99.79
보문,436873184,10,38.0,1115,1,99.91
동작,7660036116,10,38.0,204,1,99.51
서울,10013086401,10,38.0,830,1,99.88
도곡,5403582157,10,38.0,462,1,99.78
김포공항,2353543144,10,38.0,522,1,99.81
동대문역사문화공원,8496801700,10,38.0,1850,1,99.95
구로,8918160546,10,38.0,533,3,99.44
북한산보국문,3841557294,10,38.0,582,1,99.83
안국,436867523,10,38.0,1297,1,99.92
강일,13093833784,10,38.0,347,1,99.71
천호,999136673,10,38.0,1051,1,99.9
서원,1835221331,10,38.0,1227,1,99.92
동대문,3830591792,10,38.0,1671,1,99.94
삼각지,5589627062,10,38.0,902,1,99.89
도봉산,5246596481,10,38.0,477,1,99.79
도봉산,5246596482,10,38.0,488,1,99.8
영등포,11459128410,10,38.0,783,1,99.87
노량진,3785111388,10,38.0,417,1,99.76
용산,10816124190,10,38.0,415,1,99.76
종각,11198015018,10,38.0,1508,1,99.93
건대입구,2613069963,10,38.0,1123,5,99.55
가좌,5756085341,10,38.0,950,1,99.89
남영,7836289839,10,38.0,867,1,99.88
대방,4617447369,10,38.0,306,1,99.67
응암,8735757178,10,38.0,2062,1,99.95
합정,5215341441,10,38.0,1477,1,99.93
동묘앞,4170064719,10,38.0,1658,1,99.94
고려대,5404768239,10,38.0,1585,1,99.94
홍대입구,11841458495,10,38.0,2240,1,99.96
디지털미디어시티,9891051186,10,38.0,182,1,99.45
선릉,2280678836,10,38.0,766,20,97.39
강남구청,2282830004,10,38.0,911,1,99.89
강남,7168335697,10,38.0,1287,24,98.14
가락시장,10939998666,10,38.0,266,1,99.62
을지로3가,7694743853,10,38.0,1932,1,99.95
불광,11228575654,10,38.0,1358,1,99.93
구의,3958847218,10,38.0,330,1,99.7
강변,1850655113,10,38.0,359,21,94.15
잠실나루,5159105401,10,38.0,251,1,99.6
옥수,3851466435,10,38.0,215,1,99.53
충무로,3846576172,10,38.0,1502,1,99.93
약수,3846603560,10,38.0,839,1,99.88
교대,3355067052,10,38.0,895,1,99.89
오금,3278844051,10,38.0,992,1,99.9
한양대,8992783196,10,38.0,906,1,99.89
성수,2551966241,10,38.0,805,1,99.88
시청,3404904658,10,38.0,1074,1,99.91
을지로입구,436830313,10,38.0,1494,1,99.93
을지로4가,10296582868,10,38.0,1599,1,99.94
신당,414685846,10,38.0,1733,1,99.94
상왕십리,11127349744,10,38.0,1796,1,99.94
신촌,5937884691,10,38.0,2707,1,99.96
이대,9283138042,10,38.0,1934,1,99.95
아현,1936511359,10,38.0,1758,1,99.94
마곡나루,4019735070,10,38.0,568,1,99.82
당산,3216944261,10,38.0,692,1,99.86
문래,11455185928,10,38.0,1223,1,99.92
신도림,5344219251,10,38.0,229,1,99.56
구로디지털단지,4624772818,10,38.0,665,2,99.7
신대방,4624808762,10,38.0,578,1,99.83
신림,5404739367,10,38.0,1212,1,99.92
봉천,5404739628,10,38.0,1274,1,99.92
서울대입구,5406451695,10,38.0,959,1,99.9
낙성대,5406462591,10,38.0,618,1,99.84
방배,8471989456,10,38.0,421,1,99.76
서초,3221788784,10,38.0,652,1,99.85
역삼,2280678732,10,38.0,948,1,99.89
삼성,733859380,10,38.0,606,1,99.83
종합운동장,1430639131,10,38.0,362,1,99.72
잠실새내,2957013438,10,38.0,642,1,99.84
잠실,7877518993,10,38.0,415,1,99.76
양천구청,3380999909,10,38.0,471,1,99.79
신정네거리,9572122970,10,38.0,759,1,99.87
도림천,4630961655,10,38.0,567,1,99.82
경찰병원,1812000920,10,38.0,649,1,99.85
대청,2927282422,10,38.0,495,1,99.8
학여울,4643770712,10,38.0,520,1,99.81
대치,2281644495,10,38.0,618,1,99.84
매봉,5406359683,10,38.0,583,1,99.83
남부터미널,436864976,10,38.0,743,5,99.33
잠원,4634374794,10,38.0,513,1,99.81
신사,8489501829,10,38.0,1026,1,99.9
압구정,9891581229,10,38.0,1171,3,99.74
금호,4201516987,10,38.0,552,1,99.82
동대입구,436870722,10,38.0,1131,1,99.91
경복궁,6033544429,10,38.0,1196,1,99.92
독립문,13460710395,10,38.0,816,1,99.88
무악재,11296428367,10,38.0,455,1,99.78
홍제,436868050,10,38.0,855,1,99.88
녹번,436867704,10,38.0,786,1,99.87
구파발,8515726110,10,38.0,786,1,99.87
불암산,3841778897,10,38.0,478,1,99.79
쌍문,436836179,10,38.0,1106,1,99.91
수유,9813541694,10,38.0,1433,1,99.93
미아,9819314920,10,38.0,1362,1,99.93
미아사거리,5198597933,10,38.0,1334,1,99.93
길음,5210130825,10,38.0,921,1,99.89
혜화,2409390726,10,38.0,915,1,99.89
명동,7495868732,10,38.0,1420,1,99.93
회현,12920546288,10,38.0,1025,1,99.9
서울역,5348913449,10,38.0,990,1,99.9
숙대입구,2533148374,10,38.0,1017,1,99.9
신용산,10816047755,10,38.0,445,1,99.78
사당,11521991148,10,38.0,772,1,99.87
남태령,7621561344,10,38.0,140,1,99.29
마천,10277058704,10,38.0,1004,2,99.8
거여,4489986954,10,38.0,1107,1,99.91
개롱,12142687377,10,38.0,1146,1,99.91
방이,2310500979,10,38.0,840,1,99.88
올림픽공원,8493888383,10,38.0,637,1,99.84
둔촌동,4680325914,10,38.0,548,1,99.82
상일동,7106623354,10,38.0,484,1,99.79
고덕,5915757376,10,38.0,713,1,99.86
명일,10009228390,10,38.0,570,1,99.82
굽은다리,3851742835,10,38.0,725,1,99.86
길동,3856135009,10,38.0,792,1,99.87
강동,3856513978,10,38.0,814,1,99.88
광나루,11182352080,10,38.0,452,1,99.78
아차산,2123390941,10,38.0,612,1,99.84
장한평,10708070992,10,38.0,481,1,99.79
답십리,10708182321,10,38.0,295,1,99.66
마장,3832676328,10,38.0,1208,1,99.92
행당,3833113882,10,38.0,1241,1,99.92
신금호,3848968727,10,38.0,743,1,99.87
광화문,13971398420,10,38.0,1418,1,99.93
서대문,445343537,10,38.0,1362,1,99.93
애오개,13142535285,10,38.0,1849,1,99.95
공덕,9941864292,10,38.0,1998,1,99.95
마포,13227969612,10,38.0,1192,1,99.92
여의나루,355173356,10,38.0,598,1,99.83
여의도,4744225606,10,38.0,421,1,99.76
신길,4529530743,10,38.0,518,1,99.81
영등포시장,355173354,10,38.0,1102,1,99.91
영등포구청,5215341470,10,38.0,1148,1,99.91
양평,436860925,10,38.0,708,1,99.86
오목교,2808319707,10,38.0,1088,1,99.91
목동,13895049012,10,38.0,1061,1,99.91
신정,2848435510,10,38.0,787,1,99.87
까치산,1906282324,10,38.0,941,1,99.89
화곡,2289350750,10,38.0,1376,1,99.93
우장산,4706229292,10,38.0,1447,1,99.93
발산,1791473931,10,38.0,929,1,99.89
마곡,13800646917,10,38.0,593,1,99.83
송정,4602991606,10,38.0,677,1,99.85
개화산,9228947724,10,38.0,593,1,99.83
방화,2702609963,10,38.0,435,1,99.77
봉화산,436834232,10,38.0,477,1,99.79
화랑대,3842209686,10,38.0,904,1,99.89
석계,1795189949,10,38.0,982,1,99.9
돌곶이,3830773366,10,38.0,1397,4,99.71
상월곡,5219803722,10,38.0,1040,1,99.9
월곡,5406198806,10,38.0,1159,1,99.91
안암,7625622864,10,38.0,1804,1,99.94
창신,1943131791,10,38.0,758,1,99.87
청구,1936511423,10,38.0,1242,1,99.92
버티고개,3847632030,10,38.0,334,1,99.7
한강진,436868241,10,38.0,569,1,99.82
이태원,2470887090,10,38.0,754,1,99.87
녹사평,2384953064,10,38.0,1040,1,99.9
효창공원앞,4426288471,10,38.0,1133,1,99.91
대흥,9987526934,10,38.0,1983,1,99.95
광흥창,4101356295,10,38.0,1853,1,99.95
상수,414685238,10,38.0,1337,1,99.93
망원,445327391,10,38.0,1724,1,99.94
마포구청,5905951490,10,38.0,1038,1,99.9
월드컵경기장,798569457,10,38.0,500,1,99.8
증산,3823125035,10,38.0,1303,1,99.92
새절,3822999355,10,38.0,1828,1,99.95
구산,2292697262,10,38.0,1767,1,99.94
연신내,13357342120,10,38.0,1578,1,99.94
독바위,3824954278,10,38.0,914,1,99.89
역촌,10789220053,10,38.0,1917,1,99.95
어린이대공원,7939459503,10,38.0,860,1,99.88
군자,8743773046,10,38.0,1103,1,99.91
중곡,3840461137,10,38.0,932,1,99.89
용마산,10141309870,10,38.0,1285,1,99.92
사가정,436849774,10,38.0,1805,1,99.94
면목,436816024,10,38.0,1746,1,99.94
상봉,436718863,10,38.0,2078,1,99.95
중화,3819991417,10,38.0,1857,1,99.95
먹골,436538654,10,38.0,1117,1,99.91
태릉입구,13821634895,10,38.0,1354,1,99.93
공릉,13566284590,10,38.0,1151,1,99.91
하계,13566334119,10,38.0,554,1,99.82
중계,3835756882,10,38.0,440,1,99.77
노원,10598556476,10,38.0,697,1,99.86
마들,9410070134,10,38.0,1010,1,99.9
수락산,13566334197,10,38.0,619,1,99.84
가산디지털단지,436846908,10,38.0,460,1,99.78
남구로,2590252230,10,38.0,768,1,99.87
대림,2589375675,10,38.0,858,1,99.88
신풍,2108483850,10,38.0,848,1,99.88
보라매,2108483937,10,38.0,721,1,99.86
신대방삼거리,2108483943,10,38.0,901,1,99.89
장승배기,1830596637,10,38.0,854,1,99.88
상도,436821675,10,38.0,771,1,99.87
숭실대입구,11413637825,10,38.0,585,1,99.83
남성,4195693782,10,38.0,686,1,99.85
이수,13434371130,10,38.0,970,1,99.9
내방,2110270505,10,38.0,487,1,99.79
반포,9914441894,10,38.0,746,1,99.87
논현,2280678861,10,38.0,955,1,99.9
학동,2279487893,10,38.0,1030,1,99.9
청담,2279487921,10,38.0,785,1,99.87
자양,9040152140,10,38.0,636,1,99.84
용두,1939143883,10,38.0,1269,1,99.92
신답,2460188205,10,38.0,45,1,97.78
천왕,1784377384,10,38.0,338,1,99.7
장지,11202554992,10,38.0,983,1,99.9
문정,6832910091,10,38.0,581,1,99.83
송파,2280491847,10,38.0,553,1,99.82
석촌,2280491863,10,38.0,301,1,99.67
몽촌토성,2346858828,10,38.0,451,1,99.78
강동구청,436855505,10,38.0,904,1,99.89
암사,999136556,10,38.0,828,1,99.88
중앙보훈병원,4197252516,10,38.0,357,6,98.32
둔촌오륜,11229084218,10,38.0,377,1,99.73
한성백제,10009448574,10,38.0,394,1,99.75
송파나루,1809560163,10,38.0,485,1,99.79
석촌고분,10855673146,10,38.0,780,1,99.87
삼전,4186302819,10,38.0,613,1,99.84
대모산입구,4643770733,10,38.0,495,1,99.8
개포동,2032418657,10,38.0,428,1,99.77
구룡,436814317,10,38.0,225,1,99.56
한티,4784810914,10,38.0,616,1,99.84
압구정로데오,596509934,10,38.0,705,1,99.86
서울숲,9081846792,10,38.0,723,1,99.86
양재시민의숲,12872531616,10,38.0,667,1,99.85
청계산입구,11744211938,10,38.0,177,1,99.44
성신여대입구,5226829495,10,38.0,886,7,99.21
청량리,7749822746,10,38.0,1451,1,99.93
신내,9534964676,10,38.0,661,1,99.85
종로3가,7068953101,10,38.0,1739,1,99.94
신설동,13345643243,10,38.0,1380,1,99.93
성신여대입구,9816197077,10,38.0,862,1,99.88
이촌,13472471079,10,38.0,485,1,99.79
서울역,10216518963,10,38.0,550,1,99.82
수서,6004121530,10,38.0,224,1,99.55
건대입구,11303511536,10,38.0,1018,1,99.9
선정릉,596482732,10,38.0,765,1,99.87
선릉,860338496,10,38.0,762,34,95.54
도곡,3418782698,10,38.0,447,1,99.78
수서,12364278188,10,38.0,233,1,99.57
복정,11330600836,10,38.0,445,1,99.78
왕십리,9369050246,10,38.0,1530,1,99.93
왕십리,11127349780,10,38.0,1663,1,99.94
신설동,4173042514,10,38.0,1293,1,99.92
939정거장,8436624771,10,38.0,364,1,99.73
창동,4659124351,10,38.0,526,2,99.62
동작,3401123578,10,38.0,13,1,92.31
개화,9701881739,10,38.0,242,1,99.59
상봉,2470981971,10,38.0,1849,1,99.95
관악산,4373612914,10,38.0,549,1,99.82
서울대벤처타운,1835221096,10,38.0,879,1,99.89
신림,1844912791,10,38.0,1197,1,99.92
당곡,436858756,10,38.0,1055,1,99.91
보라매병원,436847189,10,38.0,817,1,99.88
보라매공원,7916896848,10,38.0,516,1,99.81
보라매,2819460436,10,38.0,703,1,99.86
서울지방병무청,11178013529,10,38.0,675,1,99.85
대방,11553007316,10,38.0,534,1,99.81
샛강,13506574406,10,38.0,361,1,99.72
샛강,13670786965,10,38.0,348,1,99.71
서울역,3390941198,10,38.0,980,1,99.9
디지털미디어시티,2605603657,10,38.0,383,1,99.74
디지털미디어시티,4652833827,10,38.0,469,1,99.79
노원,5706189891,10,38.0,776,1,99.87
양재,4865811281,10,38.0,893,1,99.89
강남,3087683154,10,38.0,1222,1,99.92
당산,10814323607,10,38.0,737,1,99.86
서울역,3391063393,10,38.0,1011,1,99.9
신길,4636791670,10,38.0,720,1,99.86
가산디지털단지,2108483903,10,38.0,492,3,99.39
상계,3401474874,10,38.0,689,1,99.85
선유도,2726710465,10,38.0,537,1,99.81
신목동,2812530406,10,38.0,405,1,99.75
염창,2289016390,10,38.0,683,1,99.85
등촌,2290015312,10,38.0,810,1,99.88
증미,3042643876,10,38.0,673,1,99.85
가양,2142681442,10,38.0,885,1,99.89
양천향교,414683333,10,38.0,635,1,99.84
신방화,10814323761,10,38.0,827,1,99.88
공항시장,4604019398,10,38.0,777,1,99.87
총신대입구(이수),4984575377,10,38.0,877,1,99.89
동묘앞,3830591800,10,38.0,1683,1,99.94
동대문,7195666618,10,38.0,1827,1,99.95
종로3가,4198116864,10,38.0,1363,1,99.93
종로3가,4197560774,10,38.0,1595,1,99.94
정릉,3828480980,10,38.0,700,1,99.86
솔샘,3841342870,10,38.0,826,1,99.88
삼양사거리,3841342963,10,38.0,1425,1,99.93
삼양,3840741768,10,38.0,1428,1,99.93
화계,436865378,10,38.0,1464,1,99.93
가오리,3840936112,10,38.0,1346,1,99.93
4.19민주묘지,3841077641,10,38.0,939,1,99.89
솔밭공원,3626451463,10,38.0,493,1,99.8
북한산우이,11824482197,10,38.0,274,1,99.64
시청,7677568503,10,38.0,1206,1,99.92
노량진,4627778176,10,38.0,411,1,99.76
김포공항,7981330101,10,38.0,553,1,99.82
김포공항,4874729815,10,38.0,614,1,99.84
옥수,8222891384,10,38.0,318,1,99.69
신도림,5119449050,10,38.0,331,1,99.7
수서,11563289590,10,38.0,234,21,91.03
연신내,10678122489,10,38.0,1643,1,99.94
뚝섬,8498978693,10,38.0,756,1,99.87
동대문역사문화공원,414685825,10,38.0,1759,1,99.94
동대문역사문화공원,1945254583,10,38.0,1864,1,99.95
종합운동장,13894950326,10,38.0,402,1,99.75
홍대입구,13227913200,10,38.0,2129,12,99.44
942정거장,436815896,10,38.0,625,1,99.84
한성대입구,5973684086,10,42.7,1088,1088,0.0
제기동,9655918649,10,42.7,1288,1288,0.0
신이문,3831106833,10,42.7,1042,1042,0.0
회기,9776882774,10,42.7,1756,1756,0.0
월계,3834716670,10,42.7,300,300,0.0
녹천,3834717475,10,42.7,227,227,0.0
광운대,436854528,10,42.7,396,396,0.0
창동,3834608837,10,42.7,424,424,0.0
방학,3846919916,10,42.7,688,688,0.0
오류동,8508812072,10,42.7,98,98,0.0
개봉,5442986444,10,42.7,390,390,0.0
구일,3210749463,10,42.7,272,272,0.0
일원,9454279402,10,42.7,208,208,0.0
양원,9534964626,10,42.7,911,911,0.0
한남,3852156874,10,42.7,249,249,0.0
수색,11944713936,10,42.7,364,364,0.0
940정거장,3011994542,10,42.7,315,315,0.0
중랑,10138603166,10,42.7,1617,1617,0.0
망우,9760894592,10,42.7,1800,1800,0.0
국회의사당,2932339394,10,42.7,587,587,0.0
노들,4627760504,10,42.7,448,448,0.0
신설동,13227969660,10,42.7,1231,1231,0.0
용답,2460188229,10,42.7,807,807,0.0
신촌,13683819523,10,42.7,2215,2215,0.0
수서,6299196105,10,42.7,236,236,0.0
충정로,3893042379,10,42.7,1387,1387,0.0
서강대,5221755996,10,42.7,2111,2111,0.0
종로5가,436883169,10,42.7,1678,1678,0.0
고속터미널,9798531671,10,42.7,689,689,0.0
청량리,10121691848,10,42.7,1413,1413,0.0
봉은사,595750357,10,42.7,602,602,0.0
언주,414684639,10,42.7,1033,1033,0.0
삼성중앙,595750358,10,42.7,682,682,0.0
사평,13512489422,10,42.7,789,789,0.0
선정릉,2110338712,10,42.7,804,804,0.0
신논현,8376423650,10,42.7,1082,1082,0.0
외대앞,3831105923,10,42.7,1212,1212,0.0
구반포,11641428792,10,42.7,381,381,0.0
흑석,436881334,10,42.7,262,262,0.0
신반포,10918075302,10,42.7,556,556,0.0
온수,4987997944,10,42.7,269,269,0.0
왕십리,9083521281,10,42.7,1411,1411,0.0
응봉,13780851569,10,42.7,76,76,0.0
도봉,7006105399,10,42.7,659,659,0.0
서빙고,12874837067,10,42.7,295,295,0.0
양재,11431861586,10,42.7,940,940,0.0
이촌,4172393733,10,42.7,454,454,0.0
복정,11330600853,10,42.7,392,392,0.0
독산,4095041979,10,42.7,268,268,0.0
신내,9810803930,10,42.7,662,662,0.0
금천구청,5308009219,10,42.7,605,605,0.0
암사역사공원,436817489,10,42.7,476,476,0.0
보문,436873184,10,42.7,1115,1115,0.0
동작,7660036116,10,42.7,204,204,0.0
서울,10013086401,10,42.7,830,830,0.0
도곡,5403582157,10,42.7,462,462,0.0
김포공항,2353543144,10,42.7,522,522,0.0
동대문역사문화공원,8496801700,10,42.7,1850,1850,0.0
구로,8918160546,10,42.7,533,533,0.0
북한산보국문,3841557294,10,42.7,582,582,0.0
안국,436867523,10,42.7,1297,1297,0.0
강일,13093833784,10,42.7,347,347,0.0
천호,999136673,10,42.7,1051,1051,0.0
서원,1835221331,10,42.7,1227,1227,0.0
동대문,3830591792,10,42.7,1671,1671,0.0
삼각지,5589627062,10,42.7,902,902,0.0
도봉산,5246596481,10,42.7,477,477,0.0
도봉산,5246596482,10,42.7,488,488,0.0
영등포,11459128410,10,42.7,783,783,0.0
노량진,3785111388,10,42.7,417,417,0.0
용산,10816124190,10,42.7,415,415,0.0
종각,11198015018,10,42.7,1508,1508,0.0
건대입구,2613069963,10,42.7,1123,1123,0.0
가좌,5756085341,10,42.7,950,950,0.0
남영,7836289839,10,42.7,867,867,0.0
대방,4617447369,10,42.7,306,306,0.0
응암,8735757178,10,42.7,2062,2062,0.0
합정,5215341441,10,42.7,1477,1477,0.0
동묘앞,4170064719,10,42.7,1658,1658,0.0
고려대,5404768239,10,42.7,1585,1585,0.0
홍대입구,11841458495,10,42.7,2240,2240,0.0
디지털미디어시티,9891051186,10,42.7,182,182,0.0
선릉,2280678836,10,42.7,766,766,0.0
강남구청,2282830004,10,42.7,911,911,0.0
강남,7168335697,10,42.7,1287,1287,0.0
가락시장,10939998666,10,42.7,266,266,0.0
을지로3가,7694743853,10,42.7,1932,1932,0.0
불광,11228575654,10,42.7,1358,1358,0.0
구의,3958847218,10,42.7,330,330,0.0
강변,1850655113,10,42.7,359,359,0.0
잠실나루,5159105401,10,42.7,251,251,0.0
옥수,3851466435,10,42.7,215,215,0.0
충무로,3846576172,10,42.7,1502,1502,0.0
약수,3846603560,10,42.7,839,839,0.0
교대,3355067052,10,42.7,895,895,0.0
오금,3278844051,10,42.7,992,992,0.0
한양대,8992783196,10,42.7,906,906,0.0
성수,2551966241,10,42.7,805,805,0.0
시청,3404904658,10,42.7,1074,1074,0.0
을지로입구,436830313,10,42.7,1494,1494,0.0
을지로4가,10296582868,10,42.7,1599,1599,0.0
신당,414685846,10,42.7,1733,1733,0.0
상왕십리,11127349744,10,42.7,1796,1796,0.0
신촌,5937884691,10,42.7,2707,2707,0.0
이대,9283138042,10,42.7,1934,1934,0.0
아현,1936511359,10,42.7,1758,1758,0.0
마곡나루,4019735070,10,42.7,568,568,0.0
당산,3216944261,10,42.7,692,692,0.0
문래,11455185928,10,42.7,1223,1223,0.0
신도림,5344219251,10,42.7,229,229,0.0
구로디지털단지,4624772818,10,42.7,665,665,0.0
신대방,4624808762,10,42.7,578,578,0.0
신림,5404739367,10,42.7,1212,1212,0.0
봉천,5404739628,10,42.7,1274,1274,0.0
서울대입구,5406451695,10,42.7,959,959,0.0
낙성대,5406462591,10,42.7,618,618,0.0
방배,8471989456,10,42.7,421,421,0.0
서초,3221788784,10,42.7,652,652,0.0
역삼,2280678732,10,42.7,948,948,0.0
삼성,733859380,10,42.7,606,606,0.0
종합운동장,1430639131,10,42.7,362,362,0.0
잠실새내,2957013438,10,42.7,642,642,0.0
잠실,7877518993,10,42.7,415,415,0.0
양천구청,3380999909,10,42.7,471,471,0.0
신정네거리,9572122970,10,42.7,759,759,0.0
도림천,4630961655,10,42.7,567,567,0.0
경찰병원,1812000920,10,42.7,649,649,0.0
대청,2927282422,10,42.7,495,495,0.0
학여울,4643770712,10,42.7,520,520,0.0
대치,2281644495,10,42.7,618,618,0.0
매봉,5406359683,10,42.7,583,583,0.0
남부터미널,436864976,10,42.7,743,743,0.0
잠원,4634374794,10,42.7,513,513,0.0
신사,8489501829,10,42.7,1026,1026,0.0
압구정,9891581229,10,42.7,1171,1171,0.0
금호,4201516987,10,42.7,552,552,0.0
동대입구,436870722,10,42.7,1131,1131,0.0
경복궁,6033544429,10,42.7,1196,1196,0.0
독립문,13460710395,10,42.7,816,816,0.0
무악재,11296428367,10,42.7,455,455,0.0
홍제,436868050,10,42.7,855,855,0.0
녹번,436867704,10,42.7,786,786,0.0
구파발,8515726110,10,42.7,786,786,0.0
불암산,3841778897,10,42.7,478,478,0.0
쌍문,436836179,10,42.7,1106,1106,0.0
수유,9813541694,10,42.7,1433,1433,0.0
미아,9819314920,10,42.7,1362,1362,0.0
미아사거리,5198597933,10,42.7,1334,1334,0.0
길음,5210130825,10,42.7,921,921,0.0
혜화,2409390726,10,42.7,915,915,0.0
명동,7495868732,10,42.7,1420,1420,0.0
회현,12920546288,10,42.7,1025,1025,0.0
서울역,5348913449,10,42.7,990,990,0.0
숙대입구,2533148374,10,42.7,1017,1017,0.0
신용산,10816047755,10,42.7,445,445,0.0
사당,11521991148,10,42.7,772,772,0.0
남태령,7621561344,10,42.7,140,140,0.0
마천,10277058704,10,42.7,1004,1004,0.0
거여,4489986954,10,42.7,1107,1107,0.0
개롱,12142687377,10,42.7,1146,1146,0.0
방이,2310500979,10,42.7,840,840,0.0
올림픽공원,8493888383,10,42.7,637,637,0.0
둔촌동,4680325914,10,42.7,548,548,0.0
상일동,7106623354,10,42.7,484,484,0.0
고덕,5915757376,10,42.7,713,713,0.0
명일,10009228390,10,42.7,570,570,0.0
굽은다리,3851742835,10,42.7,725,725,0.0
길동,3856135009,10,42.7,792,792,0.0
강동,3856513978,10,42.7,814,814,0.0
광나루,11182352080,10,42.7,452,452,0.0
아차산,2123390941,10,42.7,612,612,0.0
장한평,10708070992,10,42.7,481,481,0.0
답십리,10708182321,10,42.7,295,295,0.0
마장,3832676328,10,42.7,1208,1208,0.0
행당,3833113882,10,42.7,1241,1241,0.0
신금호,3848968727,10,42.7,743,743,0.0
광화문,13971398420,10,42.7,1418,1418,0.0
서대문,445343537,10,42.7,1362,1362,0.0
애오개,13142535285,10,42.7,1849,1849,0.0
공덕,9941864292,10,42.7,1998,1998,0.0
마포,13227969612,10,42.7,1192,1192,0.0
여의나루,355173356,10,42.7,598,598,0.0
여의도,4744225606,10,42.7,421,421,0.0
신길,4529530743,10,42.7,518,518,0.0
영등포시장,355173354,10,42.7,1102,1102,0.0
영등포구청,5215341470,10,42.7,1148,1148,0.0
양평,436860925,10,42.7,708,708,0.0
오목교,2808319707,10,42.7,1088,1088,0.0
목동,13895049012,10,42.7,1061,1061,0.0
신정,2848435510,10,42.7,787,787,0.0
까치산,1906282324,10,42.7,941,941,0.0
화곡,2289350750,10,42.7,1376,1376,0.0
우장산,4706229292,10,42.7,1447,1447,0.0
발산,1791473931,10,42.7,929,929,0.0
마곡,13800646917,10,42.7,593,593,0.0
송정,4602991606,10,42.7,677,677,0.0
개화산,9228947724,10,42.7,593,593,0.0
방화,2702609963,10,42.7,435,435,0.0
봉화산,436834232,10,42.7,477,477,0.0
화랑대,3842209686,10,42.7,904,904,0.0
석계,1795189949,10,42.7,982,982,0.0
돌곶이,3830773366,10,42.7,1397,1397,0.0
상월곡,5219803722,10,42.7,1040,1040,0.0
월곡,5406198806,10,42.7,1159,1159,0.0
안암,7625622864,10,42.7,1804,1804,0.0
창신,1943131791,10,42.7,758,758,0.0
청구,1936511423,10,42.7,1242,1242,0.0
버티고개,3847632030,10,42.7,334,334,0.0
한강진,436868241,10,42.7,569,569,0.0
이태원,2470887090,10,42.7,754,754,0.0
녹사평,2384953064,10,42.7,1040,1040,0.0
효창공원앞,4426288471,10,42.7,1133,1133,0.0
대흥,9987526934,10,42.7,1983,1983,0.0
광흥창,4101356295,10,42.7,1853,1853,0.0
상수,414685238,10,42.7,1337,1337,0.0
망원,445327391,10,42.7,1724,1724,0.0
마포구청,5905951490,10,42.7,1038,1038,0.0
월드컵경기장,798569457,10,42.7,500,500,0.0
증산,3823125035,10,42.7,1303,1303,0.0
새절,3822999355,10,42.7,1828,1828,0.0
구산,2292697262,10,42.7,1767,1767,0.0
연신내,13357342120,10,42.7,1578,1578,0.0
독바위,3824954278,10,42.7,914,914,0.0
역촌,10789220053,10,42.7,1917,1917,0.0
어린이대공원,7939459503,10,42.7,860,860,0.0
군자,8743773046,10,42.7,1103,1103,0.0
중곡,3840461137,10,42.7,932,932,0.0
용마산,10141309870,10,42.7,1285,1285,0.0
사가정,436849774,10,42.7,1805,1805,0.0
면목,436816024,10,42.7,1746,1746,0.0
상봉,436718863,10,42.7,2078,2078,0.0
중화,3819991417,10,42.7,1857,1857,0.0
먹골,436538654,10,42.7,1117,1117,0.0
태릉입구,13821634895,10,42.7,1354,1354,0.0
공릉,13566284590,10,42.7,1151,1151,0.0
하계,13566334119,10,42.7,554,554,0.0
중계,3835756882,10,42.7,440,440,0.0
노원,10598556476,10,42.7,697,697,0.0
마들,9410070134,10,42.7,1010,1010,0.0
수락산,13566334197,10,42.7,619,619,0.0
가산디지털단지,436846908,10,42.7,460,460,0.0
남구로,2590252230,10,42.7,768,768,0.0
대림,2589375675,10,42.7,858,858,0.0
신풍,2108483850,10,42.7,848,848,0.0
보라매,2108483937,10,42.7,721,721,0.0
신대방삼거리,2108483943,10,42.7,901,901,0.0
장승배기,1830596637,10,42.7,854,854,0.0
상도,436821675,10,42.7,771,771,0.0
숭실대입구,11413637825,10,42.7,585,585,0.0
남성,4195693782,10,42.7,686,686,0.0
이수,13434371130,10,42.7,970,970,0.0
내방,2110270505,10,42.7,487,487,0.0
반포,9914441894,10,42.7,746,746,0.0
논현,2280678861,10,42.7,955,955,0.0
학동,2279487893,10,42.7,1030,1030,0.0
청담,2279487921,10,42.7,785,785,0.0
자양,9040152140,10,42.7,636,636,0.0
용두,1939143883,10,42.7,1269,1269,0.0
신답,2460188205,10,42.7,45,45,0.0
천왕,1784377384,10,42.7,338,338,0.0
장지,11202554992,10,42.7,983,983,0.0
문정,6832910091,10,42.7,581,581,0.0
송파,2280491847,10,42.7,553,553,0.0
석촌,2280491863,10,42.7,301,301,0.0
몽촌토성,2346858828,10,42.7,451,451,0.0
강동구청,436855505,10,42.7,904,904,0.0
암사,999136556,10,42.7,828,828,0.0
중앙보훈병원,4197252516,10,42.7,357,357,0.0
둔촌오륜,11229084218,10,42.7,377,377,0.0
한성백제,10009448574,10,42.7,394,394,0.0
송파나루,1809560163,10,42.7,485,485,0.0
석촌고분,10855673146,10,42.7,780,780,0.0
삼전,4186302819,10,42.7,613,613,0.0
대모산입구,4643770733,10,42.7,495,495,0.0
개포동,2032418657,10,42.7,428,428,0.0
구룡,436814317,10,42.7,225,225,0.0
한티,4784810914,10,42.7,616,616,0.0
압구정로데오,596509934,10,42.7,705,705,0.0
서울숲,9081846792,10,42.7,723,723,0.0
양재시민의숲,12872531616,10,42.7,667,667,0.0
청계산입구,11744211938,10,42.7,177,177,0.0
성신여대입구,5226829495,10,42.7,886,886,0.0
청량리,7749822746,10,42.7,1451,1451,0.0
신내,9534964676,10,42.7,661,661,0.0
종로3가,7068953101,10,42.7,1739,1739,0.0
신설동,13345643243,10,42.7,1380,1380,0.0
성신여대입구,9816197077,10,42.7,862,862,0.0
이촌,13472471079,10,42.7,485,485,0.0
서울역,10216518963,10,42.7,550,550,0.0
수서,6004121530,10,42.7,224,224,0.0
건대입구,11303511536,10,42.7,1018,1018,0.0
선정릉,596482732,10,42.7,765,765,0.0
선릉,860338496,10,42.7,762,762,0.0
도곡,3418782698,10,42.7,447,447,0.0
수서,12364278188,10,42.7,233,233,0.0
복정,11330600836,10,42.7,445,445,0.0
왕십리,9369050246,10,42.7,1530,1530,0.0
왕십리,11127349780,10,42.7,1663,1663,0.0
신설동,4173042514,10,42.7,1293,1293,0.0
939정거장,8436624771,10,42.7,364,364,0.0
창동,4659124351,10,42.7,526,526,0.0
동작,3401123578,10,42.7,13,13,0.0
개화,9701881739,10,42.7,242,242,0.0
상봉,2470981971,10,42.7,1849,1849,0.0
관악산,4373612914,10,42.7,549,549,0.0
서울대벤처타운,1835221096,10,42.7,879,879,0.0
신림,1844912791,10,42.7,1197,1197,0.0
당곡,436858756,10,42.7,1055,1055,0.0
보라매병원,436847189,10,42.7,817,817,0.0
보라매공원,7916896848,10,42.7,516,516,0.0
보라매,2819460436,10,42.7,703,703,0.0
서울지방병무청,11178013529,10,42.7,675,675,0.0
대방,11553007316,10,42.7,534,534,0.0
샛강,13506574406,10,42.7,361,361,0.0
샛강,13670786965,10,42.7,348,348,0.0
서울역,3390941198,10,42.7,980,980,0.0
디지털미디어시티,2605603657,10,42.7,383,383,0.0
디지털미디어시티,4652833827,10,42.7,469,469,0.0
노원,5706189891,10,42.7,776,776,0.0
양재,4865811281,10,42.7,893,893,0.0
강남,3087683154,10,42.7,1222,1222,0.0
당산,10814323607,10,42.7,737,737,0.0
서울역,3391063393,10,42.7,1011,1011,0.0
신길,4636791670,10,42.7,720,720,0.0
가산디지털단지,2108483903,10,42.7,492,492,0.0
상계,3401474874,10,42.7,689,689,0.0
선유도,2726710465,10,42.7,537,537,0.0
신목동,2812530406,10,42.7,405,405,0.0
염창,2289016390,10,42.7,683,683,0.0
등촌,2290015312,10,42.7,810,810,0.0
증미,3042643876,10,42.7,673,673,0.0
가양,2142681442,10,42.7,885,885,0.0
양천향교,414683333,10,42.7,635,635,0.0
신방화,10814323761,10,42.7,827,827,0.0
공항시장,4604019398,10,42.7,777,777,0.0
총신대입구(이수),4984575377,10,42.7,877,877,0.0
동묘앞,3830591800,10,42.7,1683,1683,0.0
동대문,7195666618,10,42.7,1827,1827,0.0
종로3가,4198116864,10,42.7,1363,1363,0.0
종로3가,4197560774,10,42.7,1595,1595,0.0
정릉,3828480980,10,42.7,700,700,0.0
솔샘,3841342870,10,42.7,826,826,0.0
삼양사거리,3841342963,10,42.7,1425,1425,0.0
삼양,3840741768,10,42.7,1428,1428,0.0
화계,436865378,10,42.7,1464,1464,0.0
가오리,3840936112,10,42.7,1346,1346,0.0
4.19민주묘지,3841077641,10,42.7,939,939,0.0
솔밭공원,3626451463,10,42.7,493,493,0.0
북한산우이,11824482197,10,42.7,274,274,0.0
시청,7677568503,10,42.7,1206,1206,0.0
노량진,4627778176,10,42.7,411,411,0.0
김포공항,7981330101,10,42.7,553,553,0.0
김포공항,4874729815,10,42.7,614,614,0.0
옥수,8222891384,10,42.7,318,318,0.0
신도림,5119449050,10,42.7,331,331,0.0
수서,11563289590,10,42.7,234,234,0.0
연신내,10678122489,10,42.7,1643,1643,0.0
뚝섬,8498978693,10,42.7,756,756,0.0
동대문역사문화공원,414685825,10,42.7,1759,1759,0.0
동대문역사문화공원,1945254583,10,42.7,1864,1864,0.0
종합운동장,13894950326,10,42.7,402,402,0.0
홍대입구,13227913200,10,42.7,2129,2129,0.0
942정거장,436815896,10,42.7,625,625,0.0
한성대입구,5973684086,11,38.0,1088,1,99.91
제기동,9655918649,11,38.0,1288,1,99.92
신이문,3831106833,11,38.0,1042,1,99.9
회기,9776882774,11,38.0,1756,1,99.94
월계,3834716670,11,38.0,300,1,99.67
녹천,3834717475,11,38.0,227,1,99.56
광운대,436854528,11,38.0,396,1,99.75
창동,3834608837,11,38.0,424,1,99.76
방학,3846919916,11,38.0,688,1,99.85
오류동,8508812072,11,38.0,98,1,98.98
개봉,5442986444,11,38.0,390,1,99.74
구일,3210749463,11,38.0,272,1,99.63
일원,9454279402,11,38.0,208,1,99.52
양원,9534964626,11,38.0,911,1,99.89
한남,3852156874,11,38.0,249,1,99.6
수색,11944713936,11,38.0,364,1,99.73
940정거장,3011994542,11,38.0,315,1,99.68
중랑,10138603166,11,38.0,1617,1,99.94
망우,9760894592,11,38.0,1800,1,99.94
국회의사당,2932339394,11,38.0,587,1,99.83
노들,4627760504,11,38.0,448,1,99.78
신설동,13227969660,11,38.0,1231,1,99.92
용답,2460188229,11,38.0,807,1,99.88
신촌,13683819523,11,38.0,2215,1,99.95
수서,6299196105,11,38.0,236,1,99.58
충정로,3893042379,11,38.0,1387,1,99.93
서강대,5221755996,11,38.0,2111,1,99.95
종로5가,436883169,11,38.0,1678,1,99.94
고속터미널,9798531671,11,38.0,689,1,99.85
청량리,10121691848,11,38.0,1413,1,99.93
봉은사,595750357,11,38.0,602,1,99.83
언주,414684639,11,38.0,1033,1,99.9
삼성중앙,595750358,11,38.0,682,1,99.85
사평,13512489422,11,38.0,789,1,99.87
선정릉,2110338712,11,38.0,804,1,99.88
신논현,8376423650,11,38.0,1082,1,99.91
외대앞,3831105923,11,38.0,1212,1,99.92
구반포,11641428792,11,38.0,381,1,99.74
흑석,436881334,11,38.0,262,1,99.62
신반포,10918075302,11,38.0,556,1,99.82
온수,4987997944,11,38.0,269,1,99.63
왕십리,9083521281,11,38.0,1411,1,99.93
응봉,13780851569,11,38.0,76,1,98.68
도봉,7006105399,11,38.0,659,1,99.85
서빙고,12874837067,11,38.0,295,1,99.66
양재,11431861586,11,38.0,940,1,99.89
이촌,4172393733,11,38.0,454,1,99.78
복정,11330600853,11,38.0,392,1,99.74
독산,4095041979,11,38.0,268,1,99.63
신내,9810803930,11,38.0,662,1,99.85
금천구청,5308009219,11,38.0,605,1,99.83
암사역사공원,436817489,11,38.0,476,1,99.79
보문,436873184,11,38.0,1115,1,99.91
동작,7660036116,11,38.0,204,1,99.51
서울,10013086401,11,38.0,830,1,99.88
도곡,5403582157,11,38.0,462,1,99.78
김포공항,2353543144,11,38.0,522,1,99.81
동대문역사문화공원,8496801700,11,38.0,1850,1,99.95
구로,8918160546,11,38.0,533,1,99.81
북한산보국문,3841557294,11,38.0,582,1,99.83
안국,436867523,11,38.0,1297,1,99.92
강일,13093833784,11,38.0,347,1,99.71
천호,999136673,11,38.0,1051,1,99.9
서원,1835221331,11,38.0,1227,1,99.92
동대문,3830591792,11,38.0,1671,1,99.94
삼각지,5589627062,11,38.0,902,1,99.89
도봉산,5246596481,11,38.0,477,1,99.79
도봉산,5246596482,11,38.0,488,1,99.8
영등포,11459128410,11,38.0,783,1,99.87
노량진,3785111388,11,38.0,417,1,99.76
용산,10816124190,11,38.0,415,1,99.76
종각,11198015018,11,38.0,1508,1,99.93
건대입구,2613069963,11,38.0,1123,1,99.91
가좌,5756085341,11,38.0,950,1,99.89
남영,7836289839,11,38.0,867,1,99.88
대방,4617447369,11,38.0,306,1,99.67
응암,8735757178,11,38.0,2062,1,99.95
합정,5215341441,11,38.0,1477,1,99.93
동묘앞,4170064719,11,38.0,1658,1,99.94
고려대,5404768239,11,38.0,1585,1,99.94
홍대입구,11841458495,11,38.0,2240,1,99.96
디지털미디어시티,9891051186,11,38.0,182,1,99.45
선릉,2280678836,11,38.0,766,1,99.87
강남구청,2282830004,11,38.0,911,1,99.89
강남,7168335697,11,38.0,1287,1,99.92
가락시장,10939998666,11,38.0,266,1,99.62
을지로3가,7694743853,11,38.0,1932,1,99.95
불광,11228575654,11,38.0,1358,1,99.93
구의,3958847218,11,38.0,330,1,99.7
강변,1850655113,11,38.0,359,1,99.72
잠실나루,5159105401,11,38.0,251,1,99.6
옥수,3851466435,11,38.0,215,1,99.53
충무로,3846576172,11,38.0,1502,1,99.93
약수,3846603560,11,38.0,839,1,99.88
교대,3355067052,11,38.0,895,1,99.89
오금,3278844051,11,38.0,992,1,99.9
한양대,8992783196,11,38.0,906,1,99.89
성수,2551966241,11,38.0,805,1,99.88
시청,3404904658,11,38.0,1074,1,99.91
을지로입구,436830313,11,38.0,1494,1,99.93
을지로4가,10296582868,11,38.0,1599,1,99.94
신당,414685846,11,38.0,1733,1,99.94
상왕십리,11127349744,11,38.0,1796,1,99.94
신촌,5937884691,11,38.0,2707,1,99.96
이대,9283138042,11,38.0,1934,1,99.95
아현,1936511359,11,38.0,1758,1,99.94
마곡나루,4019735070,11,38.0,568,1,99.82
당산,3216944261,11,38.0,692,1,99.86
문래,11455185928,11,38.0,1223,1,99.92
신도림,5344219251,11,38.0,229,1,99.56
구로디지털단지,4624772818,11,38.0,665,1,99.85
신대방,4624808762,11,38.0,578,1,99.83
신림,5404739367,11,38.0,1212,1,99.92
봉천,5404739628,11,38.0,1274,1,99.92
서울대입구,5406451695,11,38.0,959,1,99.9
낙성대,5406462591,11,38.0,618,1,99.84
방배,8471989456,11,38.0,421,1,99.76
서초,3221788784,11,38.0,652,1,99.85
역삼,2280678732,11,38.0,948,1,99.89
삼성,733859380,11,38.0,606,1,99.83
종합운동장,1430639131,11,38.0,362,1,99.72
잠실새내,2957013438,11,38.0,642,1,99.84
잠실,7877518993,11,38.0,415,1,99.76
양천구청,3380999909,11,38.0,471,1,99.79
신정네거리,9572122970,11,38.0,759,1,99.87
도림천,4630961655,11,38.0,567,1,99.82
경찰병원,1812000920,11,38.0,649,1,99.85
대청,2927282422,11,38.0,495,1,99.8
학여울,4643770712,11,38.0,520,1,99.81
대치,2281644495,11,38.0,618,1,99.84
매봉,5406359683,11,38.0,583,1,99.83
남부터미널,436864976,11,38.0,743,1,99.87
잠원,4634374794,11,38.0,513,1,99.81
신사,8489501829,11,38.0,1026,1,99.9
압구정,9891581229,11,38.0,1171,1,99.91
금호,4201516987,11,38.0,552,1,99.82
동대입구,436870722,11,38.0,1131,1,99.91
경복궁,6033544429,11,38.0,1196,1,99.92
독립문,13460710395,11,38.0,816,1,99.88
무악재,11296428367,11,38.0,455,1,99.78
홍제,436868050,11,38.0,855,1,99.88
녹번,436867704,11,38.0,786,1,99.87
구파발,8515726110,11,38.0,786,1,99.87
불암산,3841778897,11,38.0,478,1,99.79
쌍문,436836179,11,38.0,1106,1,99.91
수유,9813541694,11,38.0,1433,1,99.93
미아,9819314920,11,38.0,1362,1,99.93
미아사거리,5198597933,11,38.0,1334,1,99.93
길음,5210130825,11,38.0,921,1,99.89
혜화,2409390726,11,38.0,915,1,99.89
명동,7495868732,11,38.0,1420,1,99.93
회현,12920546288,11,38.0,1025,1,99.9
서울역,5348913449,11,38.0,990,1,99.9
숙대입구,2533148374,11,38.0,1017,1,99.9
신용산,10816047755,11,38.0,445,1,99.78
사당,11521991148,11,38.0,772,1,99.87
남태령,7621561344,11,38.0,140,1,99.29
마천,10277058704,11,38.0,1004,1,99.9
거여,4489986954,11,38.0,1107,1,99.91
개롱,12142687377,11,38.0,1146,1,99.91
방이,2310500979,11,38.0,840,1,99.88
올림픽공원,8493888383,11,38.0,637,1,99.84
둔촌동,4680325914,11,38.0,548,1,99.82
상일동,7106623354,11,38.0,484,1,99.79
고덕,5915757376,11,38.0,713,1,99.86
명일,10009228390,11,38.0,570,1,99.82
굽은다리,3851742835,11,38.0,725,1,99.86
길동,3856135009,11,38.0,792,1,99.87
강동,3856513978,11,38.0,814,1,99.88
광나루,11182352080,11,38.0,452,1,99.78
아차산,2123390941,11,38.0,612,1,99.84
장한평,10708070992,11,38.0,481,1,99.79
답십리,10708182321,11,38.0,295,1,99.66
마장,3832676328,11,38.0,1208,1,99.92
행당,3833113882,11,38.0,1241,1,99.92
신금호,3848968727,11,38.0,743,1,99.87
광화문,13971398420,11,38.0,1418,1,99.93
서대문,445343537,11,38.0,1362,1,99.93
애오개,13142535285,11,38.0,1849,1,99.95
공덕,9941864292,11,38.0,1998,1,99.95
마포,13227969612,11,38.0,1192,1,99.92
여의나루,355173356,11,38.0,598,1,99.83
여의도,4744225606,11,38.0,421,1,99.76
신길,4529530743,11,38.0,518,1,99.81
영등포시장,355173354,11,38.0,1102,1,99.91
영등포구청,5215341470,11,38.0,1148,1,99.91
양평,436860925,11,38.0,708,1,99.86
오목교,2808319707,11,38.0,1088,1,99.91
목동,13895049012,11,38.0,1061,1,99.91
신정,2848435510,11,38.0,787,1,99.87
까치산,1906282324,11,38.0,941,1,99.89
화곡,2289350750,11,38.0,1376,1,99.93
우장산,4706229292,11,38.0,1447,1,99.93
발산,1791473931,11,38.0,929,1,99.89
마곡,13800646917,11,38.0,593,1,99.83
송정,4602991606,11,38.0,677,1,99.85
개화산,9228947724,11,38.0,593,1,99.83
방화,2702609963,11,38.0,435,1,99.77
봉화산,436834232,11,38.0,477,1,99.79
화랑대,3842209686,11,38.0,904,1,99.89
석계,1795189949,11,38.0,982,1,99.9
돌곶이,3830773366,11,38.0,1397,1,99.93
상월곡,5219803722,11,38.0,1040,1,99.9
월곡,5406198806,11,38.0,1159,1,99.91
안암,7625622864,11,38.0,1804,1,99.94
창신,1943131791,11,38.0,758,1,99.87
청구,1936511423,11,38.0,1242,1,99.92
버티고개,3847632030,11,38.0,334,1,99.7
한강진,436868241,11,38.0,569,1,99.82
이태원,2470887090,11,38.0,754,1,99.87
녹사평,2384953064,11,38.0,1040,1,99.9
효창공원앞,4426288471,11,38.0,1133,1,99.91
대흥,9987526934,11,38.0,1983,1,99.95
광흥창,4101356295,11,38.0,1853,1,99.95
상수,414685238,11,38.0,1337,1,99.93
망원,445327391,11,38.0,1724,1,99.94
마포구청,5905951490,11,38.0,1038,1,99.9
월드컵경기장,798569457,11,38.0,500,1,99.8
증산,3823125035,11,38.0,1303,1,99.92
새절,3822999355,11,38.0,1828,1,99.95
구산,2292697262,11,38.0,1767,1,99.94
연신내,13357342120,11,38.0,1578,1,99.94
독바위,3824954278,11,38.0,914,1,99.89
역촌,10789220053,11,38.0,1917,1,99.95
어린이대공원,7939459503,11,38.0,860,1,99.88
군자,8743773046,11,38.0,1103,1,99.91
중곡,3840461137,11,38.0,932,1,99.89
용마산,10141309870,11,38.0,1285,1,99.92
사가정,436849774,11,38.0,1805,1,99.94
면목,436816024,11,38.0,1746,1,99.94
상봉,436718863,11,38.0,2078,1,99.95
중화,3819991417,11,38.0,1857,1,99.95
먹골,436538654,11,38.0,1117,1,99.91
태릉입구,13821634895,11,38.0,1354,1,99.93
공릉,13566284590,11,38.0,1151,1,99.91
하계,13566334119,11,38.0,554,1,99.82
중계,3835756882,11,38.0,440,1,99.77
노원,10598556476,11,38.0,697,1,99.86
마들,9410070134,11,38.0,1010,1,99.9
수락산,13566334197,11,38.0,619,1,99.84
가산디지털단지,436846908,11,38.0,460,1,99.78
남구로,2590252230,11,38.0,768,1,99.87
대림,2589375675,11,38.0,858,1,99.88
신풍,2108483850,11,38.0,848,1,99.88
보라매,2108483937,11,38.0,721,1,99.86
신대방삼거리,2108483943,11,38.0,901,1,99.89
장승배기,1830596637,11,38.0,854,1,99.88
상도,436821675,11,38.0,771,1,99.87
숭실대입구,11413637825,11,38.0,585,1,99.83
남성,4195693782,11,38.0,686,1,99.85
이수,13434371130,11,38.0,970,1,99.9
내방,2110270505,11,38.0,487,1,99.79
반포,9914441894,11,38.0,746,1,99.87
논현,2280678861,11,38.0,955,1,99.9
학동,2279487893,11,38.0,1030,1,99.9
청담,2279487921,11,38.0,785,1,99.87
자양,9040152140,11,38.0,636,1,99.84
용두,1939143883,11,38.0,1269,1,99.92
신답,2460188205,11,38.0,45,1,97.78
천왕,1784377384,11,38.0,338,1,99.7
장지,11202554992,11,38.0,983,1,99.9
문정,6832910091,11,38.0,581,1,99.83
송파,2280491847,11,38.0,553,1,99.82
석촌,2280491863,11,38.0,301,1,99.67
몽촌토성,2346858828,11,38.0,451,1,99.78
강동구청,436855505,11,38.0,904,1,99.89
암사,999136556,11,38.0,828,1,99.88
중앙보훈병원,4197252516,11,38.0,357,3,99.16
둔촌오륜,11229084218,11,38.0,377,1,99.73
한성백제,10009448574,11,38.0,394,1,99.75
송파나루,1809560163,11,38.0,485,1,99.79
석촌고분,10855673146,11,38.0,780,1,99.87
삼전,4186302819,11,38.0,613,1,99.84
대모산입구,4643770733,11,38.0,495,1,99.8
개포동,2032418657,11,38.0,428,1,99.77
구룡,436814317,11,38.0,225,1,99.56
한티,4784810914,11,38.0,616,1,99.84
압구정로데오,596509934,11,38.0,705,1,99.86
서울숲,9081846792,11,38.0,723,1,99.86
양재시민의숲,12872531616,11,38.0,667,1,99.85
청계산입구,11744211938,11,38.0,177,1,99.44
성신여대입구,5226829495,11,38.0,886,1,99.89
청량리,7749822746,11,38.0,1451,1,99.93
신내,9534964676,11,38.0,661,1,99.85
종로3가,7068953101,11,38.0,1739,1,99.94
신설동,13345643243,11,38.0,1380,1,99.93
성신여대입구,9816197077,11,38.0,862,1,99.88
이촌,13472471079,11,38.0,485,1,99.79
서울역,10216518963,11,38.0,550,1,99.82
수서,6004121530,11,38.0,224,1,99.55
건대입구,11303511536,11,38.0,1018,1,99.9
선정릉,596482732,11,38.0,765,1,99.87
선릉,860338496,11,38.0,762,1,99.87
도곡,3418782698,11,38.0,447,1,99.78
수서,12364278188,11,38.0,233,1,99.57
복정,11330600836,11,38.0,445,1,99.78
왕십리,9369050246,11,38.0,1530,1,99.93
왕십리,11127349780,11,38.0,1663,1,99.94
신설동,4173042514,11,38.0,1293,1,99.92
939정거장,8436624771,11,38.0,364,1,99.73
창동,4659124351,11,38.0,526,1,99.81
동작,3401123578,11,38.0,13,1,92.31
개화,9701881739,11,38.0,242,1,99.59
상봉,2470981971,11,38.0,1849,1,99.95
관악산,4373612914,11,38.0,549,1,99.82
서울대벤처타운,1835221096,11,38.0,879,1,99.89
신림,1844912791,11,38.0,1197,1,99.92
당곡,436858756,11,38.0,1055,1,99.91
보라매병원,436847189,11,38.0,817,1,99.88
보라매공원,7916896848,11,38.0,516,1,99.81
보라매,2819460436,11,38.0,703,1,99.86
서울지방병무청,11178013529,11,38.0,675,1,99.85
대방,11553007316,11,38.0,534,1,99.81
샛강,13506574406,11,38.0,361,1,99.72
샛강,13670786965,11,38.0,348,1,99.71
서울역,3390941198,11,38.0,980,1,99.9
디지털미디어시티,2605603657,11,38.0,383,1,99.74
디지털미디어시티,4652833827,11,38.0,469,1,99.79
노원,5706189891,11,38.0,776,1,99.87
양재,4865811281,11,38.0,893,1,99.89
강남,3087683154,11,38.0,1222,1,99.92
당산,10814323607,11,38.0,737,1,99.86
서울역,3391063393,11,38.0,1011,1,99.9
신길,4636791670,11,38.0,720,1,99.86
가산디지털단지,2108483903,11,38.0,492,1,99.8
상계,3401474874,11,38.0,689,1,99.85
선유도,2726710465,11,38.0,537,1,99.81
신목동,2812530406,11,38.0,405,1,99.75
염창,2289016390,11,38.0,683,1,99.85
등촌,2290015312,11,38.0,810,1,99.88
증미,3042643876,11,38.0,673,1,99.85
가양,2142681442,11,38.0,885,1,99.89
양천향교,414683333,11,38.0,635,1,99.84
신방화,10814323761,11,38.0,827,1,99.88
공항시장,4604019398,11,38.0,777,1,99.87
총신대입구(이수),4984575377,11,38.0,877,1,99.89
동묘앞,3830591800,11,38.0,1683,1,99.94
동대문,7195666618,11,38.0,1827,1,99.95
종로3가,4198116864,11,38.0,1363,1,99.93
종로3가,4197560774,11,38.0,1595,1,99.94
정릉,3828480980,11,38.0,700,1,99.86
솔샘,3841342870,11,38.0,826,1,99.88
삼양사거리,3841342963,11,38.0,1425,1,99.93
삼양,3840741768,11,38.0,1428,1,99.93
화계,436865378,11,38.0,1464,1,99.93
가오리,3840936112,11,38.0,1346,1,99.93
4.19민주묘지,3841077641,11,38.0,939,1,99.89
솔밭공원,3626451463,11,38.0,493,1,99.8
북한산우이,11824482197,11,38.0,274,1,99.64
시청,7677568503,11,38.0,1206,1,99.92
노량진,4627778176,11,38.0,411,1,99.76
김포공항,7981330101,11,38.0,553,1,99.82
김포공항,4874729815,11,38.0,614,1,99.84
옥수,8222891384,11,38.0,318,1,99.69
신도림,5119449050,11,38.0,331,1,99.7
수서,11563289590,11,38.0,234,19,91.88
연신내,10678122489,11,38.0,1643,1,99.94
뚝섬,8498978693,11,38.0,756,1,99.87
동대문역사문화공원,414685825,11,38.0,1759,1,99.94
동대문역사문화공원,1945254583,11,38.0,1864,1,99.95
종합운동장,13894950326,11,38.0,402,1,99.75
홍대입구,13227913200,11,38.0,2129,1,99.95
942정거장,436815896,11,38.0,625,1,99.84
한성대입구,5973684086,11,42.7,1088,1,99.91
제기동,9655918649,11,42.7,1288,1,99.92
신이문,3831106833,11,42.7,1042,84,91.94
회기,9776882774,11,42.7,1756,5,99.72
월계,3834716670,11,42.7,300,45,85.0
녹천,3834717475,11,42.7,227,2,99.12
광운대,436854528,11,42.7,396,1,99.75
창동,3834608837,11,42.7,424,1,99.76
방학,3846919916,11,42.7,688,74,89.24
오류동,8508812072,11,42.7,98,1,98.98
개봉,5442986444,11,42.7,390,21,94.62
구일,3210749463,11,42.7,272,2,99.26
일원,9454279402,11,42.7,208,1,99.52
양원,9534964626,11,42.7,911,1,99.89
한남,3852156874,11,42.7,249,1,99.6
수색,11944713936,11,42.7,364,4,98.9
940정거장,3011994542,11,42.7,315,87,72.38
중랑,10138603166,11,42.7,1617,1,99.94
망우,9760894592,11,42.7,1800,505,71.94
국회의사당,2932339394,11,42.7,587,1,99.83
노들,4627760504,11,42.7,448,1,99.78
신설동,13227969660,11,42.7,1231,54,95.61
용답,2460188229,11,42.7,807,1,99.88
신촌,13683819523,11,42.7,2215,1,99.95
수서,6299196105,11,42.7,236,93,60.59
충정로,3893042379,11,42.7,1387,1,99.93
서강대,5221755996,11,42.7,2111,967,54.19
종로5가,436883169,11,42.7,1678,1,99.94
고속터미널,9798531671,11,42.7,689,32,95.36
청량리,10121691848,11,42.7,1413,32,97.74
봉은사,595750357,11,42.7,602,53,91.2
언주,414684639,11,42.7,1033,587,43.18
삼성중앙,595750358,11,42.7,682,294,56.89
사평,13512489422,11,42.7,789,1,99.87
선정릉,2110338712,11,42.7,804,429,46.64
신논현,8376423650,11,42.7,1082,1,99.91
외대앞,3831105923,11,42.7,1212,20,98.35
구반포,11641428792,11,42.7,381,3,99.21
흑석,436881334,11,42.7,262,1,99.62
신반포,10918075302,11,42.7,556,94,83.09
온수,4987997944,11,42.7,269,1,99.63
왕십리,9083521281,11,42.7,1411,1,99.93
응봉,13780851569,11,42.7,76,1,98.68
도봉,7006105399,11,42.7,659,21,96.81
서빙고,12874837067,11,42.7,295,1,99.66
양재,11431861586,11,42.7,940,1,99.89
이촌,4172393733,11,42.7,454,87,80.84
복정,11330600853,11,42.7,392,1,99.74
독산,4095041979,11,42.7,268,103,61.57
신내,9810803930,11,42.7,662,1,99.85
금천구청,5308009219,11,42.7,605,1,99.83
암사역사공원,436817489,11,42.7,476,1,99.79
보문,436873184,11,42.7,1115,226,79.73
동작,7660036116,11,42.7,204,6,97.06
서울,10013086401,11,42.7,830,2,99.76
도곡,5403582157,11,42.7,462,138,70.13
김포공항,2353543144,11,42.7,522,17,96.74
동대문역사문화공원,8496801700,11,42.7,1850,1,99.95
구로,8918160546,11,42.7,533,97,81.8
북한산보국문,3841557294,11,42.7,582,2,99.66
안국,436867523,11,42.7,1297,1,99.92
강일,13093833784,11,42.7,347,2,99.42
천호,999136673,11,42.7,1051,1,99.9
서원,1835221331,11,42.7,1227,1,99.92
동대문,3830591792,11,42.7,1671,1,99.94
삼각지,5589627062,11,42.7,902,1,99.89
도봉산,5246596481,11,42.7,477,1,99.79
도봉산,5246596482,11,42.7,488,1,99.8
영등포,11459128410,11,42.7,783,8,98.98
노량진,3785111388,11,42.7,417,102,75.54
용산,10816124190,11,42.7,415,2,99.52
종각,11198015018,11,42.7,1508,1,99.93
건대입구,2613069963,11,42.7,1123,495,55.92
가좌,5756085341,11,42.7,950,1,99.89
남영,7836289839,11,42.7,867,18,97.92
대방,4617447369,11,42.7,306,7,97.71
응암,8735757178,11,42.7,2062,1,99.95
합정,5215341441,11,42.7,1477,1,99.93
동묘앞,4170064719,11,42.7,1658,1,99.94
고려대,5404768239,11,42.7,1585,1,99.94
홍대입구,11841458495,11,42.7,2240,1,99.96
디지털미디어시티,9891051186,11,42.7,182,1,99.45
선릉,2280678836,11,42.7,766,692,9.66
강남구청,2282830004,11,42.7,911,630,30.85
강남,7168335697,11,42.7,1287,804,37.53
가락시장,10939998666,11,42.7,266,1,99.62
을지로3가,7694743853,11,42.7,1932,1,99.95
불광,11228575654,11,42.7,1358,77,94.33
구의,3958847218,11,42.7,330,230,30.3
강변,1850655113,11,42.7,359,195,45.68
잠실나루,5159105401,11,42.7,251,187,25.5
옥수,3851466435,11,42.7,215,1,99.53
충무로,3846576172,11,42.7,1502,2,99.87
약수,3846603560,11,42.7,839,362,56.85
교대,3355067052,11,42.7,895,1,99.89
오금,3278844051,11,42.7,992,100,89.92
한양대,8992783196,11,42.7,906,1,99.89
성수,2551966241,11,42.7,805,58,92.8
시청,3404904658,11,42.7,1074,1,99.91
을지로입구,436830313,11,42.7,1494,744,50.2
을지로4가,10296582868,11,42.7,1599,1,99.94
신당,414685846,11,42.7,1733,1,99.94
상왕십리,11127349744,11,42.7,1796,1,99.94
신촌,5937884691,11,42.7,2707,1,99.96
이대,9283138042,11,42.7,1934,720,62.77
아현,1936511359,11,42.7,1758,1,99.94
마곡나루,4019735070,11,42.7,568,1,99.82
당산,3216944261,11,42.7,692,131,81.07
문래,11455185928,11,42.7,1223,1,99.92
신도림,5344219251,11,42.7,229,1,99.56
구로디지털단지,4624772818,11,42.7,665,156,76.54
신대방,4624808762,11,42.7,578,1,99.83
신림,5404739367,11,42.7,1212,687,43.32
봉천,5404739628,11,42.7,1274,367,71.19
서울대입구,5406451695,11,42.7,959,1,99.9
낙성대,5406462591,11,42.7,618,222,64.08
방배,8471989456,11,42.7,421,1,99.76
서초,3221788784,11,42.7,652,355,45.55
역삼,2280678732,11,42.7,948,489,48.42
삼성,733859380,11,42.7,606,315,48.02
종합운동장,1430639131,11,42.7,362,1,99.72
잠실새내,2957013438,11,42.7,642,179,72.12
잠실,7877518993,11,42.7,415,1,99.76
양천구청,3380999909,11,42.7,471,1,99.79
신정네거리,9572122970,11,42.7,759,6,99.21
도림천,4630961655,11,42.7,567,1,99.82
경찰병원,1812000920,11,42.7,649,273,57.94
대청,2927282422,11,42.7,495,1,99.8
학여울,4643770712,11,42.7,520,27,94.81
대치,2281644495,11,42.7,618,1,99.84
매봉,5406359683,11,42.7,583,127,78.22
남부터미널,436864976,11,42.7,743,318,57.2
잠원,4634374794,11,42.7,513,3,99.42
신사,8489501829,11,42.7,1026,434,57.7
압구정,9891581229,11,42.7,1171,312,73.36
금호,4201516987,11,42.7,552,61,88.95
동대입구,436870722,11,42.7,1131,1,99.91
경복궁,6033544429,11,42.7,1196,1,99.92
독립문,13460710395,11,42.7,816,120,85.29
무악재,11296428367,11,42.7,455,167,63.3
홍제,436868050,11,42.7,855,1,99.88
녹번,436867704,11,42.7,786,107,86.39
구파발,8515726110,11,42.7,786,1,99.87
불암산,3841778897,11,42.7,478,1,99.79
쌍문,436836179,11,42.7,1106,377,65.91
수유,9813541694,11,42.7,1433,705,50.8
미아,9819314920,11,42.7,1362,1,99.93
미아사거리,5198597933,11,42.7,1334,336,74.81
길음,5210130825,11,42.7,921,16,98.26
혜화,2409390726,11,42.7,915,80,91.26
명동,7495868732,11,42.7,1420,460,67.61
회현,12920546288,11,42.7,1025,469,54.24
서울역,5348913449,11,42.7,990,371,62.53
숙대입구,2533148374,11,42.7,1017,1,99.9
신용산,10816047755,11,42.7,445,1,99.78
사당,11521991148,11,42.7,772,1,99.87
남태령,7621561344,11,42.7,140,63,55.0
마천,10277058704,11,42.7,1004,334,66.73
거여,4489986954,11,42.7,1107,1,99.91
개롱,12142687377,11,42.7,1146,118,89.7
방이,2310500979,11,42.7,840,1,99.88
올림픽공원,8493888383,11,42.7,637,1,99.84
둔촌동,4680325914,11,42.7,548,1,99.82
상일동,7106623354,11,42.7,484,1,99.79
고덕,5915757376,11,42.7,713,1,99.86
명일,10009228390,11,42.7,570,247,56.67
굽은다리,3851742835,11,42.7,725,496,31.59
길동,3856135009,11,42.7,792,504,36.36
강동,3856513978,11,42.7,814,375,53.93
광나루,11182352080,11,42.7,452,1,99.78
아차산,2123390941,11,42.7,612,74,87.91
장한평,10708070992,11,42.7,481,1,99.79
답십리,10708182321,11,42.7,295,90,69.49
마장,3832676328,11,42.7,1208,19,98.43
행당,3833113882,11,42.7,1241,74,94.04
신금호,3848968727,11,42.7,743,66,91.12
광화문,13971398420,11,42.7,1418,395,72.14
서대문,445343537,11,42.7,1362,470,65.49
애오개,13142535285,11,42.7,1849,398,78.47
공덕,9941864292,11,42.7,1998,925,53.7
마포,13227969612,11,42.7,1192,1,99.92
여의나루,355173356,11,42.7,598,1,99.83
여의도,4744225606,11,42.7,421,1,99.76
신길,4529530743,11,42.7,518,1,99.81
영등포시장,355173354,11,42.7,1102,1,99.91
영등포구청,5215341470,11,42.7,1148,329,71.34
양평,436860925,11,42.7,708,265,62.57
오목교,2808319707,11,42.7,1088,323,70.31
목동,13895049012,11,42.7,1061,1,99.91
신정,2848435510,11,42.7,787,366,53.49
까치산,1906282324,11,42.7,941,646,31.35
화곡,2289350750,11,42.7,1376,1,99.93
우장산,4706229292,11,42.7,1447,800,44.71
발산,1791473931,11,42.7,929,7,99.25
마곡,13800646917,11,42.7,593,1,99.83
송정,4602991606,11,42.7,677,136,79.91
개화산,9228947724,11,42.7,593,192,67.62
방화,2702609963,11,42.7,435,41,90.57
봉화산,436834232,11,42.7,477,1,99.79
화랑대,3842209686,11,42.7,904,10,98.89
석계,1795189949,11,42.7,982,50,94.91
돌곶이,3830773366,11,42.7,1397,300,78.53
상월곡,5219803722,11,42.7,1040,1,99.9
월곡,5406198806,11,42.7,1159,1,99.91
안암,7625622864,11,42.7,1804,1,99.94
창신,1943131791,11,42.7,758,1,99.87
청구,1936511423,11,42.7,1242,1,99.92
버티고개,3847632030,11,42.7,334,95,71.56
한강진,436868241,11,42.7,569,1,99.82
이태원,2470887090,11,42.7,754,1,99.87
녹사평,2384953064,11,42.7,1040,657,36.83
효창공원앞,4426288471,11,42.7,1133,1,99.91
대흥,9987526934,11,42.7,1983,1,99.95
광흥창,4101356295,11,42.7,1853,7,99.62
상수,414685238,11,42.7,1337,586,56.17
망원,445327391,11,42.7,1724,1107,35.79
마포구청,5905951490,11,42.7,1038,1,99.9
월드컵경기장,798569457,11,42.7,500,173,65.4
증산,3823125035,11,42.7,1303,1,99.92
새절,3822999355,11,42.7,1828,1,99.95
구산,2292697262,11,42.7,1767,1,99.94
연신내,13357342120,11,42.7,1578,1,99.94
독바위,3824954278,11,42.7,914,569,37.75
역촌,10789220053,11,42.7,1917,998,47.94
어린이대공원,7939459503,11,42.7,860,1,99.88
군자,8743773046,11,42.7,1103,1,99.91
중곡,3840461137,11,42.7,932,369,60.41
용마산,10141309870,11,42.7,1285,191,85.14
사가정,436849774,11,42.7,1805,803,55.51
면목,436816024,11,42.7,1746,1,99.94
상봉,436718863,11,42.7,2078,225,89.17
중화,3819991417,11,42.7,1857,1,99.95
먹골,436538654,11,42.7,1117,1,99.91
태릉입구,13821634895,11,42.7,1354,1,99.93
공릉,13566284590,11,42.7,1151,1,99.91
하계,13566334119,11,42.7,554,15,97.29
중계,3835756882,11,42.7,440,1,99.77
노원,10598556476,11,42.7,697,2,99.71
마들,9410070134,11,42.7,1010,1,99.9
수락산,13566334197,11,42.7,619,42,93.21
가산디지털단지,436846908,11,42.7,460,46,90.0
남구로,2590252230,11,42.7,768,1,99.87
대림,2589375675,11,42.7,858,1,99.88
신풍,2108483850,11,42.7,848,1,99.88
보라매,2108483937,11,42.7,721,79,89.04
신대방삼거리,2108483943,11,42.7,901,126,86.02
장승배기,1830596637,11,42.7,854,1,99.88
상도,436821675,11,42.7,771,1,99.87
숭실대입구,11413637825,11,42.7,585,1,99.83
남성,4195693782,11,42.7,686,40,94.17
이수,13434371130,11,42.7,970,2,99.79
내방,2110270505,11,42.7,487,1,99.79
반포,9914441894,11,42.7,746,23,96.92
논현,2280678861,11,42.7,955,199,79.16
학동,2279487893,11,42.7,1030,1,99.9
청담,2279487921,11,42.7,785,80,89.81
자양,9040152140,11,42.7,636,174,72.64
용두,1939143883,11,42.7,1269,83,93.46
신답,2460188205,11,42.7,45,23,48.89
천왕,1784377384,11,42.7,338,1,99.7
장지,11202554992,11,42.7,983,1,99.9
문정,6832910091,11,42.7,581,1,99.83
송파,2280491847,11,42.7,553,1,99.82
석촌,2280491863,11,42.7,301,1,99.67
몽촌토성,2346858828,11,42.7,451,1,99.78
강동구청,436855505,11,42.7,904,1,99.89
암사,999136556,11,42.7,828,594,28.26
중앙보훈병원,4197252516,11,42.7,357,32,91.04
둔촌오륜,11229084218,11,42.7,377,1,99.73
한성백제,10009448574,11,42.7,394,1,99.75
송파나루,1809560163,11,42.7,485,393,18.97
석촌고분,10855673146,11,42.7,780,1,99.87
삼전,4186302819,11,42.7,613,250,59.22
대모산입구,4643770733,11,42.7,495,1,99.8
개포동,2032418657,11,42.7,428,1,99.77
구룡,436814317,11,42.7,225,7,96.89
한티,4784810914,11,42.7,616,370,39.94
압구정로데오,596509934,11,42.7,705,1,99.86
서울숲,9081846792,11,42.7,723,1,99.86
양재시민의숲,12872531616,11,42.7,667,1,99.85
청계산입구,11744211938,11,42.7,177,4,97.74
성신여대입구,5226829495,11,42.7,886,541,38.94
청량리,7749822746,11,42.7,1451,1,99.93
신내,9534964676,11,42.7,661,3,99.55
종로3가,7068953101,11,42.7,1739,1,99.94
신설동,13345643243,11,42.7,1380,1,99.93
성신여대입구,9816197077,11,42.7,862,537,37.7
이촌,13472471079,11,42.7,485,1,99.79
서울역,10216518963,11,42.7,550,1,99.82
수서,6004121530,11,42.7,224,1,99.55
건대입구,11303511536,11,42.7,1018,475,53.34
선정릉,596482732,11,42.7,765,456,40.39
선릉,860338496,11,42.7,762,673,11.68
도곡,3418782698,11,42.7,447,100,77.63
수서,12364278188,11,42.7,233,79,66.09
복정,11330600836,11,42.7,445,1,99.78
왕십리,9369050246,11,42.7,1530,1,99.93
왕십리,11127349780,11,42.7,1663,1,99.94
신설동,4173042514,11,42.7,1293,30,97.68
939정거장,8436624771,11,42.7,364,1,99.73
창동,4659124351,11,42.7,526,21,96.01
동작,3401123578,11,42.7,13,13,0.0
개화,9701881739,11,42.7,242,1,99.59
상봉,2470981971,11,42.7,1849,1,99.95
관악산,4373612914,11,42.7,549,1,99.82
서울대벤처타운,1835221096,11,42.7,879,2,99.77
신림,1844912791,11,42.7,1197,659,44.95
당곡,436858756,11,42.7,1055,1,99.91
보라매병원,436847189,11,42.7,817,152,81.4
보라매공원,7916896848,11,42.7,516,1,99.81
보라매,2819460436,11,42.7,703,52,92.6
서울지방병무청,11178013529,11,42.7,675,318,52.89
대방,11553007316,11,42.7,534,1,99.81
샛강,13506574406,11,42.7,361,1,99.72
샛강,13670786965,11,42.7,348,1,99.71
서울역,3390941198,11,42.7,980,361,63.16
디지털미디어시티,2605603657,11,42.7,383,3,99.22
디지털미디어시티,4652833827,11,42.7,469,142,69.72
노원,5706189891,11,42.7,776,244,68.56
양재,4865811281,11,42.7,893,140,84.32
강남,3087683154,11,42.7,1222,850,30.44
당산,10814323607,11,42.7,737,1,99.86
서울역,3391063393,11,42.7,1011,1,99.9
신길,4636791670,11,42.7,720,1,99.86
가산디지털단지,2108483903,11,42.7,492,57,88.41
상계,3401474874,11,42.7,689,301,56.31
선유도,2726710465,11,42.7,537,164,69.46
신목동,2812530406,11,42.7,405,1,99.75
염창,2289016390,11,42.7,683,1,99.85
등촌,2290015312,11,42.7,810,1,99.88
증미,3042643876,11,42.7,673,193,71.32
가양,2142681442,11,42.7,885,208,76.5
양천향교,414683333,11,42.7,635,63,90.08
신방화,10814323761,11,42.7,827,1,99.88
공항시장,4604019398,11,42.7,777,1,99.87
총신대입구(이수),4984575377,11,42.7,877,240,72.63
동묘앞,3830591800,11,42.7,1683,83,95.07
동대문,7195666618,11,42.7,1827,1,99.95
종로3가,4198116864,11,42.7,1363,95,93.03
종로3가,4197560774,11,42.7,1595,134,91.6
정릉,3828480980,11,42.7,700,8,98.86
솔샘,3841342870,11,42.7,826,10,98.79
삼양사거리,3841342963,11,42.7,1425,3,99.79
삼양,3840741768,11,42.7,1428,1,99.93
화계,436865378,11,42.7,1464,534,63.52
가오리,3840936112,11,42.7,1346,723,46.29
4.19민주묘지,3841077641,11,42.7,939,175,81.36
솔밭공원,3626451463,11,42.7,493,1,99.8
북한산우이,11824482197,11,42.7,274,1,99.64
시청,7677568503,11,42.7,1206,628,47.93
노량진,4627778176,11,42.7,411,90,78.1
김포공항,7981330101,11,42.7,553,1,99.82
김포공항,4874729815,11,42.7,614,1,99.84
옥수,8222891384,11,42.7,318,78,75.47
신도림,5119449050,11,42.7,331,1,99.7
수서,11563289590,11,42.7,234,104,55.56
연신내,10678122489,11,42.7,1643,844,48.63
뚝섬,8498978693,11,42.7,756,1,99.87
동대문역사문화공원,414685825,11,42.7,1759,219,87.55
동대문역사문화공원,1945254583,11,42.7,1864,1,99.95
종합운동장,13894950326,11,42.7,402,1,99.75
홍대입구,13227913200,11,42.7,2129,1527,28.28
942정거장,436815896,11,42.7,625,1,99.84
한성대입구,5973684086,12,38.0,1088,1,99.91
제기동,9655918649,12,38.0,1288,1,99.92
신이문,3831106833,12,38.0,1042,1,99.9
회기,9776882774,12,38.0,1756,1,99.94
월계,3834716670,12,38.0,300,1,99.67
녹천,3834717475,12,38.0,227,1,99.56
광운대,436854528,12,38.0,396,1,99.75
창동,3834608837,12,38.0,424,1,99.76
방학,3846919916,12,38.0,688,1,99.85
오류동,8508812072,12,38.0,98,1,98.98
개봉,5442986444,12,38.0,390,1,99.74
구일,3210749463,12,38.0,272,1,99.63
일원,9454279402,12,38.0,208,1,99.52
양원,9534964626,12,38.0,911,1,99.89
한남,3852156874,12,38.0,249,1,99.6
수색,11944713936,12,38.0,364,1,99.73
940정거장,3011994542,12,38.0,315,1,99.68
중랑,10138603166,12,38.0,1617,1,99.94
망우,9760894592,12,38.0,1800,1,99.94
국회의사당,2932339394,12,38.0,587,1,99.83
노들,4627760504,12,38.0,448,1,99.78
신설동,13227969660,12,38.0,1231,1,99.92
용답,2460188229,12,38.0,807,1,99.88
신촌,13683819523,12,38.0,2215,1,99.95
수서,6299196105,12,38.0,236,1,99.58
충정로,3893042379,12,38.0,1387,1,99.93
서강대,5221755996,12,38.0,2111,1,99.95
종로5가,436883169,12,38.0,1678,1,99.94
고속터미널,9798531671,12,38.0,689,1,99.85
청량리,10121691848,12,38.0,1413,1,99.93
봉은사,595750357,12,38.0,602,1,99.83
언주,414684639,12,38.0,1033,1,99.9
삼성중앙,595750358,12,38.0,682,1,99.85
사평,13512489422,12,38.0,789,1,99.87
선정릉,2110338712,12,38.0,804,1,99.88
신논현,8376423650,12,38.0,1082,1,99.91
외대앞,3831105923,12,38.0,1212,1,99.92
구반포,11641428792,12,38.0,381,1,99.74
흑석,436881334,12,38.0,262,1,99.62
신반포,10918075302,12,38.0,556,1,99.82
온수,4987997944,12,38.0,269,1,99.63
왕십리,9083521281,12,38.0,1411,1,99.93
응봉,13780851569,12,38.0,76,1,98.68
도봉,7006105399,12,38.0,659,1,99.85
서빙고,12874837067,12,38.0,295,1,99.66
양재,11431861586,12,38.0,940,1,99.89
이촌,4172393733,12,38.0,454,1,99.78
복정,11330600853,12,38.0,392,1,99.74
독산,4095041979,12,38.0,268,1,99.63
신내,9810803930,12,38.0,662,1,99.85
금천구청,5308009219,12,38.0,605,1,99.83
암사역사공원,436817489,12,38.0,476,1,99.79
보문,436873184,12,38.0,1115,1,99.91
동작,7660036116,12,38.0,204,1,99.51
서울,10013086401,12,38.0,830,1,99.88
도곡,5403582157,12,38.0,462,1,99.78
김포공항,2353543144,12,38.0,522,1,99.81
동대문역사문화공원,8496801700,12,38.0,1850,1,99.95
구로,8918160546,12,38.0,533,1,99.81
북한산보국문,3841557294,12,38.0,582,1,99.83
안국,436867523,12,38.0,1297,1,99.92
강일,13093833784,12,38.0,347,1,99.71
천호,999136673,12,38.0,1051,1,99.9
서원,1835221331,12,38.0,1227,1,99.92
동대문,3830591792,12,38.0,1671,1,99.94
삼각지,5589627062,12,38.0,902,1,99.89
도봉산,5246596481,12,38.0,477,1,99.79
도봉산,5246596482,12,38.0,488,1,99.8
영등포,11459128410,12,38.0,783,1,99.87
노량진,3785111388,12,38.0,417,1,99.76
용산,10816124190,12,38.0,415,1,99.76
종각,11198015018,12,38.0,1508,1,99.93
건대입구,2613069963,12,38.0,1123,1,99.91
가좌,5756085341,12,38.0,950,1,99.89
남영,7836289839,12,38.0,867,1,99.88
대방,4617447369,12,38.0,306,1,99.67
응암,8735757178,12,38.0,2062,1,99.95
합정,5215341441,12,38.0,1477,1,99.93
동묘앞,4170064719,12,38.0,1658,1,99.94
고려대,5404768239,12,38.0,1585,1,99.94
홍대입구,11841458495,12,38.0,2240,1,99.96
디지털미디어시티,9891051186,12,38.0,182,1,99.45
선릉,2280678836,12,38.0,766,1,99.87
강남구청,2282830004,12,38.0,911,1,99.89
강남,7168335697,12,38.0,1287,1,99.92
가락시장,10939998666,12,38.0,266,1,99.62
을지로3가,7694743853,12,38.0,1932,1,99.95
불광,11228575654,12,38.0,1358,1,99.93
구의,3958847218,12,38.0,330,1,99.7
강변,1850655113,12,38.0,359,1,99.72
잠실나루,5159105401,12,38.0,251,1,99.6
옥수,3851466435,12,38.0,215,1,99.53
충무로,3846576172,12,38.0,1502,1,99.93
약수,3846603560,12,38.0,839,1,99.88
교대,3355067052,12,38.0,895,1,99.89
오금,3278844051,12,38.0,992,1,99.9
한양대,8992783196,12,38.0,906,1,99.89
성수,2551966241,12,38.0,805,1,99.88
시청,3404904658,12,38.0,1074,1,99.91
을지로입구,436830313,12,38.0,1494,1,99.93
을지로4가,10296582868,12,38.0,1599,1,99.94
신당,414685846,12,38.0,1733,1,99.94
상왕십리,11127349744,12,38.0,1796,1,99.94
신촌,5937884691,12,38.0,2707,1,99.96
이대,9283138042,12,38.0,1934,1,99.95
아현,1936511359,12,38.0,1758,1,99.94
마곡나루,4019735070,12,38.0,568,1,99.82
당산,3216944261,12,38.0,692,1,99.86
문래,11455185928,12,38.0,1223,1,99.92
신도림,5344219251,12,38.0,229,1,99.56
구로디지털단지,4624772818,12,38.0,665,1,99.85
신대방,4624808762,12,38.0,578,1,99.83
신림,5404739367,12,38.0,1212,1,99.92
봉천,5404739628,12,38.0,1274,1,99.92
서울대입구,5406451695,12,38.0,959,1,99.9
낙성대,5406462591,12,38.0,618,1,99.84
방배,8471989456,12,38.0,421,1,99.76
서초,3221788784,12,38.0,652,1,99.85
역삼,2280678732,12,38.0,948,1,99.89
삼성,733859380,12,38.0,606,1,99.83
종합운동장,1430639131,12,38.0,362,1,99.72
잠실새내,2957013438,12,38.0,642,1,99.84
잠실,7877518993,12,38.0,415,1,99.76
양천구청,3380999909,12,38.0,471,1,99.79
신정네거리,9572122970,12,38.0,759,1,99.87
도림천,4630961655,12,38.0,567,1,99.82
경찰병원,1812000920,12,38.0,649,1,99.85
대청,2927282422,12,38.0,495,1,99.8
학여울,4643770712,12,38.0,520,1,99.81
대치,2281644495,12,38.0,618,1,99.84
매봉,5406359683,12,38.0,583,1,99.83
남부터미널,436864976,12,38.0,743,1,99.87
잠원,4634374794,12,38.0,513,1,99.81
신사,8489501829,12,38.0,1026,1,99.9
압구정,9891581229,12,38.0,1171,1,99.91
금호,4201516987,12,38.0,552,1,99.82
동대입구,436870722,12,38.0,1131,1,99.91
경복궁,6033544429,12,38.0,1196,1,99.92
독립문,13460710395,12,38.0,816,1,99.88
무악재,11296428367,12,38.0,455,1,99.78
홍제,436868050,12,38.0,855,1,99.88
녹번,436867704,12,38.0,786,1,99.87
구파발,8515726110,12,38.0,786,1,99.87
불암산,3841778897,12,38.0,478,1,99.79
쌍문,436836179,12,38.0,1106,1,99.91
수유,9813541694,12,38.0,1433,1,99.93
미아,9819314920,12,38.0,1362,1,99.93
미아사거리,5198597933,12,38.0,1334,1,99.93
길음,5210130825,12,38.0,921,1,99.89
혜화,2409390726,12,38.0,915,1,99.89
명동,7495868732,12,38.0,1420,1,99.93
회현,12920546288,12,38.0,1025,1,99.9
서울역,5348913449,12,38.0,990,1,99.9
숙대입구,2533148374,12,38.0,1017,1,99.9
신용산,10816047755,12,38.0,445,1,99.78
사당,11521991148,12,38.0,772,1,99.87
남태령,7621561344,12,38.0,140,1,99.29
마천,10277058704,12,38.0,1004,1,99.9
거여,4489986954,12,38.0,1107,1,99.91
개롱,12142687377,12,38.0,1146,1,99.91
방이,2310500979,12,38.0,840,1,99.88
올림픽공원,8493888383,12,38.0,637,1,99.84
둔촌동,4680325914,12,38.0,548,1,99.82
상일동,7106623354,12,38.0,484,1,99.79
고덕,5915757376,12,38.0,713,1,99.86
명일,10009228390,12,38.0,570,1,99.82
굽은다리,3851742835,12,38.0,725,1,99.86
길동,3856135009,12,38.0,792,1,99.87
강동,3856513978,12,38.0,814,1,99.88
광나루,11182352080,12,38.0,452,1,99.78
아차산,2123390941,12,38.0,612,1,99.84
장한평,10708070992,12,38.0,481,1,99.79
답십리,10708182321,12,38.0,295,1,99.66
마장,3832676328,12,38.0,1208,1,99.92
행당,3833113882,12,38.0,1241,1,99.92
신금호,3848968727,12,38.0,743,1,99.87
광화문,13971398420,12,38.0,1418,1,99.93
서대문,445343537,12,38.0,1362,1,99.93
애오개,13142535285,12,38.0,1849,1,99.95
공덕,9941864292,12,38.0,1998,1,99.95
마포,13227969612,12,38.0,1192,1,99.92
여의나루,355173356,12,38.0,598,1,99.83
여의도,4744225606,12,38.0,421,1,99.76
신길,4529530743,12,38.0,518,1,99.81
영등포시장,355173354,12,38.0,1102,1,99.91
영등포구청,5215341470,12,38.0,1148,1,99.91
양평,436860925,12,38.0,708,1,99.86
오목교,2808319707,12,38.0,1088,1,99.91
목동,13895049012,12,38.0,1061,1,99.91
신정,2848435510,12,38.0,787,1,99.87
까치산,1906282324,12,38.0,941,1,99.89
화곡,2289350750,12,38.0,1376,1,99.93
우장산,4706229292,12,38.0,1447,1,99.93
발산,1791473931,12,38.0,929,1,99.89
마곡,13800646917,12,38.0,593,1,99.83
송정,4602991606,12,38.0,677,1,99.85
개화산,9228947724,12,38.0,593,1,99.83
방화,2702609963,12,38.0,435,1,99.77
봉화산,436834232,12,38.0,477,1,99.79
화랑대,3842209686,12,38.0,904,1,99.89
석계,1795189949,12,38.0,982,1,99.9
돌곶이,3830773366,12,38.0,1397,1,99.93
상월곡,5219803722,12,38.0,1040,1,99.9
월곡,5406198806,12,38.0,1159,1,99.91
안암,7625622864,12,38.0,1804,1,99.94
창신,1943131791,12,38.0,758,1,99.87
청구,1936511423,12,38.0,1242,1,99.92
버티고개,3847632030,12,38.0,334,1,99.7
한강진,436868241,12,38.0,569,1,99.82
이태원,2470887090,12,38.0,754,1,99.87
녹사평,2384953064,12,38.0,1040,1,99.9
효창공원앞,4426288471,12,38.0,1133,1,99.91
대흥,9987526934,12,38.0,1983,1,99.95
광흥창,4101356295,12,38.0,1853,1,99.95
상수,414685238,12,38.0,1337,1,99.93
망원,445327391,12,38.0,1724,1,99.94
마포구청,5905951490,12,38.0,1038,1,99.9
월드컵경기장,798569457,12,38.0,500,1,99.8
증산,3823125035,12,38.0,1303,1,99.92
새절,3822999355,12,38.0,1828,1,99.95
구산,2292697262,12,38.0,1767,1,99.94
연신내,13357342120,12,38.0,1578,1,99.94
독바위,3824954278,12,38.0,914,1,99.89
역촌,10789220053,12,38.0,1917,1,99.95
어린이대공원,7939459503,12,38.0,860,1,99.88
군자,8743773046,12,38.0,1103,1,99.91
중곡,3840461137,12,38.0,932,1,99.89
용마산,10141309870,12,38.0,1285,1,99.92
사가정,436849774,12,38.0,1805,1,99.94
면목,436816024,12,38.0,1746,1,99.94
상봉,436718863,12,38.0,2078,1,99.95
중화,3819991417,12,38.0,1857,1,99.95
먹골,436538654,12,38.0,1117,1,99.91
태릉입구,13821634895,12,38.0,1354,1,99.93
공릉,13566284590,12,38.0,1151,1,99.91
하계,13566334119,12,38.0,554,1,99.82
중계,3835756882,12,38.0,440,1,99.77
노원,10598556476,12,38.0,697,1,99.86
마들,9410070134,12,38.0,1010,1,99.9
수락산,13566334197,12,38.0,619,1,99.84
가산디지털단지,436846908,12,38.0,460,1,99.78
남구로,2590252230,12,38.0,768,1,99.87
대림,2589375675,12,38.0,858,1,99.88
신풍,2108483850,12,38.0,848,1,99.88
보라매,2108483937,12,38.0,721,1,99.86
신대방삼거리,2108483943,12,38.0,901,1,99.89
장승배기,1830596637,12,38.0,854,1,99.88
상도,436821675,12,38.0,771,1,99.87
숭실대입구,11413637825,12,38.0,585,1,99.83
남성,4195693782,12,38.0,686,1,99.85
이수,13434371130,12,38.0,970,1,99.9
내방,2110270505,12,38.0,487,1,99.79
반포,9914441894,12,38.0,746,1,99.87
논현,2280678861,12,38.0,955,1,99.9
학동,2279487893,12,38.0,1030,1,99.9
청담,2279487921,12,38.0,785,1,99.87
자양,9040152140,12,38.0,636,1,99.84
용두,1939143883,12,38.0,1269,1,99.92
신답,2460188205,12,38.0,45,1,97.78
천왕,1784377384,12,38.0,338,1,99.7
장지,11202554992,12,38.0,983,1,99.9
문정,6832910091,12,38.0,581,1,99.83
송파,2280491847,12,38.0,553,1,99.82
석촌,2280491863,12,38.0,301,1,99.67
몽촌토성,2346858828,12,38.0,451,1,99.78
강동구청,436855505,12,38.0,904,1,99.89
암사,999136556,12,38.0,828,1,99.88
중앙보훈병원,4197252516,12,38.0,357,2,99.44
둔촌오륜,11229084218,12,38.0,377,1,99.73
한성백제,10009448574,12,38.0,394,1,99.75
송파나루,1809560163,12,38.0,485,1,99.79
석촌고분,10855673146,12,38.0,780,1,99.87
삼전,4186302819,12,38.0,613,1,99.84
대모산입구,4643770733,12,38.0,495,1,99.8
개포동,2032418657,12,38.0,428,1,99.77
구룡,436814317,12,38.0,225,1,99.56
한티,4784810914,12,38.0,616,1,99.84
압구정로데오,596509934,12,38.0,705,1,99.86
서울숲,9081846792,12,38.0,723,1,99.86
양재시민의숲,12872531616,12,38.0,667,1,99.85
청계산입구,11744211938,12,38.0,177,1,99.44
성신여대입구,5226829495,12,38.0,886,1,99.89
청량리,7749822746,12,38.0,1451,1,99.93
신내,9534964676,12,38.0,661,1,99.85
종로3가,7068953101,12,38.0,1739,1,99.94
신설동,13345643243,12,38.0,1380,1,99.93
성신여대입구,9816197077,12,38.0,862,1,99.88
이촌,13472471079,12,38.0,485,1,99.79
서울역,10216518963,12,38.0,550,1,99.82
수서,6004121530,12,38.0,224,1,99.55
건대입구,11303511536,12,38.0,1018,1,99.9
선정릉,596482732,12,38.0,765,1,99.87
선릉,860338496,12,38.0,762,1,99.87
도곡,3418782698,12,38.0,447,1,99.78
수서,12364278188,12,38.0,233,1,99.57
복정,11330600836,12,38.0,445,1,99.78
왕십리,9369050246,12,38.0,1530,1,99.93
왕십리,11127349780,12,38.0,1663,1,99.94
신설동,4173042514,12,38.0,1293,1,99.92
939정거장,8436624771,12,38.0,364,1,99.73
창동,4659124351,12,38.0,526,1,99.81
동작,3401123578,12,38.0,13,1,92.31
개화,9701881739,12,38.0,242,1,99.59
상봉,2470981971,12,38.0,1849,1,99.95
관악산,4373612914,12,38.0,549,1,99.82
서울대벤처타운,1835221096,12,38.0,879,1,99.89
신림,1844912791,12,38.0,1197,1,99.92
당곡,436858756,12,38.0,1055,1,99.91
보라매병원,436847189,12,38.0,817,1,99.88
보라매공원,7916896848,12,38.0,516,1,99.81
보라매,2819460436,12,38.0,703,1,99.86
서울지방병무청,11178013529,12,38.0,675,1,99.85
대방,11553007316,12,38.0,534,1,99.81
샛강,13506574406,12,38.0,361,1,99.72
샛강,13670786965,12,38.0,348,1,99.71
서울역,3390941198,12,38.0,980,1,99.9
디지털미디어시티,2605603657,12,38.0,383,1,99.74
디지털미디어시티,4652833827,12,38.0,469,1,99.79
노원,5706189891,12,38.0,776,1,99.87
양재,4865811281,12,38.0,893,1,99.89
강남,3087683154,12,38.0,1222,1,99.92
당산,10814323607,12,38.0,737,1,99.86
서울역,3391063393,12,38.0,1011,1,99.9
신길,4636791670,12,38.0,720,1,99.86
가산디지털단지,2108483903,12,38.0,492,1,99.8
상계,3401474874,12,38.0,689,1,99.85
선유도,2726710465,12,38.0,537,1,99.81
신목동,2812530406,12,38.0,405,1,99.75
염창,2289016390,12,38.0,683,1,99.85
등촌,2290015312,12,38.0,810,1,99.88
증미,3042643876,12,38.0,673,1,99.85
가양,2142681442,12,38.0,885,1,99.89
양천향교,414683333,12,38.0,635,1,99.84
신방화,10814323761,12,38.0,827,1,99.88
공항시장,4604019398,12,38.0,777,1,99.87
총신대입구(이수),4984575377,12,38.0,877,1,99.89
동묘앞,3830591800,12,38.0,1683,1,99.94
동대문,7195666618,12,38.0,1827,1,99.95
종로3가,4198116864,12,38.0,1363,1,99.93
종로3가,4197560774,12,38.0,1595,1,99.94
정릉,3828480980,12,38.0,700,1,99.86
솔샘,3841342870,12,38.0,826,1,99.88
삼양사거리,3841342963,12,38.0,1425,1,99.93
삼양,3840741768,12,38.0,1428,1,99.93
화계,436865378,12,38.0,1464,1,99.93
가오리,3840936112,12,38.0,1346,1,99.93
4.19민주묘지,3841077641,12,38.0,939,1,99.89
솔밭공원,3626451463,12,38.0,493,1,99.8
북한산우이,11824482197,12,38.0,274,1,99.64
시청,7677568503,12,38.0,1206,1,99.92
노량진,4627778176,12,38.0,411,1,99.76
김포공항,7981330101,12,38.0,553,1,99.82
김포공항,4874729815,12,38.0,614,1,99.84
옥수,8222891384,12,38.0,318,1,99.69
신도림,5119449050,12,38.0,331,1,99.7
수서,11563289590,12,38.0,234,19,91.88
연신내,10678122489,12,38.0,1643,1,99.94
뚝섬,8498978693,12,38.0,756,1,99.87
동대문역사문화공원,414685825,12,38.0,1759,1,99.94
동대문역사문화공원,1945254583,12,38.0,1864,1,99.95
종합운동장,13894950326,12,38.0,402,1,99.75
홍대입구,13227913200,12,38.0,2129,1,99.95
942정거장,436815896,12,38.0,625,1,99.84
한성대입구,5973684086,12,42.7,1088,1,99.91
제기동,9655918649,12,42.7,1288,1,99.92
신이문,3831106833,12,42.7,1042,1,99.9
회기,9776882774,12,42.7,1756,1,99.94
월계,3834716670,12,42.7,300,1,99.67
녹천,3834717475,12,42.7,227,1,99.56
광운대,436854528,12,42.7,396,1,99.75
창동,3834608837,12,42.7,424,1,99.76
방학,3846919916,12,42.7,688,1,99.85
오류동,8508812072,12,42.7,98,1,98.98
개봉,5442986444,12,42.7,390,2,99.49
구일,3210749463,12,42.7,272,1,99.63
일원,9454279402,12,42.7,208,1,99.52
양원,9534964626,12,42.7,911,1,99.89
한남,3852156874,12,42.7,249,1,99.6
수색,11944713936,12,42.7,364,1,99.73
940정거장,3011994542,12,42.7,315,1,99.68
중랑,10138603166,12,42.7,1617,1,99.94
망우,9760894592,12,42.7,1800,1,99.94
국회의사당,2932339394,12,42.7,587,1,99.83
노들,4627760504,12,42.7,448,1,99.78
신설동,13227969660,12,42.7,1231,1,99.92
용답,2460188229,12,42.7,807,1,99.88
신촌,13683819523,12,42.7,2215,1,99.95
수서,6299196105,12,42.7,236,1,99.58
충정로,3893042379,12,42.7,1387,1,99.93
서강대,5221755996,12,42.7,2111,1,99.95
종로5가,436883169,12,42.7,1678,1,99.94
고속터미널,9798531671,12,42.7,689,1,99.85
청량리,10121691848,12,42.7,1413,1,99.93
봉은사,595750357,12,42.7,602,1,99.83
언주,414684639,12,42.7,1033,1,99.9
삼성중앙,595750358,12,42.7,682,1,99.85
사평,13512489422,12,42.7,789,1,99.87
선정릉,2110338712,12,42.7,804,1,99.88
신논현,8376423650,12,42.7,1082,1,99.91
외대앞,3831105923,12,42.7,1212,2,99.83
구반포,11641428792,12,42.7,381,1,99.74
흑석,436881334,12,42.7,262,1,99.62
신반포,10918075302,12,42.7,556,16,97.12
온수,4987997944,12,42.7,269,1,99.63
왕십리,9083521281,12,42.7,1411,1,99.93
응봉,13780851569,12,42.7,76,1,98.68
도봉,7006105399,12,42.7,659,1,99.85
서빙고,12874837067,12,42.7,295,1,99.66
양재,11431861586,12,42.7,940,1,99.89
이촌,4172393733,12,42.7,454,7,98.46
복정,11330600853,12,42.7,392,1,99.74
독산,4095041979,12,42.7,268,1,99.63
신내,9810803930,12,42.7,662,1,99.85
금천구청,5308009219,12,42.7,605,1,99.83
암사역사공원,436817489,12,42.7,476,1,99.79
보문,436873184,12,42.7,1115,1,99.91
동작,7660036116,12,42.7,204,1,99.51
서울,10013086401,12,42.7,830,1,99.88
도곡,5403582157,12,42.7,462,27,94.16
김포공항,2353543144,12,42.7,522,1,99.81
동대문역사문화공원,8496801700,12,42.7,1850,1,99.95
구로,8918160546,12,42.7,533,1,99.81
북한산보국문,3841557294,12,42.7,582,1,99.83
안국,436867523,12,42.7,1297,1,99.92
강일,13093833784,12,42.7,347,1,99.71
천호,999136673,12,42.7,1051,1,99.9
서원,1835221331,12,42.7,1227,1,99.92
동대문,3830591792,12,42.7,1671,1,99.94
삼각지,5589627062,12,42.7,902,1,99.89
도봉산,5246596481,12,42.7,477,1,99.79
도봉산,5246596482,12,42.7,488,1,99.8
영등포,11459128410,12,42.7,783,1,99.87
노량진,3785111388,12,42.7,417,1,99.76
용산,10816124190,12,42.7,415,1,99.76
종각,11198015018,12,42.7,1508,1,99.93
건대입구,2613069963,12,42.7,1123,1,99.91
가좌,5756085341,12,42.7,950,1,99.89
남영,7836289839,12,42.7,867,1,99.88
대방,4617447369,12,42.7,306,2,99.35
응암,8735757178,12,42.7,2062,1,99.95
합정,5215341441,12,42.7,1477,1,99.93
동묘앞,4170064719,12,42.7,1658,1,99.94
고려대,5404768239,12,42.7,1585,1,99.94
홍대입구,11841458495,12,42.7,2240,1,99.96
디지털미디어시티,9891051186,12,42.7,182,1,99.45
선릉,2280678836,12,42.7,766,27,96.48
강남구청,2282830004,12,42.7,911,1,99.89
강남,7168335697,12,42.7,1287,1,99.92
가락시장,10939998666,12,42.7,266,1,99.62
을지로3가,7694743853,12,42.7,1932,1,99.95
불광,11228575654,12,42.7,1358,1,99.93
구의,3958847218,12,42.7,330,1,99.7
강변,1850655113,12,42.7,359,1,99.72
잠실나루,5159105401,12,42.7,251,1,99.6
옥수,3851466435,12,42.7,215,1,99.53
충무로,3846576172,12,42.7,1502,1,99.93
약수,3846603560,12,42.7,839,1,99.88
교대,3355067052,12,42.7,895,1,99.89
오금,3278844051,12,42.7,992,1,99.9
한양대,8992783196,12,42.7,906,1,99.89
성수,2551966241,12,42.7,805,1,99.88
시청,3404904658,12,42.7,1074,1,99.91
을지로입구,436830313,12,42.7,1494,1,99.93
을지로4가,10296582868,12,42.7,1599,1,99.94
신당,414685846,12,42.7,1733,1,99.94
상왕십리,11127349744,12,42.7,1796,1,99.94
신촌,5937884691,12,42.7,2707,1,99.96
이대,9283138042,12,42.7,1934,1,99.95
아현,1936511359,12,42.7,1758,1,99.94
마곡나루,4019735070,12,42.7,568,1,99.82
당산,3216944261,12,42.7,692,1,99.86
문래,11455185928,12,42.7,1223,1,99.92
신도림,5344219251,12,42.7,229,1,99.56
구로디지털단지,4624772818,12,42.7,665,3,99.55
신대방,4624808762,12,42.7,578,1,99.83
신림,5404739367,12,42.7,1212,1,99.92
봉천,5404739628,12,42.7,1274,1,99.92
서울대입구,5406451695,12,42.7,959,1,99.9
낙성대,5406462591,12,42.7,618,1,99.84
방배,8471989456,12,42.7,421,1,99.76
서초,3221788784,12,42.7,652,1,99.85
역삼,2280678732,12,42.7,948,1,99.89
삼성,733859380,12,42.7,606,1,99.83
종합운동장,1430639131,12,42.7,362,1,99.72
잠실새내,2957013438,12,42.7,642,1,99.84
잠실,7877518993,12,42.7,415,1,99.76
양천구청,3380999909,12,42.7,471,1,99.79
신정네거리,9572122970,12,42.7,759,1,99.87
도림천,4630961655,12,42.7,567,1,99.82
경찰병원,1812000920,12,42.7,649,1,99.85
대청,2927282422,12,42.7,495,1,99.8
학여울,4643770712,12,42.7,520,1,99.81
대치,2281644495,12,42.7,618,1,99.84
매봉,5406359683,12,42.7,583,1,99.83
남부터미널,436864976,12,42.7,743,4,99.46
잠원,4634374794,12,42.7,513,1,99.81
신사,8489501829,12,42.7,1026,1,99.9
압구정,9891581229,12,42.7,1171,3,99.74
금호,4201516987,12,42.7,552,1,99.82
동대입구,436870722,12,42.7,1131,1,99.91
경복궁,6033544429,12,42.7,1196,1,99.92
독립문,13460710395,12,42.7,816,1,99.88
무악재,11296428367,12,42.7,455,1,99.78
홍제,436868050,12,42.7,855,1,99.88
녹번,436867704,12,42.7,786,1,99.87
구파발,8515726110,12,42.7,786,1,99.87
불암산,3841778897,12,42.7,478,1,99.79
쌍문,436836179,12,42.7,1106,2,99.82
수유,9813541694,12,42.7,1433,2,99.86
미아,9819314920,12,42.7,1362,1,99.93
미아사거리,5198597933,12,42.7,1334,1,99.93
길음,5210130825,12,42.7,921,1,99.89
혜화,2409390726,12,42.7,915,1,99.89
명동,7495868732,12,42.7,1420,1,99.93
회현,12920546288,12,42.7,1025,1,99.9
서울역,5348913449,12,42.7,990,2,99.8
숙대입구,2533148374,12,42.7,1017,1,99.9
신용산,10816047755,12,42.7,445,1,99.78
사당,11521991148,12,42.7,772,1,99.87
남태령,7621561344,12,42.7,140,1,99.29
마천,10277058704,12,42.7,1004,1,99.9
거여,4489986954,12,42.7,1107,1,99.91
개롱,12142687377,12,42.7,1146,1,99.91
방이,2310500979,12,42.7,840,1,99.88
올림픽공원,8493888383,12,42.7,637,1,99.84
둔촌동,4680325914,12,42.7,548,1,99.82
상일동,7106623354,12,42.7,484,1,99.79
고덕,5915757376,12,42.7,713,1,99.86
명일,10009228390,12,42.7,570,1,99.82
굽은다리,3851742835,12,42.7,725,1,99.86
길동,3856135009,12,42.7,792,1,99.87
강동,3856513978,12,42.7,814,4,99.51
광나루,11182352080,12,42.7,452,1,99.78
아차산,2123390941,12,42.7,612,1,99.84
장한평,10708070992,12,42.7,481,1,99.79
답십리,10708182321,12,42.7,295,1,99.66
마장,3832676328,12,42.7,1208,1,99.92
행당,3833113882,12,42.7,1241,1,99.92
신금호,3848968727,12,42.7,743,1,99.87
광화문,13971398420,12,42.7,1418,1,99.93
서대문,445343537,12,42.7,1362,1,99.93
애오개,13142535285,12,42.7,1849,1,99.95
공덕,9941864292,12,42.7,1998,1,99.95
마포,13227969612,12,42.7,1192,1,99.92
여의나루,355173356,12,42.7,598,1,99.83
여의도,4744225606,12,42.7,421,1,99.76
신길,4529530743,12,42.7,518,1,99.81
영등포시장,355173354,12,42.7,1102,1,99.91
영등포구청,5215341470,12,42.7,1148,1,99.91
양평,436860925,12,42.7,708,1,99.86
오목교,2808319707,12,42.7,1088,1,99.91
목동,13895049012,12,42.7,1061,1,99.91
신정,2848435510,12,42.7,787,7,99.11
까치산,1906282324,12,42.7,941,1,99.89
화곡,2289350750,12,42.7,1376,1,99.93
우장산,4706229292,12,42.7,1447,1,99.93
발산,1791473931,12,42.7,929,1,99.89
마곡,13800646917,12,42.7,593,1,99.83
송정,4602991606,12,42.7,677,1,99.85
개화산,9228947724,12,42.7,593,1,99.83
방화,2702609963,12,42.7,435,1,99.77
봉화산,436834232,12,42.7,477,1,99.79
화랑대,3842209686,12,42.7,904,1,99.89
석계,1795189949,12,42.7,982,1,99.9
돌곶이,3830773366,12,42.7,1397,7,99.5
상월곡,5219803722,12,42.7,1040,1,99.9
월곡,5406198806,12,42.7,1159,1,99.91
안암,7625622864,12,42.7,1804,1,99.94
창신,1943131791,12,42.7,758,1,99.87
청구,1936511423,12,42.7,1242,1,99.92
버티고개,3847632030,12,42.7,334,1,99.7
한강진,436868241,12,42.7,569,1,99.82
이태원,2470887090,12,42.7,754,1,99.87
녹사평,2384953064,12,42.7,1040,1,99.9
효창공원앞,4426288471,12,42.7,1133,1,99.91
대흥,9987526934,12,42.7,1983,1,99.95
광흥창,4101356295,12,42.7,1853,1,99.95
상수,414685238,12,42.7,1337,1,99.93
망원,445327391,12,42.7,1724,1,99.94
마포구청,5905951490,12,42.7,1038,1,99.9
월드컵경기장,798569457,12,42.7,500,1,99.8
증산,3823125035,12,42.7,1303,1,99.92
새절,3822999355,12,42.7,1828,1,99.95
구산,2292697262,12,42.7,1767,1,99.94
연신내,13357342120,12,42.7,1578,1,99.94
독바위,3824954278,12,42.7,914,1,99.89
역촌,10789220053,12,42.7,1917,1,99.95
어린이대공원,7939459503,12,42.7,860,1,99.88
군자,8743773046,12,42.7,1103,1,99.91
중곡,3840461137,12,42.7,932,1,99.89
용마산,10141309870,12,42.7,1285,1,99.92
사가정,436849774,12,42.7,1805,1,99.94
면목,436816024,12,42.7,1746,1,99.94
상봉,436718863,12,42.7,2078,1,99.95
중화,3819991417,12,42.7,1857,1,99.95
먹골,436538654,12,42.7,1117,1,99.91
태릉입구,13821634895,12,42.7,1354,1,99.93
공릉,13566284590,12,42.7,1151,1,99.91
하계,13566334119,12,42.7,554,1,99.82
중계,3835756882,12,42.7,440,1,99.77
노원,10598556476,12,42.7,697,1,99.86
마들,9410070134,12,42.7,1010,1,99.9
수락산,13566334197,12,42.7,619,1,99.84
가산디지털단지,436846908,12,42.7,460,2,99.57
남구로,2590252230,12,42.7,768,1,99.87
대림,2589375675,12,42.7,858,1,99.88
신풍,2108483850,12,42.7,848,1,99.88
보라매,2108483937,12,42.7,721,1,99.86
신대방삼거리,2108483943,12,42.7,901,1,99.89
장승배기,1830596637,12,42.7,854,1,99.88
상도,436821675,12,42.7,771,1,99.87
숭실대입구,11413637825,12,42.7,585,1,99.83
남성,4195693782,12,42.7,686,1,99.85
이수,13434371130,12,42.7,970,1,99.9
내방,2110270505,12,42.7,487,1,99.79
반포,9914441894,12,42.7,746,1,99.87
논현,2280678861,12,42.7,955,1,99.9
학동,2279487893,12,42.7,1030,1,99.9
청담,2279487921,12,42.7,785,1,99.87
자양,9040152140,12,42.7,636,1,99.84
용두,1939143883,12,42.7,1269,1,99.92
신답,2460188205,12,42.7,45,1,97.78
천왕,1784377384,12,42.7,338,1,99.7
장지,11202554992,12,42.7,983,1,99.9
문정,6832910091,12,42.7,581,1,99.83
송파,2280491847,12,42.7,553,1,99.82
석촌,2280491863,12,42.7,301,1,99.67
몽촌토성,2346858828,12,42.7,451,1,99.78
강동구청,436855505,12,42.7,904,1,99.89
암사,999136556,12,42.7,828,1,99.88
중앙보훈병원,4197252516,12,42.7,357,6,98.32
둔촌오륜,11229084218,12,42.7,377,1,99.73
한성백제,10009448574,12,42.7,394,1,99.75
송파나루,1809560163,12,42.7,485,1,99.79
석촌고분,10855673146,12,42.7,780,1,99.87
삼전,4186302819,12,42.7,613,1,99.84
대모산입구,4643770733,12,42.7,495,1,99.8
개포동,2032418657,12,42.7,428,1,99.77
구룡,436814317,12,42.7,225,2,99.11
한티,4784810914,12,42.7,616,1,99.84
압구정로데오,596509934,12,42.7,705,1,99.86
서울숲,9081846792,12,42.7,723,1,99.86
양재시민의숲,12872531616,12,42.7,667,1,99.85
청계산입구,11744211938,12,42.7,177,1,99.44
성신여대입구,5226829495,12,42.7,886,8,99.1
청량리,7749822746,12,42.7,1451,1,99.93
신내,9534964676,12,42.7,661,1,99.85
종로3가,7068953101,12,42.7,1739,1,99.94
신설동,13345643243,12,42.7,1380,1,99.93
성신여대입구,9816197077,12,42.7,862,1,99.88
이촌,13472471079,12,42.7,485,1,99.79
서울역,10216518963,12,42.7,550,1,99.82
수서,6004121530,12,42.7,224,1,99.55
건대입구,11303511536,12,42.7,1018,1,99.9
선정릉,596482732,12,42.7,765,1,99.87
선릉,860338496,12,42.7,762,24,96.85
도곡,3418782698,12,42.7,447,19,95.75
수서,12364278188,12,42.7,233,1,99.57
복정,11330600836,12,42.7,445,1,99.78
왕십리,9369050246,12,42.7,1530,1,99.93
왕십리,11127349780,12,42.7,1663,1,99.94
신설동,4173042514,12,42.7,1293,1,99.92
939정거장,8436624771,12,42.7,364,1,99.73
창동,4659124351,12,42.7,526,2,99.62
동작,3401123578,12,42.7,13,1,92.31
개화,9701881739,12,42.7,242,1,99.59
상봉,2470981971,12,42.7,1849,1,99.95
관악산,4373612914,12,42.7,549,1,99.82
서울대벤처타운,1835221096,12,42.7,879,1,99.89
신림,1844912791,12,42.7,1197,1,99.92
당곡,436858756,12,42.7,1055,1,99.91
보라매병원,436847189,12,42.7,817,20,97.55
보라매공원,7916896848,12,42.7,516,1,99.81
보라매,2819460436,12,42.7,703,1,99.86
서울지방병무청,11178013529,12,42.7,675,1,99.85
대방,11553007316,12,42.7,534,1,99.81
샛강,13506574406,12,42.7,361,1,99.72
샛강,13670786965,12,42.7,348,1,99.71
서울역,3390941198,12,42.7,980,1,99.9
디지털미디어시티,2605603657,12,42.7,383,1,99.74
디지털미디어시티,4652833827,12,42.7,469,1,99.79
노원,5706189891,12,42.7,776,1,99.87
양재,4865811281,12,42.7,893,1,99.89
강남,3087683154,12,42.7,1222,1,99.92
당산,10814323607,12,42.7,737,1,99.86
서울역,3391063393,12,42.7,1011,1,99.9
신길,4636791670,12,42.7,720,1,99.86
가산디지털단지,2108483903,12,42.7,492,1,99.8
상계,3401474874,12,42.7,689,1,99.85
선유도,2726710465,12,42.7,537,1,99.81
신목동,2812530406,12,42.7,405,1,99.75
염창,2289016390,12,42.7,683,1,99.85
등촌,2290015312,12,42.7,810,1,99.88
증미,3042643876,12,42.7,673,2,99.7
가양,2142681442,12,42.7,885,1,99.89
양천향교,414683333,12,42.7,635,1,99.84
신방화,10814323761,12,42.7,827,1,99.88
공항시장,4604019398,12,42.7,777,1,99.87
총신대입구(이수),4984575377,12,42.7,877,1,99.89
동묘앞,3830591800,12,42.7,1683,1,99.94
동대문,7195666618,12,42.7,1827,1,99.95
종로3가,4198116864,12,42.7,1363,1,99.93
종로3가,4197560774,12,42.7,1595,1,99.94
정릉,3828480980,12,42.7,700,1,99.86
솔샘,3841342870,12,42.7,826,1,99.88
삼양사거리,3841342963,12,42.7,1425,1,99.93
삼양,3840741768,12,42.7,1428,1,99.93
화계,436865378,12,42.7,1464,1,99.93
가오리,3840936112,12,42.7,1346,1,99.93
4.19민주묘지,3841077641,12,42.7,939,1,99.89
솔밭공원,3626451463,12,42.7,493,1,99.8
북한산우이,11824482197,12,42.7,274,1,99.64
시청,7677568503,12,42.7,1206,4,99.67
노량진,4627778176,12,42.7,411,1,99.76
김포공항,7981330101,12,42.7,553,1,99.82
김포공항,4874729815,12,42.7,614,1,99.84
옥수,8222891384,12,42.7,318,1,99.69
신도림,5119449050,12,42.7,331,1,99.7
수서,11563289590,12,42.7,234,26,88.89
연신내,10678122489,12,42.7,1643,1,99.94
뚝섬,8498978693,12,42.7,756,1,99.87
동대문역사문화공원,414685825,12,42.7,1759,1,99.94
동대문역사문화공원,1945254583,12,42.7,1864,1,99.95
종합운동장,13894950326,12,42.7,402,1,99.75
홍대입구,13227913200,12,42.7,2129,1,99.95
942정거장,436815896,12,42.7,625,1,99.84
한성대입구,5973684086,13,38.0,1088,1,99.91
제기동,9655918649,13,38.0,1288,1,99.92
신이문,3831106833,13,38.0,1042,1,99.9
회기,9776882774,13,38.0,1756,1,99.94
월계,3834716670,13,38.0,300,1,99.67
녹천,3834717475,13,38.0,227,1,99.56
광운대,436854528,13,38.0,396,1,99.75
창동,3834608837,13,38.0,424,1,99.76
방학,3846919916,13,38.0,688,1,99.85
오류동,8508812072,13,38.0,98,1,98.98
개봉,5442986444,13,38.0,390,1,99.74
구일,3210749463,13,38.0,272,1,99.63
일원,9454279402,13,38.0,208,1,99.52
양원,9534964626,13,38.0,911,1,99.89
한남,3852156874,13,38.0,249,1,99.6
수색,11944713936,13,38.0,364,1,99.73
940정거장,3011994542,13,38.0,315,1,99.68
중랑,10138603166,13,38.0,1617,1,99.94
망우,9760894592,13,38.0,1800,1,99.94
국회의사당,2932339394,13,38.0,587,1,99.83
노들,4627760504,13,38.0,448,1,99.78
신설동,13227969660,13,38.0,1231,1,99.92
용답,2460188229,13,38.0,807,1,99.88
신촌,13683819523,13,38.0,2215,1,99.95
수서,6299196105,13,38.0,236,1,99.58
충정로,3893042379,13,38.0,1387,1,99.93
서강대,5221755996,13,38.0,2111,1,99.95
종로5가,436883169,13,38.0,1678,1,99.94
고속터미널,9798531671,13,38.0,689,1,99.85
청량리,10121691848,13,38.0,1413,1,99.93
봉은사,595750357,13,38.0,602,1,99.83
언주,414684639,13,38.0,1033,1,99.9
삼성중앙,595750358,13,38.0,682,1,99.85
사평,13512489422,13,38.0,789,1,99.87
선정릉,2110338712,13,38.0,804,1,99.88
신논현,8376423650,13,38.0,1082,1,99.91
외대앞,3831105923,13,38.0,1212,1,99.92
구반포,11641428792,13,38.0,381,1,99.74
흑석,436881334,13,38.0,262,1,99.62
신반포,10918075302,13,38.0,556,1,99.82
온수,4987997944,13,38.0,269,1,99.63
왕십리,9083521281,13,38.0,1411,1,99.93
응봉,13780851569,13,38.0,76,1,98.68
도봉,7006105399,13,38.0,659,1,99.85
서빙고,12874837067,13,38.0,295,1,99.66
양재,11431861586,13,38.0,940,1,99.89
이촌,4172393733,13,38.0,454,1,99.78
복정,11330600853,13,38.0,392,1,99.74
독산,4095041979,13,38.0,268,1,99.63
신내,9810803930,13,38.0,662,1,99.85
금천구청,5308009219,13,38.0,605,1,99.83
암사역사공원,436817489,13,38.0,476,1,99.79
보문,436873184,13,38.0,1115,1,99.91
동작,7660036116,13,38.0,204,1,99.51
서울,10013086401,13,38.0,830,1,99.88
도곡,5403582157,13,38.0,462,1,99.78
김포공항,2353543144,13,38.0,522,1,99.81
동대문역사문화공원,8496801700,13,38.0,1850,1,99.95
구로,8918160546,13,38.0,533,1,99.81
북한산보국문,3841557294,13,38.0,582,1,99.83
안국,436867523,13,38.0,1297,1,99.92
강일,13093833784,13,38.0,347,1,99.71
천호,999136673,13,38.0,1051,1,99.9
서원,1835221331,13,38.0,1227,1,99.92
동대문,3830591792,13,38.0,1671,1,99.94
삼각지,5589627062,13,38.0,902,1,99.89
도봉산,5246596481,13,38.0,477,1,99.79
도봉산,5246596482,13,38.0,488,1,99.8
영등포,11459128410,13,38.0,783,1,99.87
노량진,3785111388,13,38.0,417,1,99.76
용산,10816124190,13,38.0,415,1,99.76
종각,11198015018,13,38.0,1508,1,99.93
건대입구,2613069963,13,38.0,1123,1,99.91
가좌,5756085341,13,38.0,950,1,99.89
남영,7836289839,13,38.0,867,1,99.88
대방,4617447369,13,38.0,306,1,99.67
응암,8735757178,13,38.0,2062,1,99.95
합정,5215341441,13,38.0,1477,1,99.93
동묘앞,4170064719,13,38.0,1658,1,99.94
고려대,5404768239,13,38.0,1585,1,99.94
홍대입구,11841458495,13,38.0,2240,1,99.96
디지털미디어시티,9891051186,13,38.0,182,1,99.45
선릉,2280678836,13,38.0,766,1,99.87
강남구청,2282830004,13,38.0,911,1,99.89
강남,7168335697,13,38.0,1287,1,99.92
가락시장,10939998666,13,38.0,266,1,99.62
을지로3가,7694743853,13,38.0,1932,1,99.95
불광,11228575654,13,38.0,1358,1,99.93
구의,3958847218,13,38.0,330,1,99.7
강변,1850655113,13,38.0,359,1,99.72
잠실나루,5159105401,13,38.0,251,1,99.6
옥수,3851466435,13,38.0,215,1,99.53
충무로,3846576172,13,38.0,1502,1,99.93
약수,3846603560,13,38.0,839,1,99.88
교대,3355067052,13,38.0,895,1,99.89
오금,3278844051,13,38.0,992,1,99.9
한양대,8992783196,13,38.0,906,1,99.89
성수,2551966241,13,38.0,805,1,99.88
시청,3404904658,13,38.0,1074,1,99.91
을지로입구,436830313,13,38.0,1494,1,99.93
을지로4가,10296582868,13,38.0,1599,1,99.94
신당,414685846,13,38.0,1733,1,99.94
상왕십리,11127349744,13,38.0,1796,1,99.94
신촌,5937884691,13,38.0,2707,1,99.96
이대,9283138042,13,38.0,1934,1,99.95
아현,1936511359,13,38.0,1758,1,99.94
마곡나루,4019735070,13,38.0,568,1,99.82
당산,3216944261,13,38.0,692,1,99.86
문래,11455185928,13,38.0,1223,1,99.92
신도림,5344219251,13,38.0,229,1,99.56
구로디지털단지,4624772818,13,38.0,665,1,99.85
신대방,4624808762,13,38.0,578,1,99.83
신림,5404739367,13,38.0,1212,1,99.92
봉천,5404739628,13,38.0,1274,1,99.92
서울대입구,5406451695,13,38.0,959,1,99.9
낙성대,5406462591,13,38.0,618,1,99.84
방배,8471989456,13,38.0,421,1,99.76
서초,3221788784,13,38.0,652,1,99.85
역삼,2280678732,13,38.0,948,1,99.89
삼성,733859380,13,38.0,606,1,99.83
종합운동장,1430639131,13,38.0,362,1,99.72
잠실새내,2957013438,13,38.0,642,1,99.84
잠실,7877518993,13,38.0,415,1,99.76
양천구청,3380999909,13,38.0,471,1,99.79
신정네거리,9572122970,13,38.0,759,1,99.87
도림천,4630961655,13,38.0,567,1,99.82
경찰병원,1812000920,13,38.0,649,1,99.85
대청,2927282422,13,38.0,495,1,99.8
학여울,4643770712,13,38.0,520,1,99.81
대치,2281644495,13,38.0,618,1,99.84
매봉,5406359683,13,38.0,583,1,99.83
남부터미널,436864976,13,38.0,743,1,99.87
잠원,4634374794,13,38.0,513,1,99.81
신사,8489501829,13,38.0,1026,1,99.9
압구정,9891581229,13,38.0,1171,1,99.91
금호,4201516987,13,38.0,552,1,99.82
동대입구,436870722,13,38.0,1131,1,99.91
경복궁,6033544429,13,38.0,1196,1,99.92
독립문,13460710395,13,38.0,816,1,99.88
무악재,11296428367,13,38.0,455,1,99.78
홍제,436868050,13,38.0,855,1,99.88
녹번,436867704,13,38.0,786,1,99.87
구파발,8515726110,13,38.0,786,1,99.87
불암산,3841778897,13,38.0,478,1,99.79
쌍문,436836179,13,38.0,1106,1,99.91
수유,9813541694,13,38.0,1433,1,99.93
미아,9819314920,13,38.0,1362,1,99.93
미아사거리,5198597933,13,38.0,1334,1,99.93
길음,5210130825,13,38.0,921,1,99.89
혜화,2409390726,13,38.0,915,1,99.89
명동,7495868732,13,38.0,1420,1,99.93
회현,12920546288,13,38.0,1025,1,99.9
서울역,5348913449,13,38.0,990,1,99.9
숙대입구,2533148374,13,38.0,1017,1,99.9
신용산,10816047755,13,38.0,445,1,99.78
사당,11521991148,13,38.0,772,1,99.87
남태령,7621561344,13,38.0,140,1,99.29
마천,10277058704,13,38.0,1004,1,99.9
거여,4489986954,13,38.0,1107,1,99.91
개롱,12142687377,13,38.0,1146,1,99.91
방이,2310500979,13,38.0,840,1,99.88
올림픽공원,8493888383,13,38.0,637,1,99.84
둔촌동,4680325914,13,38.0,548,1,99.82
상일동,7106623354,13,38.0,484,1,99.79
고덕,5915757376,13,38.0,713,1,99.86
명일,10009228390,13,38.0,570,1,99.82
굽은다리,3851742835,13,38.0,725,1,99.86
길동,3856135009,13,38.0,792,1,99.87
강동,3856513978,13,38.0,814,1,99.88
광나루,11182352080,13,38.0,452,1,99.78
아차산,2123390941,13,38.0,612,1,99.84
장한평,10708070992,13,38.0,481,1,99.79
답십리,10708182321,13,38.0,295,1,99.66
마장,3832676328,13,38.0,1208,1,99.92
행당,3833113882,13,38.0,1241,1,99.92
신금호,3848968727,13,38.0,743,1,99.87
광화문,13971398420,13,38.0,1418,1,99.93
서대문,445343537,13,38.0,1362,1,99.93
애오개,13142535285,13,38.0,1849,1,99.95
공덕,9941864292,13,38.0,1998,1,99.95
마포,13227969612,13,38.0,1192,1,99.92
여의나루,355173356,13,38.0,598,1,99.83
여의도,4744225606,13,38.0,421,1,99.76
신길,4529530743,13,38.0,518,1,99.81
영등포시장,355173354,13,38.0,1102,1,99.91
영등포구청,5215341470,13,38.0,1148,1,99.91
양평,436860925,13,38.0,708,1,99.86
오목교,2808319707,13,38.0,1088,1,99.91
목동,13895049012,13,38.0,1061,1,99.91
신정,2848435510,13,38.0,787,1,99.87
까치산,1906282324,13,38.0,941,1,99.89
화곡,2289350750,13,38.0,1376,1,99.93
우장산,4706229292,13,38.0,1447,1,99.93
발산,1791473931,13,38.0,929,1,99.89
마곡,13800646917,13,38.0,593,1,99.83
송정,4602991606,13,38.0,677,1,99.85
개화산,9228947724,13,38.0,593,1,99.83
방화,2702609963,13,38.0,435,1,99.77
봉화산,436834232,13,38.0,477,1,99.79
화랑대,3842209686,13,38.0,904,1,99.89
석계,1795189949,13,38.0,982,1,99.9
돌곶이,3830773366,13,38.0,1397,1,99.93
상월곡,5219803722,13,38.0,1040,1,99.9
월곡,5406198806,13,38.0,1159,1,99.91
안암,7625622864,13,38.0,1804,1,99.94
창신,1943131791,13,38.0,758,1,99.87
청구,1936511423,13,38.0,1242,1,99.92
버티고개,3847632030,13,38.0,334,1,99.7
한강진,436868241,13,38.0,569,1,99.82
이태원,2470887090,13,38.0,754,1,99.87
녹사평,2384953064,13,38.0,1040,1,99.9
효창공원앞,4426288471,13,38.0,1133,1,99.91
대흥,9987526934,13,38.0,1983,1,99.95
광흥창,4101356295,13,38.0,1853,1,99.95
상수,414685238,13,38.0,1337,1,99.93
망원,445327391,13,38.0,1724,1,99.94
마포구청,5905951490,13,38.0,1038,1,99.9
월드컵경기장,798569457,13,38.0,500,1,99.8
증산,3823125035,13,38.0,1303,1,99.92
새절,3822999355,13,38.0,1828,1,99.95
구산,2292697262,13,38.0,1767,1,99.94
연신내,13357342120,13,38.0,1578,1,99.94
독바위,3824954278,13,38.0,914,1,99.89
역촌,10789220053,13,38.0,1917,1,99.95
어린이대공원,7939459503,13,38.0,860,1,99.88
군자,8743773046,13,38.0,1103,1,99.91
중곡,3840461137,13,38.0,932,1,99.89
용마산,10141309870,13,38.0,1285,1,99.92
사가정,436849774,13,38.0,1805,1,99.94
면목,436816024,13,38.0,1746,1,99.94
상봉,436718863,13,38.0,2078,1,99.95
중화,3819991417,13,38.0,1857,1,99.95
먹골,436538654,13,38.0,1117,1,99.91
태릉입구,13821634895,13,38.0,1354,1,99.93
공릉,13566284590,13,38.0,1151,1,99.91
하계,13566334119,13,38.0,554,1,99.82
중계,3835756882,13,38.0,440,1,99.77
노원,10598556476,13,38.0,697,1,99.86
마들,9410070134,13,38.0,1010,1,99.9
수락산,13566334197,13,38.0,619,1,99.84
가산디지털단지,436846908,13,38.0,460,1,99.78
남구로,2590252230,13,38.0,768,1,99.87
대림,2589375675,13,38.0,858,1,99.88
신풍,2108483850,13,38.0,848,1,99.88
보라매,2108483937,13,38.0,721,1,99.86
신대방삼거리,2108483943,13,38.0,901,1,99.89
장승배기,1830596637,13,38.0,854,1,99.88
상도,436821675,13,38.0,771,1,99.87
숭실대입구,11413637825,13,38.0,585,1,99.83
남성,4195693782,13,38.0,686,1,99.85
이수,13434371130,13,38.0,970,1,99.9
내방,2110270505,13,38.0,487,1,99.79
반포,9914441894,13,38.0,746,1,99.87
논현,2280678861,13,38.0,955,1,99.9
학동,2279487893,13,38.0,1030,1,99.9
청담,2279487921,13,38.0,785,1,99.87
자양,9040152140,13,38.0,636,1,99.84
용두,1939143883,13,38.0,1269,1,99.92
신답,2460188205,13,38.0,45,1,97.78
천왕,1784377384,13,38.0,338,1,99.7
장지,11202554992,13,38.0,983,1,99.9
문정,6832910091,13,38.0,581,1,99.83
송파,2280491847,13,38.0,553,1,99.82
석촌,2280491863,13,38.0,301,1,99.67
몽촌토성,2346858828,13,38.0,451,1,99.78
강동구청,436855505,13,38.0,904,1,99.89
암사,999136556,13,38.0,828,1,99.88
중앙보훈병원,4197252516,13,38.0,357,1,99.72
둔촌오륜,11229084218,13,38.0,377,1,99.73
한성백제,10009448574,13,38.0,394,1,99.75
송파나루,1809560163,13,38.0,485,1,99.79
석촌고분,10855673146,13,38.0,780,1,99.87
삼전,4186302819,13,38.0,613,1,99.84
대모산입구,4643770733,13,38.0,495,1,99.8
개포동,2032418657,13,38.0,428,1,99.77
구룡,436814317,13,38.0,225,1,99.56
한티,4784810914,13,38.0,616,1,99.84
압구정로데오,596509934,13,38.0,705,1,99.86
서울숲,9081846792,13,38.0,723,1,99.86
양재시민의숲,12872531616,13,38.0,667,1,99.85
청계산입구,11744211938,13,38.0,177,1,99.44
성신여대입구,5226829495,13,38.0,886,1,99.89
청량리,7749822746,13,38.0,1451,1,99.93
신내,9534964676,13,38.0,661,1,99.85
종로3가,7068953101,13,38.0,1739,1,99.94
신설동,13345643243,13,38.0,1380,1,99.93
성신여대입구,9816197077,13,38.0,862,1,99.88
이촌,13472471079,13,38.0,485,1,99.79
서울역,10216518963,13,38.0,550,1,99.82
수서,6004121530,13,38.0,224,1,99.55
건대입구,11303511536,13,38.0,1018,1,99.9
선정릉,596482732,13,38.0,765,1,99.87
선릉,860338496,13,38.0,762,1,99.87
도곡,3418782698,13,38.0,447,1,99.78
수서,12364278188,13,38.0,233,1,99.57
복정,11330600836,13,38.0,445,1,99.78
왕십리,9369050246,13,38.0,1530,1,99.93
왕십리,11127349780,13,38.0,1663,1,99.94
신설동,4173042514,13,38.0,1293,1,99.92
939정거장,8436624771,13,38.0,364,1,99.73
창동,4659124351,13,38.0,526,1,99.81
동작,3401123578,13,38.0,13,1,92.31
개화,9701881739,13,38.0,242,1,99.59
상봉,2470981971,13,38.0,1849,1,99.95
관악산,4373612914,13,38.0,549,1,99.82
서울대벤처타운,1835221096,13,38.0,879,1,99.89
신림,1844912791,13,38.0,1197,1,99.92
당곡,436858756,13,38.0,1055,1,99.91
보라매병원,436847189,13,38.0,817,1,99.88
보라매공원,7916896848,13,38.0,516,1,99.81
보라매,2819460436,13,38.0,703,1,99.86
서울지방병무청,11178013529,13,38.0,675,1,99.85
대방,11553007316,13,38.0,534,1,99.81
샛강,13506574406,13,38.0,361,1,99.72
샛강,13670786965,13,38.0,348,1,99.71
서울역,3390941198,13,38.0,980,1,99.9
디지털미디어시티,2605603657,13,38.0,383,1,99.74
디지털미디어시티,4652833827,13,38.0,469,1,99.79
노원,5706189891,13,38.0,776,1,99.87
양재,4865811281,13,38.0,893,1,99.89
강남,3087683154,13,38.0,1222,1,99.92
당산,10814323607,13,38.0,737,1,99.86
서울역,3391063393,13,38.0,1011,1,99.9
신길,4636791670,13,38.0,720,1,99.86
가산디지털단지,2108483903,13,38.0,492,1,99.8
상계,3401474874,13,38.0,689,1,99.85
선유도,2726710465,13,38.0,537,1,99.81
신목동,2812530406,13,38.0,405,1,99.75
염창,2289016390,13,38.0,683,1,99.85
등촌,2290015312,13,38.0,810,1,99.88
증미,3042643876,13,38.0,673,1,99.85
가양,2142681442,13,38.0,885,1,99.89
양천향교,414683333,13,38.0,635,1,99.84
신방화,10814323761,13,38.0,827,1,99.88
공항시장,4604019398,13,38.0,777,1,99.87
총신대입구(이수),4984575377,13,38.0,877,1,99.89
동묘앞,3830591800,13,38.0,1683,1,99.94
동대문,7195666618,13,38.0,1827,1,99.95
종로3가,4198116864,13,38.0,1363,1,99.93
종로3가,4197560774,13,38.0,1595,1,99.94
정릉,3828480980,13,38.0,700,1,99.86
솔샘,3841342870,13,38.0,826,1,99.88
삼양사거리,3841342963,13,38.0,1425,1,99.93
삼양,3840741768,13,38.0,1428,1,99.93
화계,436865378,13,38.0,1464,1,99.93
가오리,3840936112,13,38.0,1346,1,99.93
4.19민주묘지,3841077641,13,38.0,939,1,99.89
솔밭공원,3626451463,13,38.0,493,1,99.8
북한산우이,11824482197,13,38.0,274,1,99.64
시청,7677568503,13,38.0,1206,1,99.92
노량진,4627778176,13,38.0,411,1,99.76
김포공항,7981330101,13,38.0,553,1,99.82
김포공항,4874729815,13,38.0,614,1,99.84
옥수,8222891384,13,38.0,318,1,99.69
신도림,5119449050,13,38.0,331,1,99.7
수서,11563289590,13,38.0,234,9,96.15
연신내,10678122489,13,38.0,1643,1,99.94
뚝섬,8498978693,13,38.0,756,1,99.87
동대문역사문화공원,414685825,13,38.0,1759,1,99.94
동대문역사문화공원,1945254583,13,38.0,1864,1,99.95
종합운동장,13894950326,13,38.0,402,1,99.75
홍대입구,13227913200,13,38.0,2129,1,99.95
942정거장,436815896,13,38.0,625,1,99.84
한성대입구,5973684086,13,42.7,1088,1,99.91
제기동,9655918649,13,42.7,1288,1,99.92
신이문,3831106833,13,42.7,1042,1,99.9
회기,9776882774,13,42.7,1756,1,99.94
월계,3834716670,13,42.7,300,1,99.67
녹천,3834717475,13,42.7,227,1,99.56
광운대,436854528,13,42.7,396,1,99.75
창동,3834608837,13,42.7,424,1,99.76
방학,3846919916,13,42.7,688,1,99.85
오류동,8508812072,13,42.7,98,1,98.98
개봉,5442986444,13,42.7,390,1,99.74
구일,3210749463,13,42.7,272,1,99.63
일원,9454279402,13,42.7,208,1,99.52
양원,9534964626,13,42.7,911,1,99.89
한남,3852156874,13,42.7,249,1,99.6
수색,11944713936,13,42.7,364,1,99.73
940정거장,3011994542,13,42.7,315,1,99.68
중랑,10138603166,13,42.7,1617,1,99.94
망우,9760894592,13,42.7,1800,1,99.94
국회의사당,2932339394,13,42.7,587,1,99.83
노들,4627760504,13,42.7,448,1,99.78
신설동,13227969660,13,42.7,1231,1,99.92
용답,2460188229,13,42.7,807,1,99.88
신촌,13683819523,13,42.7,2215,1,99.95
수서,6299196105,13,42.7,236,1,99.58
충정로,3893042379,13,42.7,1387,1,99.93
서강대,5221755996,13,42.7,2111,1,99.95
종로5가,436883169,13,42.7,1678,1,99.94
고속터미널,9798531671,13,42.7,689,2,99.71
청량리,10121691848,13,42.7,1413,1,99.93
봉은사,595750357,13,42.7,602,1,99.83
언주,414684639,13,42.7,1033,1,99.9
삼성중앙,595750358,13,42.7,682,1,99.85
사평,13512489422,13,42.7,789,1,99.87
선정릉,2110338712,13,42.7,804,1,99.88
신논현,8376423650,13,42.7,1082,1,99.91
외대앞,3831105923,13,42.7,1212,1,99.92
구반포,11641428792,13,42.7,381,1,99.74
흑석,436881334,13,42.7,262,1,99.62
신반포,10918075302,13,42.7,556,7,98.74
온수,4987997944,13,42.7,269,1,99.63
왕십리,9083521281,13,42.7,1411,1,99.93
응봉,13780851569,13,42.7,76,1,98.68
도봉,7006105399,13,42.7,659,1,99.85
서빙고,12874837067,13,42.7,295,1,99.66
양재,11431861586,13,42.7,940,1,99.89
이촌,4172393733,13,42.7,454,5,98.9
복정,11330600853,13,42.7,392,1,99.74
독산,4095041979,13,42.7,268,1,99.63
신내,9810803930,13,42.7,662,1,99.85
금천구청,5308009219,13,42.7,605,1,99.83
암사역사공원,436817489,13,42.7,476,1,99.79
보문,436873184,13,42.7,1115,1,99.91
동작,7660036116,13,42.7,204,1,99.51
서울,10013086401,13,42.7,830,1,99.88
도곡,5403582157,13,42.7,462,1,99.78
김포공항,2353543144,13,42.7,522,1,99.81
동대문역사문화공원,8496801700,13,42.7,1850,1,99.95
구로,8918160546,13,42.7,533,1,99.81
북한산보국문,3841557294,13,42.7,582,1,99.83
안국,436867523,13,42.7,1297,1,99.92
강일,13093833784,13,42.7,347,1,99.71
천호,999136673,13,42.7,1051,1,99.9
서원,1835221331,13,42.7,1227,1,99.92
동대문,3830591792,13,42.7,1671,1,99.94
삼각지,5589627062,13,42.7,902,1,99.89
도봉산,5246596481,13,42.7,477,1,99.79
도봉산,5246596482,13,42.7,488,1,99.8
영등포,11459128410,13,42.7,783,1,99.87
노량진,3785111388,13,42.7,417,1,99.76
용산,10816124190,13,42.7,415,1,99.76
종각,11198015018,13,42.7,1508,1,99.93
건대입구,2613069963,13,42.7,1123,1,99.91
가좌,5756085341,13,42.7,950,1,99.89
남영,7836289839,13,42.7,867,1,99.88
대방,4617447369,13,42.7,306,1,99.67
응암,8735757178,13,42.7,2062,1,99.95
합정,5215341441,13,42.7,1477,1,99.93
동묘앞,4170064719,13,42.7,1658,1,99.94
고려대,5404768239,13,42.7,1585,1,99.94
홍대입구,11841458495,13,42.7,2240,9,99.6
디지털미디어시티,9891051186,13,42.7,182,1,99.45
선릉,2280678836,13,42.7,766,11,98.56
강남구청,2282830004,13,42.7,911,1,99.89
강남,7168335697,13,42.7,1287,1,99.92
가락시장,10939998666,13,42.7,266,1,99.62
을지로3가,7694743853,13,42.7,1932,1,99.95
불광,11228575654,13,42.7,1358,1,99.93
구의,3958847218,13,42.7,330,1,99.7
강변,1850655113,13,42.7,359,1,99.72
잠실나루,5159105401,13,42.7,251,1,99.6
옥수,3851466435,13,42.7,215,1,99.53
충무로,3846576172,13,42.7,1502,1,99.93
약수,3846603560,13,42.7,839,1,99.88
교대,3355067052,13,42.7,895,1,99.89
오금,3278844051,13,42.7,992,1,99.9
한양대,8992783196,13,42.7,906,1,99.89
성수,2551966241,13,42.7,805,1,99.88
시청,3404904658,13,42.7,1074,1,99.91
을지로입구,436830313,13,42.7,1494,1,99.93
을지로4가,10296582868,13,42.7,1599,1,99.94
신당,414685846,13,42.7,1733,1,99.94
상왕십리,11127349744,13,42.7,1796,1,99.94
신촌,5937884691,13,42.7,2707,1,99.96
이대,9283138042,13,42.7,1934,1,99.95
아현,1936511359,13,42.7,1758,1,99.94
마곡나루,4019735070,13,42.7,568,1,99.82
당산,3216944261,13,42.7,692,1,99.86
문래,11455185928,13,42.7,1223,1,99.92
신도림,5344219251,13,42.7,229,1,99.56
구로디지털단지,4624772818,13,42.7,665,1,99.85
신대방,4624808762,13,42.7,578,1,99.83
신림,5404739367,13,42.7,1212,1,99.92
봉천,5404739628,13,42.7,1274,1,99.92
서울대입구,5406451695,13,42.7,959,1,99.9
낙성대,5406462591,13,42.7,618,1,99.84
방배,8471989456,13,42.7,421,1,99.76
서초,3221788784,13,42.7,652,1,99.85
역삼,2280678732,13,42.7,948,1,99.89
삼성,733859380,13,42.7,606,1,99.83
종합운동장,1430639131,13,42.7,362,1,99.72
잠실새내,2957013438,13,42.7,642,1,99.84
잠실,7877518993,13,42.7,415,1,99.76
양천구청,3380999909,13,42.7,471,1,99.79
신정네거리,9572122970,13,42.7,759,1,99.87
도림천,4630961655,13,42.7,567,1,99.82
경찰병원,1812000920,13,42.7,649,1,99.85
대청,2927282422,13,42.7,495,1,99.8
학여울,4643770712,13,42.7,520,1,99.81
대치,2281644495,13,42.7,618,1,99.84
매봉,5406359683,13,42.7,583,1,99.83
남부터미널,436864976,13,42.7,743,1,99.87
잠원,4634374794,13,42.7,513,1,99.81
신사,8489501829,13,42.7,1026,1,99.9
압구정,9891581229,13,42.7,1171,1,99.91
금호,4201516987,13,42.7,552,1,99.82
동대입구,436870722,13,42.7,1131,1,99.91
경복궁,6033544429,13,42.7,1196,1,99.92
독립문,13460710395,13,42.7,816,1,99.88
무악재,11296428367,13,42.7,455,1,99.78
홍제,436868050,13,42.7,855,1,99.88
녹번,436867704,13,42.7,786,1,99.87
구파발,8515726110,13,42.7,786,1,99.87
불암산,3841778897,13,42.7,478,1,99.79
쌍문,436836179,13,42.7,1106,1,99.91
수유,9813541694,13,42.7,1433,1,99.93
미아,9819314920,13,42.7,1362,1,99.93
미아사거리,5198597933,13,42.7,1334,1,99.93
길음,5210130825,13,42.7,921,1,99.89
혜화,2409390726,13,42.7,915,1,99.89
명동,7495868732,13,42.7,1420,1,99.93
회현,12920546288,13,42.7,1025,1,99.9
서울역,5348913449,13,42.7,990,1,99.9
숙대입구,2533148374,13,42.7,1017,1,99.9
신용산,10816047755,13,42.7,445,1,99.78
사당,11521991148,13,42.7,772,1,99.87
남태령,7621561344,13,42.7,140,1,99.29
마천,10277058704,13,42.7,1004,1,99.9
거여,4489986954,13,42.7,1107,1,99.91
개롱,12142687377,13,42.7,1146,1,99.91
방이,2310500979,13,42.7,840,1,99.88
올림픽공원,8493888383,13,42.7,637,1,99.84
둔촌동,4680325914,13,42.7,548,1,99.82
상일동,7106623354,13,42.7,484,1,99.79
고덕,5915757376,13,42.7,713,1,99.86
명일,10009228390,13,42.7,570,1,99.82
굽은다리,3851742835,13,42.7,725,1,99.86
길동,3856135009,13,42.7,792,1,99.87
강동,3856513978,13,42.7,814,1,99.88
광나루,11182352080,13,42.7,452,1,99.78
아차산,2123390941,13,42.7,612,1,99.84
장한평,10708070992,13,42.7,481,1,99.79
답십리,10708182321,13,42.7,295,1,99.66
마장,3832676328,13,42.7,1208,1,99.92
행당,3833113882,13,42.7,1241,1,99.92
신금호,3848968727,13,42.7,743,1,99.87
광화문,13971398420,13,42.7,1418,1,99.93
서대문,445343537,13,42.7,1362,1,99.93
애오개,13142535285,13,42.7,1849,1,99.95
공덕,9941864292,13,42.7,1998,1,99.95
마포,13227969612,13,42.7,1192,1,99.92
여의나루,355173356,13,42.7,598,1,99.83
여의도,4744225606,13,42.7,421,1,99.76
신길,4529530743,13,42.7,518,1,99.81
영등포시장,355173354,13,42.7,1102,1,99.91
영등포구청,5215341470,13,42.7,1148,1,99.91
양평,436860925,13,42.7,708,1,99.86
오목교,2808319707,13,42.7,1088,1,99.91
목동,13895049012,13,42.7,1061,1,99.91
신정,2848435510,13,42.7,787,1,99.87
까치산,1906282324,13,42.7,941,1,99.89
화곡,2289350750,13,42.7,1376,1,99.93
우장산,4706229292,13,42.7,1447,1,99.93
발산,1791473931,13,42.7,929,1,99.89
마곡,13800646917,13,42.7,593,1,99.83
송정,4602991606,13,42.7,677,1,99.85
개화산,9228947724,13,42.7,593,1,99.83
방화,2702609963,13,42.7,435,1,99.77
봉화산,436834232,13,42.7,477,1,99.79
화랑대,3842209686,13,42.7,904,1,99.89
석계,1795189949,13,42.7,982,1,99.9
돌곶이,3830773366,13,42.7,1397,1,99.93
상월곡,5219803722,13,42.7,1040,1,99.9
월곡,5406198806,13,42.7,1159,1,99.91
안암,7625622864,13,42.7,1804,1,99.94
창신,1943131791,13,42.7,758,1,99.87
청구,1936511423,13,42.7,1242,1,99.92
버티고개,3847632030,13,42.7,334,1,99.7
한강진,436868241,13,42.7,569,1,99.82
이태원,2470887090,13,42.7,754,1,99.87
녹사평,2384953064,13,42.7,1040,1,99.9
효창공원앞,4426288471,13,42.7,1133,1,99.91
대흥,9987526934,13,42.7,1983,1,99.95
광흥창,4101356295,13,42.7,1853,1,99.95
상수,414685238,13,42.7,1337,1,99.93
망원,445327391,13,42.7,1724,1,99.94
마포구청,5905951490,13,42.7,1038,1,99.9
월드컵경기장,798569457,13,42.7,500,1,99.8
증산,3823125035,13,42.7,1303,1,99.92
새절,3822999355,13,42.7,1828,1,99.95
구산,2292697262,13,42.7,1767,1,99.94
연신내,13357342120,13,42.7,1578,1,99.94
독바위,3824954278,13,42.7,914,1,99.89
역촌,10789220053,13,42.7,1917,1,99.95
어린이대공원,7939459503,13,42.7,860,1,99.88
군자,8743773046,13,42.7,1103,1,99.91
중곡,3840461137,13,42.7,932,1,99.89
용마산,10141309870,13,42.7,1285,1,99.92
사가정,436849774,13,42.7,1805,1,99.94
면목,436816024,13,42.7,1746,1,99.94
상봉,436718863,13,42.7,2078,1,99.95
중화,3819991417,13,42.7,1857,1,99.95
먹골,436538654,13,42.7,1117,1,99.91
태릉입구,13821634895,13,42.7,1354,1,99.93
공릉,13566284590,13,42.7,1151,1,99.91
하계,13566334119,13,42.7,554,1,99.82
중계,3835756882,13,42.7,440,1,99.77
노원,10598556476,13,42.7,697,1,99.86
마들,9410070134,13,42.7,1010,1,99.9
수락산,13566334197,13,42.7,619,1,99.84
가산디지털단지,436846908,13,42.7,460,2,99.57
남구로,2590252230,13,42.7,768,1,99.87
대림,2589375675,13,42.7,858,1,99.88
신풍,2108483850,13,42.7,848,1,99.88
보라매,2108483937,13,42.7,721,1,99.86
신대방삼거리,2108483943,13,42.7,901,1,99.89
장승배기,1830596637,13,42.7,854,1,99.88
상도,436821675,13,42.7,771,1,99.87
숭실대입구,11413637825,13,42.7,585,1,99.83
남성,4195693782,13,42.7,686,1,99.85
이수,13434371130,13,42.7,970,1,99.9
내방,2110270505,13,42.7,487,1,99.79
반포,9914441894,13,42.7,746,1,99.87
논현,2280678861,13,42.7,955,1,99.9
학동,2279487893,13,42.7,1030,1,99.9
청담,2279487921,13,42.7,785,1,99.87
자양,9040152140,13,42.7,636,1,99.84
용두,1939143883,13,42.7,1269,1,99.92
신답,2460188205,13,42.7,45,1,97.78
천왕,1784377384,13,42.7,338,1,99.7
장지,11202554992,13,42.7,983,1,99.9
문정,6832910091,13,42.7,581,1,99.83
송파,2280491847,13,42.7,553,1,99.82
석촌,2280491863,13,42.7,301,1,99.67
몽촌토성,2346858828,13,42.7,451,1,99.78
강동구청,436855505,13,42.7,904,1,99.89
암사,999136556,13,42.7,828,1,99.88
중앙보훈병원,4197252516,13,42.7,357,6,98.32
둔촌오륜,11229084218,13,42.7,377,1,99.73
한성백제,10009448574,13,42.7,394,1,99.75
송파나루,1809560163,13,42.7,485,1,99.79
석촌고분,10855673146,13,42.7,780,1,99.87
삼전,4186302819,13,42.7,613,1,99.84
대모산입구,4643770733,13,42.7,495,1,99.8
개포동,2032418657,13,42.7,428,1,99.77
구룡,436814317,13,42.7,225,2,99.11
한티,4784810914,13,42.7,616,1,99.84
압구정로데오,596509934,13,42.7,705,1,99.86
서울숲,9081846792,13,42.7,723,1,99.86
양재시민의숲,12872531616,13,42.7,667,1,99.85
청계산입구,11744211938,13,42.7,177,1,99.44
성신여대입구,5226829495,13,42.7,886,1,99.89
청량리,7749822746,13,42.7,1451,1,99.93
신내,9534964676,13,42.7,661,1,99.85
종로3가,7068953101,13,42.7,1739,1,99.94
신설동,13345643243,13,42.7,1380,1,99.93
성신여대입구,9816197077,13,42.7,862,1,99.88
이촌,13472471079,13,42.7,485,1,99.79
서울역,10216518963,13,42.7,550,1,99.82
수서,6004121530,13,42.7,224,1,99.55
건대입구,11303511536,13,42.7,1018,1,99.9
선정릉,596482732,13,42.7,765,1,99.87
선릉,860338496,13,42.7,762,1,99.87
도곡,3418782698,13,42.7,447,3,99.33
수서,12364278188,13,42.7,233,1,99.57
복정,11330600836,13,42.7,445,1,99.78
왕십리,9369050246,13,42.7,1530,1,99.93
왕십리,11127349780,13,42.7,1663,1,99.94
신설동,4173042514,13,42.7,1293,1,99.92
939정거장,8436624771,13,42.7,364,1,99.73
창동,4659124351,13,42.7,526,1,99.81
동작,3401123578,13,42.7,13,1,92.31
개화,9701881739,13,42.7,242,1,99.59
상봉,2470981971,13,42.7,1849,1,99.95
관악산,4373612914,13,42.7,549,1,99.82
서울대벤처타운,1835221096,13,42.7,879,1,99.89
신림,1844912791,13,42.7,1197,1,99.92
당곡,436858756,13,42.7,1055,1,99.91
보라매병원,436847189,13,42.7,817,13,98.41
보라매공원,7916896848,13,42.7,516,1,99.81
보라매,2819460436,13,42.7,703,1,99.86
서울지방병무청,11178013529,13,42.7,675,1,99.85
대방,11553007316,13,42.7,534,1,99.81
샛강,13506574406,13,42.7,361,1,99.72
샛강,13670786965,13,42.7,348,1,99.71
서울역,3390941198,13,42.7,980,1,99.9
디지털미디어시티,2605603657,13,42.7,383,1,99.74
디지털미디어시티,4652833827,13,42.7,469,1,99.79
노원,5706189891,13,42.7,776,1,99.87
양재,4865811281,13,42.7,893,1,99.89
강남,3087683154,13,42.7,1222,1,99.92
당산,10814323607,13,42.7,737,1,99.86
서울역,3391063393,13,42.7,1011,1,99.9
신길,4636791670,13,42.7,720,1,99.86
가산디지털단지,2108483903,13,42.7,492,1,99.8
상계,3401474874,13,42.7,689,1,99.85
선유도,2726710465,13,42.7,537,1,99.81
신목동,2812530406,13,42.7,405,1,99.75
염창,2289016390,13,42.7,683,1,99.85
등촌,2290015312,13,42.7,810,1,99.88
증미,3042643876,13,42.7,673,1,99.85
가양,2142681442,13,42.7,885,1,99.89
양천향교,414683333,13,42.7,635,1,99.84
신방화,10814323761,13,42.7,827,1,99.88
공항시장,4604019398,13,42.7,777,1,99.87
총신대입구(이수),4984575377,13,42.7,877,1,99.89
동묘앞,3830591800,13,42.7,1683,1,99.94
동대문,7195666618,13,42.7,1827,1,99.95
종로3가,4198116864,13,42.7,1363,1,99.93
종로3가,4197560774,13,42.7,1595,1,99.94
정릉,3828480980,13,42.7,700,1,99.86
솔샘,3841342870,13,42.7,826,1,99.88
삼양사거리,3841342963,13,42.7,1425,1,99.93
삼양,3840741768,13,42.7,1428,1,99.93
화계,436865378,13,42.7,1464,1,99.93
가오리,3840936112,13,42.7,1346,1,99.93
4.19민주묘지,3841077641,13,42.7,939,1,99.89
솔밭공원,3626451463,13,42.7,493,1,99.8
북한산우이,11824482197,13,42.7,274,1,99.64
시청,7677568503,13,42.7,1206,1,99.92
노량진,4627778176,13,42.7,411,1,99.76
김포공항,7981330101,13,42.7,553,1,99.82
김포공항,4874729815,13,42.7,614,1,99.84
옥수,8222891384,13,42.7,318,1,99.69
신도림,5119449050,13,42.7,331,1,99.7
수서,11563289590,13,42.7,234,24,89.74
연신내,10678122489,13,42.7,1643,1,99.94
뚝섬,8498978693,13,42.7,756,1,99.87
동대문역사문화공원,414685825,13,42.7,1759,1,99.94
동대문역사문화공원,1945254583,13,42.7,1864,1,99.95
종합운동장,13894950326,13,42.7,402,1,99.75
홍대입구,13227913200,13,42.7,2129,1,99.95
942정거장,436815896,13,42.7,625,1,99.84
한성대입구,5973684086,14,38.0,1088,1,99.91
제기동,9655918649,14,38.0,1288,1,99.92
신이문,3831106833,14,38.0,1042,1,99.9
회기,9776882774,14,38.0,1756,1,99.94
월계,3834716670,14,38.0,300,1,99.67
녹천,3834717475,14,38.0,227,1,99.56
광운대,436854528,14,38.0,396,1,99.75
창동,3834608837,14,38.0,424,1,99.76
방학,3846919916,14,38.0,688,1,99.85
오류동,8508812072,14,38.0,98,1,98.98
개봉,5442986444,14,38.0,390,1,99.74
구일,3210749463,14,38.0,272,1,99.63
일원,9454279402,14,38.0,208,1,99.52
양원,9534964626,14,38.0,911,1,99.89
한남,3852156874,14,38.0,249,1,99.6
수색,11944713936,14,38.0,364,1,99.73
940정거장,3011994542,14,38.0,315,1,99.68
중랑,10138603166,14,38.0,1617,1,99.94
망우,9760894592,14,38.0,1800,1,99.94
국회의사당,2932339394,14,38.0,587,1,99.83
노들,4627760504,14,38.0,448,1,99.78
신설동,13227969660,14,38.0,1231,1,99.92
용답,2460188229,14,38.0,807,1,99.88
신촌,13683819523,14,38.0,2215,1,99.95
수서,6299196105,14,38.0,236,1,99.58
충정로,3893042379,14,38.0,1387,1,99.93
서강대,5221755996,14,38.0,2111,1,99.95
종로5가,436883169,14,38.0,1678,1,99.94
고속터미널,9798531671,14,38.0,689,1,99.85
청량리,10121691848,14,38.0,1413,1,99.93
봉은사,595750357,14,38.0,602,1,99.83
언주,414684639,14,38.0,1033,1,99.9
삼성중앙,595750358,14,38.0,682,1,99.85
사평,13512489422,14,38.0,789,1,99.87
선정릉,2110338712,14,38.0,804,1,99.88
신논현,8376423650,14,38.0,1082,1,99.91
외대앞,3831105923,14,38.0,1212,1,99.92
구반포,11641428792,14,38.0,381,1,99.74
흑석,436881334,14,38.0,262,1,99.62
신반포,10918075302,14,38.0,556,1,99.82
온수,4987997944,14,38.0,269,1,99.63
왕십리,9083521281,14,38.0,1411,1,99.93
응봉,13780851569,14,38.0,76,1,98.68
도봉,7006105399,14,38.0,659,1,99.85
서빙고,12874837067,14,38.0,295,1,99.66
양재,11431861586,14,38.0,940,1,99.89
이촌,4172393733,14,38.0,454,1,99.78
복정,11330600853,14,38.0,392,1,99.74
독산,4095041979,14,38.0,268,1,99.63
신내,9810803930,14,38.0,662,1,99.85
금천구청,5308009219,14,38.0,605,1,99.83
암사역사공원,436817489,14,38.0,476,1,99.79
보문,436873184,14,38.0,1115,1,99.91
동작,7660036116,14,38.0,204,1,99.51
서울,10013086401,14,38.0,830,1,99.88
도곡,5403582157,14,38.0,462,1,99.78
김포공항,2353543144,14,38.0,522,1,99.81
동대문역사문화공원,8496801700,14,38.0,1850,1,99.95
구로,8918160546,14,38.0,533,1,99.81
북한산보국문,3841557294,14,38.0,582,1,99.83
안국,436867523,14,38.0,1297,1,99.92
강일,13093833784,14,38.0,347,1,99.71
천호,999136673,14,38.0,1051,1,99.9
서원,1835221331,14,38.0,1227,1,99.92
동대문,3830591792,14,38.0,1671,1,99.94
삼각지,5589627062,14,38.0,902,1,99.89
도봉산,5246596481,14,38.0,477,1,99.79
도봉산,5246596482,14,38.0,488,1,99.8
영등포,11459128410,14,38.0,783,1,99.87
노량진,3785111388,14,38.0,417,1,99.76
용산,10816124190,14,38.0,415,1,99.76
종각,11198015018,14,38.0,1508,1,99.93
건대입구,2613069963,14,38.0,1123,1,99.91
가좌,5756085341,14,38.0,950,1,99.89
남영,7836289839,14,38.0,867,1,99.88
대방,4617447369,14,38.0,306,1,99.67
응암,8735757178,14,38.0,2062,1,99.95
합정,5215341441,14,38.0,1477,1,99.93
동묘앞,4170064719,14,38.0,1658,1,99.94
고려대,5404768239,14,38.0,1585,1,99.94
홍대입구,11841458495,14,38.0,2240,1,99.96
디지털미디어시티,9891051186,14,38.0,182,1,99.45
선릉,2280678836,14,38.0,766,1,99.87
강남구청,2282830004,14,38.0,911,1,99.89
강남,7168335697,14,38.0,1287,1,99.92
가락시장,10939998666,14,38.0,266,1,99.62
을지로3가,7694743853,14,38.0,1932,1,99.95
불광,11228575654,14,38.0,1358,1,99.93
구의,3958847218,14,38.0,330,1,99.7
강변,1850655113,14,38.0,359,1,99.72
잠실나루,5159105401,14,38.0,251,1,99.6
옥수,3851466435,14,38.0,215,1,99.53
충무로,3846576172,14,38.0,1502,1,99.93
약수,3846603560,14,38.0,839,1,99.88
교대,3355067052,14,38.0,895,1,99.89
오금,3278844051,14,38.0,992,1,99.9
한양대,8992783196,14,38.0,906,1,99.89
성수,2551966241,14,38.0,805,1,99.88
시청,3404904658,14,38.0,1074,1,99.91
을지로입구,436830313,14,38.0,1494,1,99.93
을지로4가,10296582868,14,38.0,1599,1,99.94
신당,414685846,14,38.0,1733,1,99.94
상왕십리,11127349744,14,38.0,1796,1,99.94
신촌,5937884691,14,38.0,2707,1,99.96
이대,9283138042,14,38.0,1934,1,99.95
아현,1936511359,14,38.0,1758,1,99.94
마곡나루,4019735070,14,38.0,568,1,99.82
당산,3216944261,14,38.0,692,1,99.86
문래,11455185928,14,38.0,1223,1,99.92
신도림,5344219251,14,38.0,229,1,99.56
구로디지털단지,4624772818,14,38.0,665,1,99.85
신대방,4624808762,14,38.0,578,1,99.83
신림,5404739367,14,38.0,1212,1,99.92
봉천,5404739628,14,38.0,1274,1,99.92
서울대입구,5406451695,14,38.0,959,1,99.9
낙성대,5406462591,14,38.0,618,1,99.84
방배,8471989456,14,38.0,421,1,99.76
서초,3221788784,14,38.0,652,1,99.85
역삼,2280678732,14,38.0,948,1,99.89
삼성,733859380,14,38.0,606,1,99.83
종합운동장,1430639131,14,38.0,362,1,99.72
잠실새내,2957013438,14,38.0,642,1,99.84
잠실,7877518993,14,38.0,415,1,99.76
양천구청,3380999909,14,38.0,471,1,99.79
신정네거리,9572122970,14,38.0,759,1,99.87
도림천,4630961655,14,38.0,567,1,99.82
경찰병원,1812000920,14,38.0,649,1,99.85
대청,2927282422,14,38.0,495,1,99.8
학여울,4643770712,14,38.0,520,1,99.81
대치,2281644495,14,38.0,618,1,99.84
매봉,5406359683,14,38.0,583,1,99.83
남부터미널,436864976,14,38.0,743,1,99.87
잠원,4634374794,14,38.0,513,1,99.81
신사,8489501829,14,38.0,1026,1,99.9
압구정,9891581229,14,38.0,1171,1,99.91
금호,4201516987,14,38.0,552,1,99.82
동대입구,436870722,14,38.0,1131,1,99.91
경복궁,6033544429,14,38.0,1196,1,99.92
독립문,13460710395,14,38.0,816,1,99.88
무악재,11296428367,14,38.0,455,1,99.78
홍제,436868050,14,38.0,855,1,99.88
녹번,436867704,14,38.0,786,1,99.87
구파발,8515726110,14,38.0,786,1,99.87
불암산,3841778897,14,38.0,478,1,99.79
쌍문,436836179,14,38.0,1106,1,99.91
수유,9813541694,14,38.0,1433,1,99.93
미아,9819314920,14,38.0,1362,1,99.93
미아사거리,5198597933,14,38.0,1334,1,99.93
길음,5210130825,14,38.0,921,1,99.89
혜화,2409390726,14,38.0,915,1,99.89
명동,7495868732,14,38.0,1420,1,99.93
회현,12920546288,14,38.0,1025,1,99.9
서울역,5348913449,14,38.0,990,1,99.9
숙대입구,2533148374,14,38.0,1017,1,99.9
신용산,10816047755,14,38.0,445,1,99.78
사당,11521991148,14,38.0,772,1,99.87
남태령,7621561344,14,38.0,140,1,99.29
마천,10277058704,14,38.0,1004,1,99.9
거여,4489986954,14,38.0,1107,1,99.91
개롱,12142687377,14,38.0,1146,1,99.91
방이,2310500979,14,38.0,840,1,99.88
올림픽공원,8493888383,14,38.0,637,1,99.84
둔촌동,4680325914,14,38.0,548,1,99.82
상일동,7106623354,14,38.0,484,1,99.79
고덕,5915757376,14,38.0,713,1,99.86
명일,10009228390,14,38.0,570,1,99.82
굽은다리,3851742835,14,38.0,725,1,99.86
길동,3856135009,14,38.0,792,1,99.87
강동,3856513978,14,38.0,814,1,99.88
광나루,11182352080,14,38.0,452,1,99.78
아차산,2123390941,14,38.0,612,1,99.84
장한평,10708070992,14,38.0,481,1,99.79
답십리,10708182321,14,38.0,295,1,99.66
마장,3832676328,14,38.0,1208,1,99.92
행당,3833113882,14,38.0,1241,1,99.92
신금호,3848968727,14,38.0,743,1,99.87
광화문,13971398420,14,38.0,1418,1,99.93
서대문,445343537,14,38.0,1362,1,99.93
애오개,13142535285,14,38.0,1849,1,99.95
공덕,9941864292,14,38.0,1998,1,99.95
마포,13227969612,14,38.0,1192,1,99.92
여의나루,355173356,14,38.0,598,1,99.83
여의도,4744225606,14,38.0,421,1,99.76
신길,4529530743,14,38.0,518,1,99.81
영등포시장,355173354,14,38.0,1102,1,99.91
영등포구청,5215341470,14,38.0,1148,1,99.91
양평,436860925,14,38.0,708,1,99.86
오목교,2808319707,14,38.0,1088,1,99.91
목동,13895049012,14,38.0,1061,1,99.91
신정,2848435510,14,38.0,787,1,99.87
까치산,1906282324,14,38.0,941,1,99.89
화곡,2289350750,14,38.0,1376,1,99.93
우장산,4706229292,14,38.0,1447,1,99.93
발산,1791473931,14,38.0,929,1,99.89
마곡,13800646917,14,38.0,593,1,99.83
송정,4602991606,14,38.0,677,1,99.85
개화산,9228947724,14,38.0,593,1,99.83
방화,2702609963,14,38.0,435,1,99.77
봉화산,436834232,14,38.0,477,1,99.79
화랑대,3842209686,14,38.0,904,1,99.89
석계,1795189949,14,38.0,982,1,99.9
돌곶이,3830773366,14,38.0,1397,1,99.93
상월곡,5219803722,14,38.0,1040,1,99.9
월곡,5406198806,14,38.0,1159,1,99.91
안암,7625622864,14,38.0,1804,1,99.94
창신,1943131791,14,38.0,758,1,99.87
청구,1936511423,14,38.0,1242,1,99.92
버티고개,3847632030,14,38.0,334,1,99.7
한강진,436868241,14,38.0,569,1,99.82
이태원,2470887090,14,38.0,754,1,99.87
녹사평,2384953064,14,38.0,1040,1,99.9
효창공원앞,4426288471,14,38.0,1133,1,99.91
대흥,9987526934,14,38.0,1983,1,99.95
광흥창,4101356295,14,38.0,1853,1,99.95
상수,414685238,14,38.0,1337,1,99.93
망원,445327391,14,38.0,1724,1,99.94
마포구청,5905951490,14,38.0,1038,1,99.9
월드컵경기장,798569457,14,38.0,500,1,99.8
증산,3823125035,14,38.0,1303,1,99.92
새절,3822999355,14,38.0,1828,1,99.95
구산,2292697262,14,38.0,1767,1,99.94
연신내,13357342120,14,38.0,1578,1,99.94
독바위,3824954278,14,38.0,914,1,99.89
역촌,10789220053,14,38.0,1917,1,99.95
어린이대공원,7939459503,14,38.0,860,1,99.88
군자,8743773046,14,38.0,1103,1,99.91
중곡,3840461137,14,38.0,932,1,99.89
용마산,10141309870,14,38.0,1285,1,99.92
사가정,436849774,14,38.0,1805,1,99.94
면목,436816024,14,38.0,1746,1,99.94
상봉,436718863,14,38.0,2078,1,99.95
중화,3819991417,14,38.0,1857,1,99.95
먹골,436538654,14,38.0,1117,1,99.91
태릉입구,13821634895,14,38.0,1354,1,99.93
공릉,13566284590,14,38.0,1151,1,99.91
하계,13566334119,14,38.0,554,1,99.82
중계,3835756882,14,38.0,440,1,99.77
노원,10598556476,14,38.0,697,1,99.86
마들,9410070134,14,38.0,1010,1,99.9
수락산,13566334197,14,38.0,619,1,99.84
가산디지털단지,436846908,14,38.0,460,1,99.78
남구로,2590252230,14,38.0,768,1,99.87
대림,2589375675,14,38.0,858,1,99.88
신풍,2108483850,14,38.0,848,1,99.88
보라매,2108483937,14,38.0,721,1,99.86
신대방삼거리,2108483943,14,38.0,901,1,99.89
장승배기,1830596637,14,38.0,854,1,99.88
상도,436821675,14,38.0,771,1,99.87
숭실대입구,11413637825,14,38.0,585,1,99.83
남성,4195693782,14,38.0,686,1,99.85
이수,13434371130,14,38.0,970,1,99.9
내방,2110270505,14,38.0,487,1,99.79
반포,9914441894,14,38.0,746,1,99.87
논현,2280678861,14,38.0,955,1,99.9
학동,2279487893,14,38.0,1030,1,99.9
청담,2279487921,14,38.0,785,1,99.87
자양,9040152140,14,38.0,636,1,99.84
용두,1939143883,14,38.0,1269,1,99.92
신답,2460188205,14,38.0,45,1,97.78
천왕,1784377384,14,38.0,338,1,99.7
장지,11202554992,14,38.0,983,1,99.9
문정,6832910091,14,38.0,581,1,99.83
송파,2280491847,14,38.0,553,1,99.82
석촌,2280491863,14,38.0,301,1,99.67
몽촌토성,2346858828,14,38.0,451,1,99.78
강동구청,436855505,14,38.0,904,1,99.89
암사,999136556,14,38.0,828,1,99.88
중앙보훈병원,4197252516,14,38.0,357,1,99.72
둔촌오륜,11229084218,14,38.0,377,1,99.73
한성백제,10009448574,14,38.0,394,1,99.75
송파나루,1809560163,14,38.0,485,1,99.79
석촌고분,10855673146,14,38.0,780,1,99.87
삼전,4186302819,14,38.0,613,1,99.84
대모산입구,4643770733,14,38.0,495,1,99.8
개포동,2032418657,14,38.0,428,1,99.77
구룡,436814317,14,38.0,225,1,99.56
한티,4784810914,14,38.0,616,1,99.84
압구정로데오,596509934,14,38.0,705,1,99.86
서울숲,9081846792,14,38.0,723,1,99.86
양재시민의숲,12872531616,14,38.0,667,1,99.85
청계산입구,11744211938,14,38.0,177,1,99.44
성신여대입구,5226829495,14,38.0,886,1,99.89
청량리,7749822746,14,38.0,1451,1,99.93
신내,9534964676,14,38.0,661,1,99.85
종로3가,7068953101,14,38.0,1739,1,99.94
신설동,13345643243,14,38.0,1380,1,99.93
성신여대입구,9816197077,14,38.0,862,1,99.88
이촌,13472471079,14,38.0,485,1,99.79
서울역,10216518963,14,38.0,550,1,99.82
수서,6004121530,14,38.0,224,1,99.55
건대입구,11303511536,14,38.0,1018,1,99.9
선정릉,596482732,14,38.0,765,1,99.87
선릉,860338496,14,38.0,762,1,99.87
도곡,3418782698,14,38.0,447,1,99.78
수서,12364278188,14,38.0,233,1,99.57
복정,11330600836,14,38.0,445,1,99.78
왕십리,9369050246,14,38.0,1530,1,99.93
왕십리,11127349780,14,38.0,1663,1,99.94
신설동,4173042514,14,38.0,1293,1,99.92
939정거장,8436624771,14,38.0,364,1,99.73
창동,4659124351,14,38.0,526,1,99.81
동작,3401123578,14,38.0,13,1,92.31
개화,9701881739,14,38.0,242,1,99.59
상봉,2470981971,14,38.0,1849,1,99.95
관악산,4373612914,14,38.0,549,1,99.82
서울대벤처타운,1835221096,14,38.0,879,1,99.89
신림,1844912791,14,38.0,1197,1,99.92
당곡,436858756,14,38.0,1055,1,99.91
보라매병원,436847189,14,38.0,817,1,99.88
보라매공원,7916896848,14,38.0,516,1,99.81
보라매,2819460436,14,38.0,703,1,99.86
서울지방병무청,11178013529,14,38.0,675,1,99.85
대방,11553007316,14,38.0,534,1,99.81
샛강,13506574406,14,38.0,361,1,99.72
샛강,13670786965,14,38.0,348,1,99.71
서울역,3390941198,14,38.0,980,1,99.9
디지털미디어시티,2605603657,14,38.0,383,1,99.74
디지털미디어시티,4652833827,14,38.0,469,1,99.79
노원,5706189891,14,38.0,776,1,99.87
양재,4865811281,14,38.0,893,1,99.89
강남,3087683154,14,38.0,1222,1,99.92
당산,10814323607,14,38.0,737,1,99.86
서울역,3391063393,14,38.0,1011,1,99.9
신길,4636791670,14,38.0,720,1,99.86
가산디지털단지,2108483903,14,38.0,492,1,99.8
상계,3401474874,14,38.0,689,1,99.85
선유도,2726710465,14,38.0,537,1,99.81
신목동,2812530406,14,38.0,405,1,99.75
염창,2289016390,14,38.0,683,1,99.85
등촌,2290015312,14,38.0,810,1,99.88
증미,3042643876,14,38.0,673,1,99.85
가양,2142681442,14,38.0,885,1,99.89
양천향교,414683333,14,38.0,635,1,99.84
신방화,10814323761,14,38.0,827,1,99.88
공항시장,4604019398,14,38.0,777,1,99.87
총신대입구(이수),4984575377,14,38.0,877,1,99.89
동묘앞,3830591800,14,38.0,1683,1,99.94
동대문,7195666618,14,38.0,1827,1,99.95
종로3가,4198116864,14,38.0,1363,1,99.93
종로3가,4197560774,14,38.0,1595,1,99.94
정릉,3828480980,14,38.0,700,1,99.86
솔샘,3841342870,14,38.0,826,1,99.88
삼양사거리,3841342963,14,38.0,1425,1,99.93
삼양,3840741768,14,38.0,1428,1,99.93
화계,436865378,14,38.0,1464,1,99.93
가오리,3840936112,14,38.0,1346,1,99.93
4.19민주묘지,3841077641,14,38.0,939,1,99.89
솔밭공원,3626451463,14,38.0,493,1,99.8
북한산우이,11824482197,14,38.0,274,1,99.64
시청,7677568503,14,38.0,1206,1,99.92
노량진,4627778176,14,38.0,411,1,99.76
김포공항,7981330101,14,38.0,553,1,99.82
김포공항,4874729815,14,38.0,614,1,99.84
옥수,8222891384,14,38.0,318,1,99.69
신도림,5119449050,14,38.0,331,1,99.7
수서,11563289590,14,38.0,234,8,96.58
연신내,10678122489,14,38.0,1643,1,99.94
뚝섬,8498978693,14,38.0,756,1,99.87
동대문역사문화공원,414685825,14,38.0,1759,1,99.94
동대문역사문화공원,1945254583,14,38.0,1864,1,99.95
종합운동장,13894950326,14,38.0,402,1,99.75
홍대입구,13227913200,14,38.0,2129,1,99.95
942정거장,436815896,14,38.0,625,1,99.84
한성대입구,5973684086,14,42.7,1088,1,99.91
제기동,9655918649,14,42.7,1288,1,99.92
신이문,3831106833,14,42.7,1042,1,99.9
회기,9776882774,14,42.7,1756,1,99.94
월계,3834716670,14,42.7,300,1,99.67
녹천,3834717475,14,42.7,227,1,99.56
광운대,436854528,14,42.7,396,1,99.75
창동,3834608837,14,42.7,424,1,99.76
방학,3846919916,14,42.7,688,1,99.85
오류동,8508812072,14,42.7,98,1,98.98
개봉,5442986444,14,42.7,390,1,99.74
구일,3210749463,14,42.7,272,1,99.63
일원,9454279402,14,42.7,208,1,99.52
양원,9534964626,14,42.7,911,1,99.89
한남,3852156874,14,42.7,249,1,99.6
수색,11944713936,14,42.7,364,1,99.73
940정거장,3011994542,14,42.7,315,1,99.68
중랑,10138603166,14,42.7,1617,1,99.94
망우,9760894592,14,42.7,1800,1,99.94
국회의사당,2932339394,14,42.7,587,1,99.83
노들,4627760504,14,42.7,448,1,99.78
신설동,13227969660,14,42.7,1231,1,99.92
용답,2460188229,14,42.7,807,1,99.88
신촌,13683819523,14,42.7,2215,1,99.95
수서,6299196105,14,42.7,236,1,99.58
충정로,3893042379,14,42.7,1387,1,99.93
서강대,5221755996,14,42.7,2111,3,99.86
종로5가,436883169,14,42.7,1678,1,99.94
고속터미널,9798531671,14,42.7,689,7,98.98
청량리,10121691848,14,42.7,1413,1,99.93
봉은사,595750357,14,42.7,602,1,99.83
언주,414684639,14,42.7,1033,1,99.9
삼성중앙,595750358,14,42.7,682,1,99.85
사평,13512489422,14,42.7,789,1,99.87
선정릉,2110338712,14,42.7,804,1,99.88
신논현,8376423650,14,42.7,1082,16,98.52
외대앞,3831105923,14,42.7,1212,1,99.92
구반포,11641428792,14,42.7,381,1,99.74
흑석,436881334,14,42.7,262,1,99.62
신반포,10918075302,14,42.7,556,1,99.82
온수,4987997944,14,42.7,269,1,99.63
왕십리,9083521281,14,42.7,1411,1,99.93
응봉,13780851569,14,42.7,76,1,98.68
도봉,7006105399,14,42.7,659,1,99.85
서빙고,12874837067,14,42.7,295,1,99.66
양재,11431861586,14,42.7,940,1,99.89
이촌,4172393733,14,42.7,454,5,98.9
복정,11330600853,14,42.7,392,1,99.74
독산,4095041979,14,42.7,268,1,99.63
신내,9810803930,14,42.7,662,1,99.85
금천구청,5308009219,14,42.7,605,1,99.83
암사역사공원,436817489,14,42.7,476,1,99.79
보문,436873184,14,42.7,1115,1,99.91
동작,7660036116,14,42.7,204,1,99.51
서울,10013086401,14,42.7,830,1,99.88
도곡,5403582157,14,42.7,462,1,99.78
김포공항,2353543144,14,42.7,522,1,99.81
동대문역사문화공원,8496801700,14,42.7,1850,1,99.95
구로,8918160546,14,42.7,533,1,99.81
북한산보국문,3841557294,14,42.7,582,1,99.83
안국,436867523,14,42.7,1297,1,99.92
강일,13093833784,14,42.7,347,1,99.71
천호,999136673,14,42.7,1051,1,99.9
서원,1835221331,14,42.7,1227,1,99.92
동대문,3830591792,14,42.7,1671,1,99.94
삼각지,5589627062,14,42.7,902,1,99.89
도봉산,5246596481,14,42.7,477,1,99.79
도봉산,5246596482,14,42.7,488,1,99.8
영등포,11459128410,14,42.7,783,1,99.87
노량진,3785111388,14,42.7,417,1,99.76
용산,10816124190,14,42.7,415,1,99.76
종각,11198015018,14,42.7,1508,1,99.93
건대입구,2613069963,14,42.7,1123,1,99.91
가좌,5756085341,14,42.7,950,1,99.89
남영,7836289839,14,42.7,867,1,99.88
대방,4617447369,14,42.7,306,1,99.67
응암,8735757178,14,42.7,2062,1,99.95
합정,5215341441,14,42.7,1477,1,99.93
동묘앞,4170064719,14,42.7,1658,1,99.94
고려대,5404768239,14,42.7,1585,1,99.94
홍대입구,11841458495,14,42.7,2240,2,99.91
디지털미디어시티,9891051186,14,42.7,182,1,99.45
선릉,2280678836,14,42.7,766,1,99.87
강남구청,2282830004,14,42.7,911,1,99.89
강남,7168335697,14,42.7,1287,1,99.92
가락시장,10939998666,14,42.7,266,1,99.62
을지로3가,7694743853,14,42.7,1932,1,99.95
불광,11228575654,14,42.7,1358,1,99.93
구의,3958847218,14,42.7,330,1,99.7
강변,1850655113,14,42.7,359,1,99.72
잠실나루,5159105401,14,42.7,251,1,99.6
옥수,3851466435,14,42.7,215,1,99.53
충무로,3846576172,14,42.7,1502,1,99.93
약수,3846603560,14,42.7,839,1,99.88
교대,3355067052,14,42.7,895,1,99.89
오금,3278844051,14,42.7,992,1,99.9
한양대,8992783196,14,42.7,906,1,99.89
성수,2551966241,14,42.7,805,1,99.88
시청,3404904658,14,42.7,1074,1,99.91
을지로입구,436830313,14,42.7,1494,1,99.93
을지로4가,10296582868,14,42.7,1599,1,99.94
신당,414685846,14,42.7,1733,1,99.94
상왕십리,11127349744,14,42.7,1796,1,99.94
신촌,5937884691,14,42.7,2707,1,99.96
이대,9283138042,14,42.7,1934,1,99.95
아현,1936511359,14,42.7,1758,1,99.94
마곡나루,4019735070,14,42.7,568,1,99.82
당산,3216944261,14,42.7,692,1,99.86
문래,11455185928,14,42.7,1223,1,99.92
신도림,5344219251,14,42.7,229,1,99.56
구로디지털단지,4624772818,14,42.7,665,1,99.85
신대방,4624808762,14,42.7,578,1,99.83
신림,5404739367,14,42.7,1212,1,99.92
봉천,5404739628,14,42.7,1274,1,99.92
서울대입구,5406451695,14,42.7,959,1,99.9
낙성대,5406462591,14,42.7,618,1,99.84
방배,8471989456,14,42.7,421,1,99.76
서초,3221788784,14,42.7,652,1,99.85
역삼,2280678732,14,42.7,948,1,99.89
삼성,733859380,14,42.7,606,1,99.83
종합운동장,1430639131,14,42.7,362,1,99.72
잠실새내,2957013438,14,42.7,642,1,99.84
잠실,7877518993,14,42.7,415,1,99.76
양천구청,3380999909,14,42.7,471,1,99.79
신정네거리,9572122970,14,42.7,759,1,99.87
도림천,4630961655,14,42.7,567,1,99.82
경찰병원,1812000920,14,42.7,649,1,99.85
대청,2927282422,14,42.7,495,1,99.8
학여울,4643770712,14,42.7,520,1,99.81
대치,2281644495,14,42.7,618,1,99.84
매봉,5406359683,14,42.7,583,1,99.83
남부터미널,436864976,14,42.7,743,1,99.87
잠원,4634374794,14,42.7,513,1,99.81
신사,8489501829,14,42.7,1026,1,99.9
압구정,9891581229,14,42.7,1171,1,99.91
금호,4201516987,14,42.7,552,1,99.82
동대입구,436870722,14,42.7,1131,1,99.91
경복궁,6033544429,14,42.7,1196,1,99.92
독립문,13460710395,14,42.7,816,1,99.88
무악재,11296428367,14,42.7,455,1,99.78
홍제,436868050,14,42.7,855,1,99.88
녹번,436867704,14,42.7,786,1,99.87
구파발,8515726110,14,42.7,786,1,99.87
불암산,3841778897,14,42.7,478,1,99.79
쌍문,436836179,14,42.7,1106,1,99.91
수유,9813541694,14,42.7,1433,1,99.93
미아,9819314920,14,42.7,1362,1,99.93
미아사거리,5198597933,14,42.7,1334,1,99.93
길음,5210130825,14,42.7,921,1,99.89
혜화,2409390726,14,42.7,915,1,99.89
명동,7495868732,14,42.7,1420,1,99.93
회현,12920546288,14,42.7,1025,1,99.9
서울역,5348913449,14,42.7,990,1,99.9
숙대입구,2533148374,14,42.7,1017,1,99.9
신용산,10816047755,14,42.7,445,1,99.78
사당,11521991148,14,42.7,772,1,99.87
남태령,7621561344,14,42.7,140,1,99.29
마천,10277058704,14,42.7,1004,1,99.9
거여,4489986954,14,42.7,1107,1,99.91
개롱,12142687377,14,42.7,1146,1,99.91
방이,2310500979,14,42.7,840,1,99.88
올림픽공원,8493888383,14,42.7,637,1,99.84
둔촌동,4680325914,14,42.7,548,1,99.82
상일동,7106623354,14,42.7,484,1,99.79
고덕,5915757376,14,42.7,713,1,99.86
명일,10009228390,14,42.7,570,1,99.82
굽은다리,3851742835,14,42.7,725,1,99.86
길동,3856135009,14,42.7,792,1,99.87
강동,3856513978,14,42.7,814,1,99.88
광나루,11182352080,14,42.7,452,1,99.78
아차산,2123390941,14,42.7,612,1,99.84
장한평,10708070992,14,42.7,481,1,99.79
답십리,10708182321,14,42.7,295,1,99.66
마장,3832676328,14,42.7,1208,1,99.92
행당,3833113882,14,42.7,1241,1,99.92
신금호,3848968727,14,42.7,743,1,99.87
광화문,13971398420,14,42.7,1418,1,99.93
서대문,445343537,14,42.7,1362,1,99.93
애오개,13142535285,14,42.7,1849,1,99.95
공덕,9941864292,14,42.7,1998,1,99.95
마포,13227969612,14,42.7,1192,1,99.92
여의나루,355173356,14,42.7,598,1,99.83
여의도,4744225606,14,42.7,421,1,99.76
신길,4529530743,14,42.7,518,1,99.81
영등포시장,355173354,14,42.7,1102,1,99.91
영등포구청,5215341470,14,42.7,1148,1,99.91
양평,436860925,14,42.7,708,1,99.86
오목교,2808319707,14,42.7,1088,1,99.91
목동,13895049012,14,42.7,1061,1,99.91
신정,2848435510,14,42.7,787,1,99.87
까치산,1906282324,14,42.7,941,1,99.89
화곡,2289350750,14,42.7,1376,1,99.93
우장산,4706229292,14,42.7,1447,1,99.93
발산,1791473931,14,42.7,929,1,99.89
마곡,13800646917,14,42.7,593,1,99.83
송정,4602991606,14,42.7,677,1,99.85
개화산,9228947724,14,42.7,593,1,99.83
방화,2702609963,14,42.7,435,1,99.77
봉화산,436834232,14,42.7,477,1,99.79
화랑대,3842209686,14,42.7,904,1,99.89
석계,1795189949,14,42.7,982,1,99.9
돌곶이,3830773366,14,42.7,1397,1,99.93
상월곡,5219803722,14,42.7,1040,1,99.9
월곡,5406198806,14,42.7,1159,1,99.91
안암,7625622864,14,42.7,1804,1,99.94
창신,1943131791,14,42.7,758,1,99.87
청구,1936511423,14,42.7,1242,1,99.92
버티고개,3847632030,14,42.7,334,1,99.7
한강진,436868241,14,42.7,569,1,99.82
이태원,2470887090,14,42.7,754,1,99.87
녹사평,2384953064,14,42.7,1040,1,99.9
효창공원앞,4426288471,14,42.7,1133,1,99.91
대흥,9987526934,14,42.7,1983,1,99.95
광흥창,4101356295,14,42.7,1853,1,99.95
상수,414685238,14,42.7,1337,1,99.93
망원,445327391,14,42.7,1724,1,99.94
마포구청,5905951490,14,42.7,1038,1,99.9
월드컵경기장,798569457,14,42.7,500,1,99.8
증산,3823125035,14,42.7,1303,1,99.92
새절,3822999355,14,42.7,1828,1,99.95
구산,2292697262,14,42.7,1767,1,99.94
연신내,13357342120,14,42.7,1578,1,99.94
독바위,3824954278,14,42.7,914,1,99.89
역촌,10789220053,14,42.7,1917,1,99.95
어린이대공원,7939459503,14,42.7,860,1,99.88
군자,8743773046,14,42.7,1103,1,99.91
중곡,3840461137,14,42.7,932,1,99.89
용마산,10141309870,14,42.7,1285,1,99.92
사가정,436849774,14,42.7,1805,1,99.94
면목,436816024,14,42.7,1746,1,99.94
상봉,436718863,14,42.7,2078,1,99.95
중화,3819991417,14,42.7,1857,1,99.95
먹골,436538654,14,42.7,1117,1,99.91
태릉입구,13821634895,14,42.7,1354,1,99.93
공릉,13566284590,14,42.7,1151,1,99.91
하계,13566334119,14,42.7,554,1,99.82
중계,3835756882,14,42.7,440,1,99.77
노원,10598556476,14,42.7,697,1,99.86
마들,9410070134,14,42.7,1010,1,99.9
수락산,13566334197,14,42.7,619,1,99.84
가산디지털단지,436846908,14,42.7,460,1,99.78
남구로,2590252230,14,42.7,768,1,99.87
대림,2589375675,14,42.7,858,1,99.88
신풍,2108483850,14,42.7,848,1,99.88
보라매,2108483937,14,42.7,721,1,99.86
신대방삼거리,2108483943,14,42.7,901,1,99.89
장승배기,1830596637,14,42.7,854,1,99.88
상도,436821675,14,42.7,771,1,99.87
숭실대입구,11413637825,14,42.7,585,1,99.83
남성,4195693782,14,42.7,686,1,99.85
이수,13434371130,14,42.7,970,1,99.9
내방,2110270505,14,42.7,487,1,99.79
반포,9914441894,14,42.7,746,1,99.87
논현,2280678861,14,42.7,955,1,99.9
학동,2279487893,14,42.7,1030,1,99.9
청담,2279487921,14,42.7,785,1,99.87
자양,9040152140,14,42.7,636,1,99.84
용두,1939143883,14,42.7,1269,1,99.92
신답,2460188205,14,42.7,45,1,97.78
천왕,1784377384,14,42.7,338,1,99.7
장지,11202554992,14,42.7,983,1,99.9
문정,6832910091,14,42.7,581,1,99.83
송파,2280491847,14,42.7,553,1,99.82
석촌,2280491863,14,42.7,301,1,99.67
몽촌토성,2346858828,14,42.7,451,1,99.78
강동구청,436855505,14,42.7,904,1,99.89
암사,999136556,14,42.7,828,1,99.88
중앙보훈병원,4197252516,14,42.7,357,6,98.32
둔촌오륜,11229084218,14,42.7,377,1,99.73
한성백제,10009448574,14,42.7,394,1,99.75
송파나루,1809560163,14,42.7,485,1,99.79
석촌고분,10855673146,14,42.7,780,1,99.87
삼전,4186302819,14,42.7,613,1,99.84
대모산입구,4643770733,14,42.7,495,1,99.8
개포동,2032418657,14,42.7,428,1,99.77
구룡,436814317,14,42.7,225,1,99.56
한티,4784810914,14,42.7,616,1,99.84
압구정로데오,596509934,14,42.7,705,1,99.86
서울숲,9081846792,14,42.7,723,1,99.86
양재시민의숲,12872531616,14,42.7,667,1,99.85
청계산입구,11744211938,14,42.7,177,1,99.44
성신여대입구,5226829495,14,42.7,886,1,99.89
청량리,7749822746,14,42.7,1451,1,99.93
신내,9534964676,14,42.7,661,1,99.85
종로3가,7068953101,14,42.7,1739,1,99.94
신설동,13345643243,14,42.7,1380,1,99.93
성신여대입구,9816197077,14,42.7,862,1,99.88
이촌,13472471079,14,42.7,485,1,99.79
서울역,10216518963,14,42.7,550,1,99.82
수서,6004121530,14,42.7,224,1,99.55
건대입구,11303511536,14,42.7,1018,1,99.9
선정릉,596482732,14,42.7,765,1,99.87
선릉,860338496,14,42.7,762,1,99.87
도곡,3418782698,14,42.7,447,2,99.55
수서,12364278188,14,42.7,233,1,99.57
복정,11330600836,14,42.7,445,1,99.78
왕십리,9369050246,14,42.7,1530,1,99.93
왕십리,11127349780,14,42.7,1663,1,99.94
신설동,4173042514,14,42.7,1293,1,99.92
939정거장,8436624771,14,42.7,364,1,99.73
창동,4659124351,14,42.7,526,1,99.81
동작,3401123578,14,42.7,13,1,92.31
개화,9701881739,14,42.7,242,1,99.59
상봉,2470981971,14,42.7,1849,1,99.95
관악산,4373612914,14,42.7,549,1,99.82
서울대벤처타운,1835221096,14,42.7,879,1,99.89
신림,1844912791,14,42.7,1197,1,99.92
당곡,436858756,14,42.7,1055,1,99.91
보라매병원,436847189,14,42.7,817,2,99.76
보라매공원,7916896848,14,42.7,516,1,99.81
보라매,2819460436,14,42.7,703,1,99.86
서울지방병무청,11178013529,14,42.7,675,1,99.85
대방,11553007316,14,42.7,534,1,99.81
샛강,13506574406,14,42.7,361,1,99.72
샛강,13670786965,14,42.7,348,1,99.71
서울역,3390941198,14,42.7,980,1,99.9
디지털미디어시티,2605603657,14,42.7,383,2,99.48
디지털미디어시티,4652833827,14,42.7,469,1,99.79
노원,5706189891,14,42.7,776,1,99.87
양재,4865811281,14,42.7,893,1,99.89
강남,3087683154,14,42.7,1222,36,97.05
당산,10814323607,14,42.7,737,1,99.86
서울역,3391063393,14,42.7,1011,1,99.9
신길,4636791670,14,42.7,720,1,99.86
가산디지털단지,2108483903,14,42.7,492,1,99.8
상계,3401474874,14,42.7,689,1,99.85
선유도,2726710465,14,42.7,537,1,99.81
신목동,2812530406,14,42.7,405,1,99.75
염창,2289016390,14,42.7,683,1,99.85
등촌,2290015312,14,42.7,810,1,99.88
증미,3042643876,14,42.7,673,1,99.85
가양,2142681442,14,42.7,885,1,99.89
양천향교,414683333,14,42.7,635,1,99.84
신방화,10814323761,14,42.7,827,1,99.88
공항시장,4604019398,14,42.7,777,1,99.87
총신대입구(이수),4984575377,14,42.7,877,1,99.89
동묘앞,3830591800,14,42.7,1683,1,99.94
동대문,7195666618,14,42.7,1827,1,99.95
종로3가,4198116864,14,42.7,1363,1,99.93
종로3가,4197560774,14,42.7,1595,1,99.94
정릉,3828480980,14,42.7,700,1,99.86
솔샘,3841342870,14,42.7,826,1,99.88
삼양사거리,3841342963,14,42.7,1425,1,99.93
삼양,3840741768,14,42.7,1428,1,99.93
화계,436865378,14,42.7,1464,1,99.93
가오리,3840936112,14,42.7,1346,1,99.93
4.19민주묘지,3841077641,14,42.7,939,1,99.89
솔밭공원,3626451463,14,42.7,493,1,99.8
북한산우이,11824482197,14,42.7,274,1,99.64
시청,7677568503,14,42.7,1206,1,99.92
노량진,4627778176,14,42.7,411,1,99.76
김포공항,7981330101,14,42.7,553,1,99.82
김포공항,4874729815,14,42.7,614,1,99.84
옥수,8222891384,14,42.7,318,1,99.69
신도림,5119449050,14,42.7,331,1,99.7
수서,11563289590,14,42.7,234,24,89.74
연신내,10678122489,14,42.7,1643,1,99.94
뚝섬,8498978693,14,42.7,756,1,99.87
동대문역사문화공원,414685825,14,42.7,1759,1,99.94
동대문역사문화공원,1945254583,14,42.7,1864,1,99.95
종합운동장,13894950326,14,42.7,402,1,99.75
홍대입구,13227913200,14,42.7,2129,1,99.95
942정거장,436815896,14,42.7,625,1,99.84
한성대입구,5973684086,15,38.0,1088,1,99.91
제기동,9655918649,15,38.0,1288,1,99.92
신이문,3831106833,15,38.0,1042,1,99.9
회기,9776882774,15,38.0,1756,1,99.94
월계,3834716670,15,38.0,300,1,99.67
녹천,3834717475,15,38.0,227,1,99.56
광운대,436854528,15,38.0,396,1,99.75
창동,3834608837,15,38.0,424,1,99.76
방학,3846919916,15,38.0,688,1,99.85
오류동,8508812072,15,38.0,98,1,98.98
개봉,5442986444,15,38.0,390,1,99.74
구일,3210749463,15,38.0,272,1,99.63
일원,9454279402,15,38.0,208,1,99.52
양원,9534964626,15,38.0,911,1,99.89
한남,3852156874,15,38.0,249,1,99.6
수색,11944713936,15,38.0,364,1,99.73
940정거장,3011994542,15,38.0,315,1,99.68
중랑,10138603166,15,38.0,1617,1,99.94
망우,9760894592,15,38.0,1800,1,99.94
국회의사당,2932339394,15,38.0,587,1,99.83
노들,4627760504,15,38.0,448,1,99.78
신설동,13227969660,15,38.0,1231,1,99.92
용답,2460188229,15,38.0,807,1,99.88
신촌,13683819523,15,38.0,2215,1,99.95
수서,6299196105,15,38.0,236,1,99.58
충정로,3893042379,15,38.0,1387,1,99.93
서강대,5221755996,15,38.0,2111,1,99.95
종로5가,436883169,15,38.0,1678,1,99.94
고속터미널,9798531671,15,38.0,689,1,99.85
청량리,10121691848,15,38.0,1413,1,99.93
봉은사,595750357,15,38.0,602,1,99.83
언주,414684639,15,38.0,1033,1,99.9
삼성중앙,595750358,15,38.0,682,1,99.85
사평,13512489422,15,38.0,789,1,99.87
선정릉,2110338712,15,38.0,804,1,99.88
신논현,8376423650,15,38.0,1082,1,99.91
외대앞,3831105923,15,38.0,1212,1,99.92
구반포,11641428792,15,38.0,381,1,99.74
흑석,436881334,15,38.0,262,1,99.62
신반포,10918075302,15,38.0,556,1,99.82
온수,4987997944,15,38.0,269,1,99.63
왕십리,9083521281,15,38.0,1411,1,99.93
응봉,13780851569,15,38.0,76,1,98.68
도봉,7006105399,15,38.0,659,1,99.85
서빙고,12874837067,15,38.0,295,1,99.66
양재,11431861586,15,38.0,940,1,99.89
이촌,4172393733,15,38.0,454,1,99.78
복정,11330600853,15,38.0,392,1,99.74
독산,4095041979,15,38.0,268,1,99.63
신내,9810803930,15,38.0,662,1,99.85
금천구청,5308009219,15,38.0,605,1,99.83
암사역사공원,436817489,15,38.0,476,1,99.79
보문,436873184,15,38.0,1115,1,99.91
동작,7660036116,15,38.0,204,1,99.51
서울,10013086401,15,38.0,830,1,99.88
도곡,5403582157,15,38.0,462,1,99.78
김포공항,2353543144,15,38.0,522,1,99.81
동대문역사문화공원,8496801700,15,38.0,1850,1,99.95
구로,8918160546,15,38.0,533,1,99.81
북한산보국문,3841557294,15,38.0,582,1,99.83
안국,436867523,15,38.0,1297,1,99.92
강일,13093833784,15,38.0,347,1,99.71
천호,999136673,15,38.0,1051,1,99.9
서원,1835221331,15,38.0,1227,1,99.92
동대문,3830591792,15,38.0,1671,1,99.94
삼각지,5589627062,15,38.0,902,1,99.89
도봉산,5246596481,15,38.0,477,1,99.79
도봉산,5246596482,15,38.0,488,1,99.8
영등포,11459128410,15,38.0,783,1,99.87
노량진,3785111388,15,38.0,417,1,99.76
용산,10816124190,15,38.0,415,1,99.76
종각,11198015018,15,38.0,1508,1,99.93
건대입구,2613069963,15,38.0,1123,1,99.91
가좌,5756085341,15,38.0,950,1,99.89
남영,7836289839,15,38.0,867,1,99.88
대방,4617447369,15,38.0,306,1,99.67
응암,8735757178,15,38.0,2062,1,99.95
합정,5215341441,15,38.0,1477,1,99.93
동묘앞,4170064719,15,38.0,1658,1,99.94
고려대,5404768239,15,38.0,1585,1,99.94
홍대입구,11841458495,15,38.0,2240,1,99.96
디지털미디어시티,9891051186,15,38.0,182,1,99.45
선릉,2280678836,15,38.0,766,1,99.87
강남구청,2282830004,15,38.0,911,1,99.89
강남,7168335697,15,38.0,1287,1,99.92
가락시장,10939998666,15,38.0,266,1,99.62
을지로3가,7694743853,15,38.0,1932,1,99.95
불광,11228575654,15,38.0,1358,1,99.93
구의,3958847218,15,38.0,330,1,99.7
강변,1850655113,15,38.0,359,1,99.72
잠실나루,5159105401,15,38.0,251,1,99.6
옥수,3851466435,15,38.0,215,1,99.53
충무로,3846576172,15,38.0,1502,1,99.93
약수,3846603560,15,38.0,839,1,99.88
교대,3355067052,15,38.0,895,1,99.89
오금,3278844051,15,38.0,992,1,99.9
한양대,8992783196,15,38.0,906,1,99.89
성수,2551966241,15,38.0,805,1,99.88
시청,3404904658,15,38.0,1074,1,99.91
을지로입구,436830313,15,38.0,1494,1,99.93
을지로4가,10296582868,15,38.0,1599,1,99.94
신당,414685846,15,38.0,1733,1,99.94
상왕십리,11127349744,15,38.0,1796,1,99.94
신촌,5937884691,15,38.0,2707,1,99.96
이대,9283138042,15,38.0,1934,1,99.95
아현,1936511359,15,38.0,1758,1,99.94
마곡나루,4019735070,15,38.0,568,1,99.82
당산,3216944261,15,38.0,692,1,99.86
문래,11455185928,15,38.0,1223,1,99.92
신도림,5344219251,15,38.0,229,1,99.56
구로디지털단지,4624772818,15,38.0,665,1,99.85
신대방,4624808762,15,38.0,578,1,99.83
신림,5404739367,15,38.0,1212,1,99.92
봉천,5404739628,15,38.0,1274,1,99.92
서울대입구,5406451695,15,38.0,959,1,99.9
낙성대,5406462591,15,38.0,618,1,99.84
방배,8471989456,15,38.0,421,1,99.76
서초,3221788784,15,38.0,652,1,99.85
역삼,2280678732,15,38.0,948,1,99.89
삼성,733859380,15,38.0,606,1,99.83
종합운동장,1430639131,15,38.0,362,1,99.72
잠실새내,2957013438,15,38.0,642,1,99.84
잠실,7877518993,15,38.0,415,1,99.76
양천구청,3380999909,15,38.0,471,1,99.79
신정네거리,9572122970,15,38.0,759,1,99.87
도림천,4630961655,15,38.0,567,1,99.82
경찰병원,1812000920,15,38.0,649,1,99.85
대청,2927282422,15,38.0,495,1,99.8
학여울,4643770712,15,38.0,520,1,99.81
대치,2281644495,15,38.0,618,1,99.84
매봉,5406359683,15,38.0,583,1,99.83
남부터미널,436864976,15,38.0,743,1,99.87
잠원,4634374794,15,38.0,513,1,99.81
신사,8489501829,15,38.0,1026,1,99.9
압구정,9891581229,15,38.0,1171,1,99.91
금호,4201516987,15,38.0,552,1,99.82
동대입구,436870722,15,38.0,1131,1,99.91
경복궁,6033544429,15,38.0,1196,1,99.92
독립문,13460710395,15,38.0,816,1,99.88
무악재,11296428367,15,38.0,455,1,99.78
홍제,436868050,15,38.0,855,1,99.88
녹번,436867704,15,38.0,786,1,99.87
구파발,8515726110,15,38.0,786,1,99.87
불암산,3841778897,15,38.0,478,1,99.79
쌍문,436836179,15,38.0,1106,1,99.91
수유,9813541694,15,38.0,1433,1,99.93
미아,9819314920,15,38.0,1362,1,99.93
미아사거리,5198597933,15,38.0,1334,1,99.93
길음,5210130825,15,38.0,921,1,99.89
혜화,2409390726,15,38.0,915,1,99.89
명동,7495868732,15,38.0,1420,1,99.93
회현,12920546288,15,38.0,1025,1,99.9
서울역,5348913449,15,38.0,990,1,99.9
숙대입구,2533148374,15,38.0,1017,1,99.9
신용산,10816047755,15,38.0,445,1,99.78
사당,11521991148,15,38.0,772,1,99.87
남태령,7621561344,15,38.0,140,1,99.29
마천,10277058704,15,38.0,1004,1,99.9
거여,4489986954,15,38.0,1107,1,99.91
개롱,12142687377,15,38.0,1146,1,99.91
방이,2310500979,15,38.0,840,1,99.88
올림픽공원,8493888383,15,38.0,637,1,99.84
둔촌동,4680325914,15,38.0,548,1,99.82
상일동,7106623354,15,38.0,484,1,99.79
고덕,5915757376,15,38.0,713,1,99.86
명일,10009228390,15,38.0,570,1,99.82
굽은다리,3851742835,15,38.0,725,1,99.86
길동,3856135009,15,38.0,792,1,99.87
강동,3856513978,15,38.0,814,1,99.88
광나루,11182352080,15,38.0,452,1,99.78
아차산,2123390941,15,38.0,612,1,99.84
장한평,10708070992,15,38.0,481,1,99.79
답십리,10708182321,15,38.0,295,1,99.66
마장,3832676328,15,38.0,1208,1,99.92
행당,3833113882,15,38.0,1241,1,99.92
신금호,3848968727,15,38.0,743,1,99.87
광화문,13971398420,15,38.0,1418,1,99.93
서대문,445343537,15,38.0,1362,1,99.93
애오개,13142535285,15,38.0,1849,1,99.95
공덕,9941864292,15,38.0,1998,1,99.95
마포,13227969612,15,38.0,1192,1,99.92
여의나루,355173356,15,38.0,598,1,99.83
여의도,4744225606,15,38.0,421,1,99.76
신길,4529530743,15,38.0,518,1,99.81
영등포시장,355173354,15,38.0,1102,1,99.91
영등포구청,5215341470,15,38.0,1148,1,99.91
양평,436860925,15,38.0,708,1,99.86
오목교,2808319707,15,38.0,1088,1,99.91
목동,13895049012,15,38.0,1061,1,99.91
신정,2848435510,15,38.0,787,1,99.87
까치산,1906282324,15,38.0,941,1,99.89
화곡,2289350750,15,38.0,1376,1,99.93
우장산,4706229292,15,38.0,1447,1,99.93
발산,1791473931,15,38.0,929,1,99.89
마곡,13800646917,15,38.0,593,1,99.83
송정,4602991606,15,38.0,677,1,99.85
개화산,9228947724,15,38.0,593,1,99.83
방화,2702609963,15,38.0,435,1,99.77
봉화산,436834232,15,38.0,477,1,99.79
화랑대,3842209686,15,38.0,904,1,99.89
석계,1795189949,15,38.0,982,1,99.9
돌곶이,3830773366,15,38.0,1397,1,99.93
상월곡,5219803722,15,38.0,1040,1,99.9
월곡,5406198806,15,38.0,1159,1,99.91
안암,7625622864,15,38.0,1804,1,99.94
창신,1943131791,15,38.0,758,1,99.87
청구,1936511423,15,38.0,1242,1,99.92
버티고개,3847632030,15,38.0,334,1,99.7
한강진,436868241,15,38.0,569,1,99.82
이태원,2470887090,15,38.0,754,1,99.87
녹사평,2384953064,15,38.0,1040,1,99.9
효창공원앞,4426288471,15,38.0,1133,1,99.91
대흥,9987526934,15,38.0,1983,1,99.95
광흥창,4101356295,15,38.0,1853,1,99.95
상수,414685238,15,38.0,1337,1,99.93
망원,445327391,15,38.0,1724,1,99.94
마포구청,5905951490,15,38.0,1038,1,99.9
월드컵경기장,798569457,15,38.0,500,1,99.8
증산,3823125035,15,38.0,1303,1,99.92
새절,3822999355,15,38.0,1828,1,99.95
구산,2292697262,15,38.0,1767,1,99.94
연신내,13357342120,15,38.0,1578,1,99.94
독바위,3824954278,15,38.0,914,1,99.89
역촌,10789220053,15,38.0,1917,1,99.95
어린이대공원,7939459503,15,38.0,860,1,99.88
군자,8743773046,15,38.0,1103,1,99.91
중곡,3840461137,15,38.0,932,1,99.89
용마산,10141309870,15,38.0,1285,1,99.92
사가정,436849774,15,38.0,1805,1,99.94
면목,436816024,15,38.0,1746,1,99.94
상봉,436718863,15,38.0,2078,1,99.95
중화,3819991417,15,38.0,1857,1,99.95
먹골,436538654,15,38.0,1117,1,99.91
태릉입구,13821634895,15,38.0,1354,1,99.93
공릉,13566284590,15,38.0,1151,1,99.91
하계,13566334119,15,38.0,554,1,99.82
중계,3835756882,15,38.0,440,1,99.77
노원,10598556476,15,38.0,697,1,99.86
마들,9410070134,15,38.0,1010,1,99.9
수락산,13566334197,15,38.0,619,1,99.84
가산디지털단지,436846908,15,38.0,460,1,99.78
남구로,2590252230,15,38.0,768,1,99.87
대림,2589375675,15,38.0,858,1,99.88
신풍,2108483850,15,38.0,848,1,99.88
보라매,2108483937,15,38.0,721,1,99.86
신대방삼거리,2108483943,15,38.0,901,1,99.89
장승배기,1830596637,15,38.0,854,1,99.88
상도,436821675,15,38.0,771,1,99.87
숭실대입구,11413637825,15,38.0,585,1,99.83
남성,4195693782,15,38.0,686,1,99.85
이수,13434371130,15,38.0,970,1,99.9
내방,2110270505,15,38.0,487,1,99.79
반포,9914441894,15,38.0,746,1,99.87
논현,2280678861,15,38.0,955,1,99.9
학동,2279487893,15,38.0,1030,1,99.9
청담,2279487921,15,38.0,785,1,99.87
자양,9040152140,15,38.0,636,1,99.84
용두,1939143883,15,38.0,1269,1,99.92
신답,2460188205,15,38.0,45,1,97.78
천왕,1784377384,15,38.0,338,1,99.7
장지,11202554992,15,38.0,983,1,99.9
문정,6832910091,15,38.0,581,1,99.83
송파,2280491847,15,38.0,553,1,99.82
석촌,2280491863,15,38.0,301,1,99.67
몽촌토성,2346858828,15,38.0,451,1,99.78
강동구청,436855505,15,38.0,904,1,99.89
암사,999136556,15,38.0,828,1,99.88
중앙보훈병원,4197252516,15,38.0,357,1,99.72
둔촌오륜,11229084218,15,38.0,377,1,99.73
한성백제,10009448574,15,38.0,394,1,99.75
송파나루,1809560163,15,38.0,485,1,99.79
석촌고분,10855673146,15,38.0,780,1,99.87
삼전,4186302819,15,38.0,613,1,99.84
대모산입구,4643770733,15,38.0,495,1,99.8
개포동,2032418657,15,38.0,428,1,99.77
구룡,436814317,15,38.0,225,1,99.56
한티,4784810914,15,38.0,616,1,99.84
압구정로데오,596509934,15,38.0,705,1,99.86
서울숲,9081846792,15,38.0,723,1,99.86
양재시민의숲,12872531616,15,38.0,667,1,99.85
청계산입구,11744211938,15,38.0,177,1,99.44
성신여대입구,5226829495,15,38.0,886,1,99.89
청량리,7749822746,15,38.0,1451,1,99.93
신내,9534964676,15,38.0,661,1,99.85
종로3가,7068953101,15,38.0,1739,1,99.94
신설동,13345643243,15,38.0,1380,1,99.93
성신여대입구,9816197077,15,38.0,862,1,99.88
이촌,13472471079,15,38.0,485,1,99.79
서울역,10216518963,15,38.0,550,1,99.82
수서,6004121530,15,38.0,224,1,99.55
건대입구,11303511536,15,38.0,1018,1,99.9
선정릉,596482732,15,38.0,765,1,99.87
선릉,860338496,15,38.0,762,1,99.87
도곡,3418782698,15,38.0,447,1,99.78
수서,12364278188,15,38.0,233,1,99.57
복정,11330600836,15,38.0,445,1,99.78
왕십리,9369050246,15,38.0,1530,1,99.93
왕십리,11127349780,15,38.0,1663,1,99.94
신설동,4173042514,15,38.0,1293,1,99.92
939정거장,8436624771,15,38.0,364,1,99.73
창동,4659124351,15,38.0,526,1,99.81
동작,3401123578,15,38.0,13,1,92.31
개화,9701881739,15,38.0,242,1,99.59
상봉,2470981971,15,38.0,1849,1,99.95
관악산,4373612914,15,38.0,549,1,99.82
서울대벤처타운,1835221096,15,38.0,879,1,99.89
신림,1844912791,15,38.0,1197,1,99.92
당곡,436858756,15,38.0,1055,1,99.91
보라매병원,436847189,15,38.0,817,1,99.88
보라매공원,7916896848,15,38.0,516,1,99.81
보라매,2819460436,15,38.0,703,1,99.86
서울지방병무청,11178013529,15,38.0,675,1,99.85
대방,11553007316,15,38.0,534,1,99.81
샛강,13506574406,15,38.0,361,1,99.72
샛강,13670786965,15,38.0,348,1,99.71
서울역,3390941198,15,38.0,980,1,99.9
디지털미디어시티,2605603657,15,38.0,383,1,99.74
디지털미디어시티,4652833827,15,38.0,469,1,99.79
노원,5706189891,15,38.0,776,1,99.87
양재,4865811281,15,38.0,893,1,99.89
강남,3087683154,15,38.0,1222,1,99.92
당산,10814323607,15,38.0,737,1,99.86
서울역,3391063393,15,38.0,1011,1,99.9
신길,4636791670,15,38.0,720,1,99.86
가산디지털단지,2108483903,15,38.0,492,1,99.8
상계,3401474874,15,38.0,689,1,99.85
선유도,2726710465,15,38.0,537,1,99.81
신목동,2812530406,15,38.0,405,1,99.75
염창,2289016390,15,38.0,683,1,99.85
등촌,2290015312,15,38.0,810,1,99.88
증미,3042643876,15,38.0,673,1,99.85
가양,2142681442,15,38.0,885,1,99.89
양천향교,414683333,15,38.0,635,1,99.84
신방화,10814323761,15,38.0,827,1,99.88
공항시장,4604019398,15,38.0,777,1,99.87
총신대입구(이수),4984575377,15,38.0,877,1,99.89
동묘앞,3830591800,15,38.0,1683,1,99.94
동대문,7195666618,15,38.0,1827,1,99.95
종로3가,4198116864,15,38.0,1363,1,99.93
종로3가,4197560774,15,38.0,1595,1,99.94
정릉,3828480980,15,38.0,700,1,99.86
솔샘,3841342870,15,38.0,826,1,99.88
삼양사거리,3841342963,15,38.0,1425,1,99.93
삼양,3840741768,15,38.0,1428,1,99.93
화계,436865378,15,38.0,1464,1,99.93
가오리,3840936112,15,38.0,1346,1,99.93
4.19민주묘지,3841077641,15,38.0,939,1,99.89
솔밭공원,3626451463,15,38.0,493,1,99.8
북한산우이,11824482197,15,38.0,274,1,99.64
시청,7677568503,15,38.0,1206,1,99.92
노량진,4627778176,15,38.0,411,1,99.76
김포공항,7981330101,15,38.0,553,1,99.82
김포공항,4874729815,15,38.0,614,1,99.84
옥수,8222891384,15,38.0,318,1,99.69
신도림,5119449050,15,38.0,331,1,99.7
수서,11563289590,15,38.0,234,1,99.57
연신내,10678122489,15,38.0,1643,1,99.94
뚝섬,8498978693,15,38.0,756,1,99.87
동대문역사문화공원,414685825,15,38.0,1759,1,99.94
동대문역사문화공원,1945254583,15,38.0,1864,1,99.95
종합운동장,13894950326,15,38.0,402,1,99.75
홍대입구,13227913200,15,38.0,2129,1,99.95
942정거장,436815896,15,38.0,625,1,99.84
한성대입구,5973684086,15,42.7,1088,1,99.91
제기동,9655918649,15,42.7,1288,1,99.92
신이문,3831106833,15,42.7,1042,1,99.9
회기,9776882774,15,42.7,1756,1,99.94
월계,3834716670,15,42.7,300,1,99.67
녹천,3834717475,15,42.7,227,1,99.56
광운대,436854528,15,42.7,396,1,99.75
창동,3834608837,15,42.7,424,1,99.76
방학,3846919916,15,42.7,688,1,99.85
오류동,8508812072,15,42.7,98,1,98.98
개봉,5442986444,15,42.7,390,1,99.74
구일,3210749463,15,42.7,272,1,99.63
일원,9454279402,15,42.7,208,1,99.52
양원,9534964626,15,42.7,911,1,99.89
한남,3852156874,15,42.7,249,1,99.6
수색,11944713936,15,42.7,364,1,99.73
940정거장,3011994542,15,42.7,315,1,99.68
중랑,10138603166,15,42.7,1617,1,99.94
망우,9760894592,15,42.7,1800,1,99.94
국회의사당,2932339394,15,42.7,587,1,99.83
노들,4627760504,15,42.7,448,1,99.78
신설동,13227969660,15,42.7,1231,1,99.92
용답,2460188229,15,42.7,807,1,99.88
신촌,13683819523,15,42.7,2215,1,99.95
수서,6299196105,15,42.7,236,1,99.58
충정로,3893042379,15,42.7,1387,1,99.93
서강대,5221755996,15,42.7,2111,3,99.86
종로5가,436883169,15,42.7,1678,1,99.94
고속터미널,9798531671,15,42.7,689,7,98.98
청량리,10121691848,15,42.7,1413,1,99.93
봉은사,595750357,15,42.7,602,1,99.83
언주,414684639,15,42.7,1033,1,99.9
삼성중앙,595750358,15,42.7,682,1,99.85
사평,13512489422,15,42.7,789,1,99.87
선정릉,2110338712,15,42.7,804,1,99.88
신논현,8376423650,15,42.7,1082,25,97.69
외대앞,3831105923,15,42.7,1212,1,99.92
구반포,11641428792,15,42.7,381,1,99.74
흑석,436881334,15,42.7,262,1,99.62
신반포,10918075302,15,42.7,556,1,99.82
온수,4987997944,15,42.7,269,1,99.63
왕십리,9083521281,15,42.7,1411,1,99.93
응봉,13780851569,15,42.7,76,1,98.68
도봉,7006105399,15,42.7,659,1,99.85
서빙고,12874837067,15,42.7,295,1,99.66
양재,11431861586,15,42.7,940,1,99.89
이촌,4172393733,15,42.7,454,10,97.8
복정,11330600853,15,42.7,392,1,99.74
독산,4095041979,15,42.7,268,1,99.63
신내,9810803930,15,42.7,662,1,99.85
금천구청,5308009219,15,42.7,605,1,99.83
암사역사공원,436817489,15,42.7,476,1,99.79
보문,436873184,15,42.7,1115,1,99.91
동작,7660036116,15,42.7,204,1,99.51
서울,10013086401,15,42.7,830,1,99.88
도곡,5403582157,15,42.7,462,1,99.78
김포공항,2353543144,15,42.7,522,1,99.81
동대문역사문화공원,8496801700,15,42.7,1850,1,99.95
구로,8918160546,15,42.7,533,1,99.81
북한산보국문,3841557294,15,42.7,582,1,99.83
안국,436867523,15,42.7,1297,1,99.92
강일,13093833784,15,42.7,347,1,99.71
천호,999136673,15,42.7,1051,1,99.9
서원,1835221331,15,42.7,1227,1,99.92
동대문,3830591792,15,42.7,1671,1,99.94
삼각지,5589627062,15,42.7,902,1,99.89
도봉산,5246596481,15,42.7,477,1,99.79
도봉산,5246596482,15,42.7,488,1,99.8
영등포,11459128410,15,42.7,783,1,99.87
노량진,3785111388,15,42.7,417,1,99.76
용산,10816124190,15,42.7,415,1,99.76
종각,11198015018,15,42.7,1508,1,99.93
건대입구,2613069963,15,42.7,1123,1,99.91
가좌,5756085341,15,42.7,950,1,99.89
남영,7836289839,15,42.7,867,1,99.88
대방,4617447369,15,42.7,306,1,99.67
응암,8735757178,15,42.7,2062,1,99.95
합정,5215341441,15,42.7,1477,1,99.93
동묘앞,4170064719,15,42.7,1658,1,99.94
고려대,5404768239,15,42.7,1585,1,99.94
홍대입구,11841458495,15,42.7,2240,2,99.91
디지털미디어시티,9891051186,15,42.7,182,1,99.45
선릉,2280678836,15,42.7,766,1,99.87
강남구청,2282830004,15,42.7,911,1,99.89
강남,7168335697,15,42.7,1287,1,99.92
가락시장,10939998666,15,42.7,266,1,99.62
을지로3가,7694743853,15,42.7,1932,1,99.95
불광,11228575654,15,42.7,1358,1,99.93
구의,3958847218,15,42.7,330,1,99.7
강변,1850655113,15,42.7,359,1,99.72
잠실나루,5159105401,15,42.7,251,1,99.6
옥수,3851466435,15,42.7,215,1,99.53
충무로,3846576172,15,42.7,1502,1,99.93
약수,3846603560,15,42.7,839,1,99.88
교대,3355067052,15,42.7,895,1,99.89
오금,3278844051,15,42.7,992,1,99.9
한양대,8992783196,15,42.7,906,1,99.89
성수,2551966241,15,42.7,805,1,99.88
시청,3404904658,15,42.7,1074,1,99.91
을지로입구,436830313,15,42.7,1494,7,99.53
을지로4가,10296582868,15,42.7,1599,1,99.94
신당,414685846,15,42.7,1733,1,99.94
상왕십리,11127349744,15,42.7,1796,1,99.94
신촌,5937884691,15,42.7,2707,1,99.96
이대,9283138042,15,42.7,1934,1,99.95
아현,1936511359,15,42.7,1758,1,99.94
마곡나루,4019735070,15,42.7,568,1,99.82
당산,3216944261,15,42.7,692,1,99.86
문래,11455185928,15,42.7,1223,1,99.92
신도림,5344219251,15,42.7,229,5,97.82
구로디지털단지,4624772818,15,42.7,665,1,99.85
신대방,4624808762,15,42.7,578,1,99.83
신림,5404739367,15,42.7,1212,1,99.92
봉천,5404739628,15,42.7,1274,1,99.92
서울대입구,5406451695,15,42.7,959,9,99.06
낙성대,5406462591,15,42.7,618,1,99.84
방배,8471989456,15,42.7,421,1,99.76
서초,3221788784,15,42.7,652,1,99.85
역삼,2280678732,15,42.7,948,1,99.89
삼성,733859380,15,42.7,606,1,99.83
종합운동장,1430639131,15,42.7,362,1,99.72
잠실새내,2957013438,15,42.7,642,1,99.84
잠실,7877518993,15,42.7,415,1,99.76
양천구청,3380999909,15,42.7,471,1,99.79
신정네거리,9572122970,15,42.7,759,1,99.87
도림천,4630961655,15,42.7,567,1,99.82
경찰병원,1812000920,15,42.7,649,1,99.85
대청,2927282422,15,42.7,495,1,99.8
학여울,4643770712,15,42.7,520,1,99.81
대치,2281644495,15,42.7,618,1,99.84
매봉,5406359683,15,42.7,583,1,99.83
남부터미널,436864976,15,42.7,743,1,99.87
잠원,4634374794,15,42.7,513,1,99.81
신사,8489501829,15,42.7,1026,1,99.9
압구정,9891581229,15,42.7,1171,1,99.91
금호,4201516987,15,42.7,552,1,99.82
동대입구,436870722,15,42.7,1131,1,99.91
경복궁,6033544429,15,42.7,1196,1,99.92
독립문,13460710395,15,42.7,816,1,99.88
무악재,11296428367,15,42.7,455,1,99.78
홍제,436868050,15,42.7,855,1,99.88
녹번,436867704,15,42.7,786,1,99.87
구파발,8515726110,15,42.7,786,6,99.24
불암산,3841778897,15,42.7,478,1,99.79
쌍문,436836179,15,42.7,1106,1,99.91
수유,9813541694,15,42.7,1433,1,99.93
미아,9819314920,15,42.7,1362,1,99.93
미아사거리,5198597933,15,42.7,1334,1,99.93
길음,5210130825,15,42.7,921,1,99.89
혜화,2409390726,15,42.7,915,1,99.89
명동,7495868732,15,42.7,1420,1,99.93
회현,12920546288,15,42.7,1025,1,99.9
서울역,5348913449,15,42.7,990,1,99.9
숙대입구,2533148374,15,42.7,1017,1,99.9
신용산,10816047755,15,42.7,445,1,99.78
사당,11521991148,15,42.7,772,1,99.87
남태령,7621561344,15,42.7,140,1,99.29
마천,10277058704,15,42.7,1004,1,99.9
거여,4489986954,15,42.7,1107,1,99.91
개롱,12142687377,15,42.7,1146,4,99.65
방이,2310500979,15,42.7,840,1,99.88
올림픽공원,8493888383,15,42.7,637,1,99.84
둔촌동,4680325914,15,42.7,548,1,99.82
상일동,7106623354,15,42.7,484,1,99.79
고덕,5915757376,15,42.7,713,1,99.86
명일,10009228390,15,42.7,570,1,99.82
굽은다리,3851742835,15,42.7,725,1,99.86
길동,3856135009,15,42.7,792,1,99.87
강동,3856513978,15,42.7,814,1,99.88
광나루,11182352080,15,42.7,452,1,99.78
아차산,2123390941,15,42.7,612,1,99.84
장한평,10708070992,15,42.7,481,1,99.79
답십리,10708182321,15,42.7,295,1,99.66
마장,3832676328,15,42.7,1208,1,99.92
행당,3833113882,15,42.7,1241,1,99.92
신금호,3848968727,15,42.7,743,1,99.87
광화문,13971398420,15,42.7,1418,1,99.93
서대문,445343537,15,42.7,1362,1,99.93
애오개,13142535285,15,42.7,1849,1,99.95
공덕,9941864292,15,42.7,1998,1,99.95
마포,13227969612,15,42.7,1192,1,99.92
여의나루,355173356,15,42.7,598,1,99.83
여의도,4744225606,15,42.7,421,1,99.76
신길,4529530743,15,42.7,518,1,99.81
영등포시장,355173354,15,42.7,1102,1,99.91
영등포구청,5215341470,15,42.7,1148,1,99.91
양평,436860925,15,42.7,708,1,99.86
오목교,2808319707,15,42.7,1088,1,99.91
목동,13895049012,15,42.7,1061,1,99.91
신정,2848435510,15,42.7,787,2,99.75
까치산,1906282324,15,42.7,941,1,99.89
화곡,2289350750,15,42.7,1376,1,99.93
우장산,4706229292,15,42.7,1447,1,99.93
발산,1791473931,15,42.7,929,1,99.89
마곡,13800646917,15,42.7,593,1,99.83
송정,4602991606,15,42.7,677,1,99.85
개화산,9228947724,15,42.7,593,1,99.83
방화,2702609963,15,42.7,435,1,99.77
봉화산,436834232,15,42.7,477,1,99.79
화랑대,3842209686,15,42.7,904,1,99.89
석계,1795189949,15,42.7,982,1,99.9
돌곶이,3830773366,15,42.7,1397,1,99.93
상월곡,5219803722,15,42.7,1040,1,99.9
월곡,5406198806,15,42.7,1159,24,97.93
안암,7625622864,15,42.7,1804,1,99.94
창신,1943131791,15,42.7,758,1,99.87
청구,1936511423,15,42.7,1242,1,99.92
버티고개,3847632030,15,42.7,334,2,99.4
한강진,436868241,15,42.7,569,1,99.82
이태원,2470887090,15,42.7,754,1,99.87
녹사평,2384953064,15,42.7,1040,1,99.9
효창공원앞,4426288471,15,42.7,1133,1,99.91
대흥,9987526934,15,42.7,1983,1,99.95
광흥창,4101356295,15,42.7,1853,1,99.95
상수,414685238,15,42.7,1337,1,99.93
망원,445327391,15,42.7,1724,1,99.94
마포구청,5905951490,15,42.7,1038,1,99.9
월드컵경기장,798569457,15,42.7,500,1,99.8
증산,3823125035,15,42.7,1303,1,99.92
새절,3822999355,15,42.7,1828,1,99.95
구산,2292697262,15,42.7,1767,1,99.94
연신내,13357342120,15,42.7,1578,1,99.94
독바위,3824954278,15,42.7,914,1,99.89
역촌,10789220053,15,42.7,1917,1,99.95
어린이대공원,7939459503,15,42.7,860,1,99.88
군자,8743773046,15,42.7,1103,1,99.91
중곡,3840461137,15,42.7,932,1,99.89
용마산,10141309870,15,42.7,1285,1,99.92
사가정,436849774,15,42.7,1805,1,99.94
면목,436816024,15,42.7,1746,1,99.94
상봉,436718863,15,42.7,2078,1,99.95
중화,3819991417,15,42.7,1857,1,99.95
먹골,436538654,15,42.7,1117,1,99.91
태릉입구,13821634895,15,42.7,1354,1,99.93
공릉,13566284590,15,42.7,1151,1,99.91
하계,13566334119,15,42.7,554,1,99.82
중계,3835756882,15,42.7,440,1,99.77
노원,10598556476,15,42.7,697,1,99.86
마들,9410070134,15,42.7,1010,1,99.9
수락산,13566334197,15,42.7,619,1,99.84
가산디지털단지,436846908,15,42.7,460,1,99.78
남구로,2590252230,15,42.7,768,1,99.87
대림,2589375675,15,42.7,858,1,99.88
신풍,2108483850,15,42.7,848,1,99.88
보라매,2108483937,15,42.7,721,1,99.86
신대방삼거리,2108483943,15,42.7,901,1,99.89
장승배기,1830596637,15,42.7,854,1,99.88
상도,436821675,15,42.7,771,1,99.87
숭실대입구,11413637825,15,42.7,585,1,99.83
남성,4195693782,15,42.7,686,1,99.85
이수,13434371130,15,42.7,970,1,99.9
내방,2110270505,15,42.7,487,1,99.79
반포,9914441894,15,42.7,746,1,99.87
논현,2280678861,15,42.7,955,1,99.9
학동,2279487893,15,42.7,1030,1,99.9
청담,2279487921,15,42.7,785,1,99.87
자양,9040152140,15,42.7,636,1,99.84
용두,1939143883,15,42.7,1269,1,99.92
신답,2460188205,15,42.7,45,1,97.78
천왕,1784377384,15,42.7,338,1,99.7
장지,11202554992,15,42.7,983,1,99.9
문정,6832910091,15,42.7,581,1,99.83
송파,2280491847,15,42.7,553,1,99.82
석촌,2280491863,15,42.7,301,1,99.67
몽촌토성,2346858828,15,42.7,451,1,99.78
강동구청,436855505,15,42.7,904,1,99.89
암사,999136556,15,42.7,828,1,99.88
중앙보훈병원,4197252516,15,42.7,357,6,98.32
둔촌오륜,11229084218,15,42.7,377,1,99.73
한성백제,10009448574,15,42.7,394,1,99.75
송파나루,1809560163,15,42.7,485,1,99.79
석촌고분,10855673146,15,42.7,780,1,99.87
삼전,4186302819,15,42.7,613,1,99.84
대모산입구,4643770733,15,42.7,495,1,99.8
개포동,2032418657,15,42.7,428,1,99.77
구룡,436814317,15,42.7,225,1,99.56
한티,4784810914,15,42.7,616,1,99.84
압구정로데오,596509934,15,42.7,705,1,99.86
서울숲,9081846792,15,42.7,723,1,99.86
양재시민의숲,12872531616,15,42.7,667,1,99.85
청계산입구,11744211938,15,42.7,177,1,99.44
성신여대입구,5226829495,15,42.7,886,1,99.89
청량리,7749822746,15,42.7,1451,1,99.93
신내,9534964676,15,42.7,661,1,99.85
종로3가,7068953101,15,42.7,1739,1,99.94
신설동,13345643243,15,42.7,1380,1,99.93
성신여대입구,9816197077,15,42.7,862,1,99.88
이촌,13472471079,15,42.7,485,1,99.79
서울역,10216518963,15,42.7,550,1,99.82
수서,6004121530,15,42.7,224,1,99.55
건대입구,11303511536,15,42.7,1018,1,99.9
선정릉,596482732,15,42.7,765,1,99.87
선릉,860338496,15,42.7,762,1,99.87
도곡,3418782698,15,42.7,447,2,99.55
수서,12364278188,15,42.7,233,1,99.57
복정,11330600836,15,42.7,445,1,99.78
왕십리,9369050246,15,42.7,1530,1,99.93
왕십리,11127349780,15,42.7,1663,1,99.94
신설동,4173042514,15,42.7,1293,1,99.92
939정거장,8436624771,15,42.7,364,1,99.73
창동,4659124351,15,42.7,526,1,99.81
동작,3401123578,15,42.7,13,1,92.31
개화,9701881739,15,42.7,242,1,99.59
상봉,2470981971,15,42.7,1849,1,99.95
관악산,4373612914,15,42.7,549,1,99.82
서울대벤처타운,1835221096,15,42.7,879,1,99.89
신림,1844912791,15,42.7,1197,1,99.92
당곡,436858756,15,42.7,1055,1,99.91
보라매병원,436847189,15,42.7,817,14,98.29
보라매공원,7916896848,15,42.7,516,1,99.81
보라매,2819460436,15,42.7,703,1,99.86
서울지방병무청,11178013529,15,42.7,675,1,99.85
대방,11553007316,15,42.7,534,1,99.81
샛강,13506574406,15,42.7,361,1,99.72
샛강,13670786965,15,42.7,348,1,99.71
서울역,3390941198,15,42.7,980,1,99.9
디지털미디어시티,2605603657,15,42.7,383,3,99.22
디지털미디어시티,4652833827,15,42.7,469,1,99.79
노원,5706189891,15,42.7,776,1,99.87
양재,4865811281,15,42.7,893,1,99.89
강남,3087683154,15,42.7,1222,31,97.46
당산,10814323607,15,42.7,737,5,99.32
서울역,3391063393,15,42.7,1011,1,99.9
신길,4636791670,15,42.7,720,1,99.86
가산디지털단지,2108483903,15,42.7,492,1,99.8
상계,3401474874,15,42.7,689,1,99.85
선유도,2726710465,15,42.7,537,1,99.81
신목동,2812530406,15,42.7,405,1,99.75
염창,2289016390,15,42.7,683,1,99.85
등촌,2290015312,15,42.7,810,1,99.88
증미,3042643876,15,42.7,673,1,99.85
가양,2142681442,15,42.7,885,1,99.89
양천향교,414683333,15,42.7,635,1,99.84
신방화,10814323761,15,42.7,827,1,99.88
공항시장,4604019398,15,42.7,777,1,99.87
총신대입구(이수),4984575377,15,42.7,877,1,99.89
동묘앞,3830591800,15,42.7,1683,6,99.64
동대문,7195666618,15,42.7,1827,1,99.95
종로3가,4198116864,15,42.7,1363,1,99.93
종로3가,4197560774,15,42.7,1595,1,99.94
정릉,3828480980,15,42.7,700,1,99.86
솔샘,3841342870,15,42.7,826,1,99.88
삼양사거리,3841342963,15,42.7,1425,1,99.93
삼양,3840741768,15,42.7,1428,1,99.93
화계,436865378,15,42.7,1464,1,99.93
가오리,3840936112,15,42.7,1346,1,99.93
4.19민주묘지,3841077641,15,42.7,939,1,99.89
솔밭공원,3626451463,15,42.7,493,1,99.8
북한산우이,11824482197,15,42.7,274,1,99.64
시청,7677568503,15,42.7,1206,1,99.92
노량진,4627778176,15,42.7,411,1,99.76
김포공항,7981330101,15,42.7,553,1,99.82
김포공항,4874729815,15,42.7,614,1,99.84
옥수,8222891384,15,42.7,318,1,99.69
신도림,5119449050,15,42.7,331,1,99.7
수서,11563289590,15,42.7,234,24,89.74
연신내,10678122489,15,42.7,1643,1,99.94
뚝섬,8498978693,15,42.7,756,1,99.87
동대문역사문화공원,414685825,15,42.7,1759,1,99.94
동대문역사문화공원,1945254583,15,42.7,1864,1,99.95
종합운동장,13894950326,15,42.7,402,1,99.75
홍대입구,13227913200,15,42.7,2129,1,99.95
942정거장,436815896,15,42.7,625,1,99.84
한성대입구,5973684086,16,38.0,1088,1,99.91
제기동,9655918649,16,38.0,1288,1,99.92
신이문,3831106833,16,38.0,1042,1,99.9
회기,9776882774,16,38.0,1756,1,99.94
월계,3834716670,16,38.0,300,1,99.67
녹천,3834717475,16,38.0,227,1,99.56
광운대,436854528,16,38.0,396,1,99.75
창동,3834608837,16,38.0,424,1,99.76
방학,3846919916,16,38.0,688,1,99.85
오류동,8508812072,16,38.0,98,1,98.98
개봉,5442986444,16,38.0,390,1,99.74
구일,3210749463,16,38.0,272,1,99.63
일원,9454279402,16,38.0,208,1,99.52
양원,9534964626,16,38.0,911,1,99.89
한남,3852156874,16,38.0,249,1,99.6
수색,11944713936,16,38.0,364,1,99.73
940정거장,3011994542,16,38.0,315,1,99.68
중랑,10138603166,16,38.0,1617,1,99.94
망우,9760894592,16,38.0,1800,1,99.94
국회의사당,2932339394,16,38.0,587,1,99.83
노들,4627760504,16,38.0,448,1,99.78
신설동,13227969660,16,38.0,1231,1,99.92
용답,2460188229,16,38.0,807,1,99.88
신촌,13683819523,16,38.0,2215,1,99.95
수서,6299196105,16,38.0,236,1,99.58
충정로,3893042379,16,38.0,1387,1,99.93
서강대,5221755996,16,38.0,2111,1,99.95
종로5가,436883169,16,38.0,1678,1,99.94
고속터미널,9798531671,16,38.0,689,1,99.85
청량리,10121691848,16,38.0,1413,1,99.93
봉은사,595750357,16,38.0,602,1,99.83
언주,414684639,16,38.0,1033,1,99.9
삼성중앙,595750358,16,38.0,682,1,99.85
사평,13512489422,16,38.0,789,1,99.87
선정릉,2110338712,16,38.0,804,1,99.88
신논현,8376423650,16,38.0,1082,1,99.91
외대앞,3831105923,16,38.0,1212,1,99.92
구반포,11641428792,16,38.0,381,1,99.74
흑석,436881334,16,38.0,262,1,99.62
신반포,10918075302,16,38.0,556,1,99.82
온수,4987997944,16,38.0,269,1,99.63
왕십리,9083521281,16,38.0,1411,1,99.93
응봉,13780851569,16,38.0,76,1,98.68
도봉,7006105399,16,38.0,659,1,99.85
서빙고,12874837067,16,38.0,295,1,99.66
양재,11431861586,16,38.0,940,1,99.89
이촌,4172393733,16,38.0,454,1,99.78
복정,11330600853,16,38.0,392,1,99.74
독산,4095041979,16,38.0,268,1,99.63
신내,9810803930,16,38.0,662,1,99.85
금천구청,5308009219,16,38.0,605,1,99.83
암사역사공원,436817489,16,38.0,476,1,99.79
보문,436873184,16,38.0,1115,1,99.91
동작,7660036116,16,38.0,204,1,99.51
서울,10013086401,16,38.0,830,1,99.88
도곡,5403582157,16,38.0,462,1,99.78
김포공항,2353543144,16,38.0,522,1,99.81
동대문역사문화공원,8496801700,16,38.0,1850,1,99.95
구로,8918160546,16,38.0,533,1,99.81
북한산보국문,3841557294,16,38.0,582,1,99.83
안국,436867523,16,38.0,1297,1,99.92
강일,13093833784,16,38.0,347,1,99.71
천호,999136673,16,38.0,1051,1,99.9
서원,1835221331,16,38.0,1227,1,99.92
동대문,3830591792,16,38.0,1671,1,99.94
삼각지,5589627062,16,38.0,902,1,99.89
도봉산,5246596481,16,38.0,477,1,99.79
도봉산,5246596482,16,38.0,488,1,99.8
영등포,11459128410,16,38.0,783,1,99.87
노량진,3785111388,16,38.0,417,1,99.76
용산,10816124190,16,38.0,415,1,99.76
종각,11198015018,16,38.0,1508,1,99.93
건대입구,2613069963,16,38.0,1123,1,99.91
가좌,5756085341,16,38.0,950,1,99.89
남영,7836289839,16,38.0,867,1,99.88
대방,4617447369,16,38.0,306,1,99.67
응암,8735757178,16,38.0,2062,1,99.95
합정,5215341441,16,38.0,1477,1,99.93
동묘앞,4170064719,16,38.0,1658,1,99.94
고려대,5404768239,16,38.0,1585,1,99.94
홍대입구,11841458495,16,38.0,2240,1,99.96
디지털미디어시티,9891051186,16,38.0,182,1,99.45
선릉,2280678836,16,38.0,766,1,99.87
강남구청,2282830004,16,38.0,911,1,99.89
강남,7168335697,16,38.0,1287,1,99.92
가락시장,10939998666,16,38.0,266,1,99.62
을지로3가,7694743853,16,38.0,1932,1,99.95
불광,11228575654,16,38.0,1358,1,99.93
구의,3958847218,16,38.0,330,1,99.7
강변,1850655113,16,38.0,359,1,99.72
잠실나루,5159105401,16,38.0,251,1,99.6
옥수,3851466435,16,38.0,215,1,99.53
충무로,3846576172,16,38.0,1502,1,99.93
약수,3846603560,16,38.0,839,1,99.88
교대,3355067052,16,38.0,895,1,99.89
오금,3278844051,16,38.0,992,1,99.9
한양대,8992783196,16,38.0,906,1,99.89
성수,2551966241,16,38.0,805,1,99.88
시청,3404904658,16,38.0,1074,1,99.91
을지로입구,436830313,16,38.0,1494,1,99.93
을지로4가,10296582868,16,38.0,1599,1,99.94
신당,414685846,16,38.0,1733,1,99.94
상왕십리,11127349744,16,38.0,1796,1,99.94
신촌,5937884691,16,38.0,2707,1,99.96
이대,9283138042,16,38.0,1934,1,99.95
아현,1936511359,16,38.0,1758,1,99.94
마곡나루,4019735070,16,38.0,568,1,99.82
당산,3216944261,16,38.0,692,1,99.86
문래,11455185928,16,38.0,1223,1,99.92
신도림,5344219251,16,38.0,229,1,99.56
구로디지털단지,4624772818,16,38.0,665,1,99.85
신대방,4624808762,16,38.0,578,1,99.83
신림,5404739367,16,38.0,1212,1,99.92
봉천,5404739628,16,38.0,1274,1,99.92
서울대입구,5406451695,16,38.0,959,1,99.9
낙성대,5406462591,16,38.0,618,1,99.84
방배,8471989456,16,38.0,421,1,99.76
서초,3221788784,16,38.0,652,1,99.85
역삼,2280678732,16,38.0,948,1,99.89
삼성,733859380,16,38.0,606,1,99.83
종합운동장,1430639131,16,38.0,362,1,99.72
잠실새내,2957013438,16,38.0,642,1,99.84
잠실,7877518993,16,38.0,415,1,99.76
양천구청,3380999909,16,38.0,471,1,99.79
신정네거리,9572122970,16,38.0,759,1,99.87
도림천,4630961655,16,38.0,567,1,99.82
경찰병원,1812000920,16,38.0,649,1,99.85
대청,2927282422,16,38.0,495,1,99.8
학여울,4643770712,16,38.0,520,1,99.81
대치,2281644495,16,38.0,618,1,99.84
매봉,5406359683,16,38.0,583,1,99.83
남부터미널,436864976,16,38.0,743,1,99.87
잠원,4634374794,16,38.0,513,1,99.81
신사,8489501829,16,38.0,1026,1,99.9
압구정,9891581229,16,38.0,1171,1,99.91
금호,4201516987,16,38.0,552,1,99.82
동대입구,436870722,16,38.0,1131,1,99.91
경복궁,6033544429,16,38.0,1196,1,99.92
독립문,13460710395,16,38.0,816,1,99.88
무악재,11296428367,16,38.0,455,1,99.78
홍제,436868050,16,38.0,855,1,99.88
녹번,436867704,16,38.0,786,1,99.87
구파발,8515726110,16,38.0,786,1,99.87
불암산,3841778897,16,38.0,478,1,99.79
쌍문,436836179,16,38.0,1106,1,99.91
수유,9813541694,16,38.0,1433,1,99.93
미아,9819314920,16,38.0,1362,1,99.93
미아사거리,5198597933,16,38.0,1334,1,99.93
길음,5210130825,16,38.0,921,1,99.89
혜화,2409390726,16,38.0,915,1,99.89
명동,7495868732,16,38.0,1420,1,99.93
회현,12920546288,16,38.0,1025,1,99.9
서울역,5348913449,16,38.0,990,1,99.9
숙대입구,2533148374,16,38.0,1017,1,99.9
신용산,10816047755,16,38.0,445,1,99.78
사당,11521991148,16,38.0,772,1,99.87
남태령,7621561344,16,38.0,140,1,99.29
마천,10277058704,16,38.0,1004,1,99.9
거여,4489986954,16,38.0,1107,1,99.91
개롱,12142687377,16,38.0,1146,1,99.91
방이,2310500979,16,38.0,840,1,99.88
올림픽공원,8493888383,16,38.0,637,1,99.84
둔촌동,4680325914,16,38.0,548,1,99.82
상일동,7106623354,16,38.0,484,1,99.79
고덕,5915757376,16,38.0,713,1,99.86
명일,10009228390,16,38.0,570,1,99.82
굽은다리,3851742835,16,38.0,725,1,99.86
길동,3856135009,16,38.0,792,1,99.87
강동,3856513978,16,38.0,814,1,99.88
광나루,11182352080,16,38.0,452,1,99.78
아차산,2123390941,16,38.0,612,1,99.84
장한평,10708070992,16,38.0,481,1,99.79
답십리,10708182321,16,38.0,295,1,99.66
마장,3832676328,16,38.0,1208,1,99.92
행당,3833113882,16,38.0,1241,1,99.92
신금호,3848968727,16,38.0,743,1,99.87
광화문,13971398420,16,38.0,1418,1,99.93
서대문,445343537,16,38.0,1362,1,99.93
애오개,13142535285,16,38.0,1849,1,99.95
공덕,9941864292,16,38.0,1998,1,99.95
마포,13227969612,16,38.0,1192,1,99.92
여의나루,355173356,16,38.0,598,1,99.83
여의도,4744225606,16,38.0,421,1,99.76
신길,4529530743,16,38.0,518,1,99.81
영등포시장,355173354,16,38.0,1102,1,99.91
영등포구청,5215341470,16,38.0,1148,1,99.91
양평,436860925,16,38.0,708,1,99.86
오목교,2808319707,16,38.0,1088,1,99.91
목동,13895049012,16,38.0,1061,1,99.91
신정,2848435510,16,38.0,787,1,99.87
까치산,1906282324,16,38.0,941,1,99.89
화곡,2289350750,16,38.0,1376,1,99.93
우장산,4706229292,16,38.0,1447,1,99.93
발산,1791473931,16,38.0,929,1,99.89
마곡,13800646917,16,38.0,593,1,99.83
송정,4602991606,16,38.0,677,1,99.85
개화산,9228947724,16,38.0,593,1,99.83
방화,2702609963,16,38.0,435,1,99.77
봉화산,436834232,16,38.0,477,1,99.79
화랑대,3842209686,16,38.0,904,1,99.89
석계,1795189949,16,38.0,982,1,99.9
돌곶이,3830773366,16,38.0,1397,1,99.93
상월곡,5219803722,16,38.0,1040,1,99.9
월곡,5406198806,16,38.0,1159,1,99.91
안암,7625622864,16,38.0,1804,1,99.94
창신,1943131791,16,38.0,758,1,99.87
청구,1936511423,16,38.0,1242,1,99.92
버티고개,3847632030,16,38.0,334,1,99.7
한강진,436868241,16,38.0,569,1,99.82
이태원,2470887090,16,38.0,754,1,99.87
녹사평,2384953064,16,38.0,1040,1,99.9
효창공원앞,4426288471,16,38.0,1133,1,99.91
대흥,9987526934,16,38.0,1983,1,99.95
광흥창,4101356295,16,38.0,1853,1,99.95
상수,414685238,16,38.0,1337,1,99.93
망원,445327391,16,38.0,1724,1,99.94
마포구청,5905951490,16,38.0,1038,1,99.9
월드컵경기장,798569457,16,38.0,500,1,99.8
증산,3823125035,16,38.0,1303,1,99.92
새절,3822999355,16,38.0,1828,1,99.95
구산,2292697262,16,38.0,1767,1,99.94
연신내,13357342120,16,38.0,1578,1,99.94
독바위,3824954278,16,38.0,914,1,99.89
역촌,10789220053,16,38.0,1917,1,99.95
어린이대공원,7939459503,16,38.0,860,1,99.88
군자,8743773046,16,38.0,1103,1,99.91
중곡,3840461137,16,38.0,932,1,99.89
용마산,10141309870,16,38.0,1285,1,99.92
사가정,436849774,16,38.0,1805,1,99.94
면목,436816024,16,38.0,1746,1,99.94
상봉,436718863,16,38.0,2078,1,99.95
중화,3819991417,16,38.0,1857,1,99.95
먹골,436538654,16,38.0,1117,1,99.91
태릉입구,13821634895,16,38.0,1354,1,99.93
공릉,13566284590,16,38.0,1151,1,99.91
하계,13566334119,16,38.0,554,1,99.82
중계,3835756882,16,38.0,440,1,99.77
노원,10598556476,16,38.0,697,1,99.86
마들,9410070134,16,38.0,1010,1,99.9
수락산,13566334197,16,38.0,619,1,99.84
가산디지털단지,436846908,16,38.0,460,1,99.78
남구로,2590252230,16,38.0,768,1,99.87
대림,2589375675,16,38.0,858,1,99.88
신풍,2108483850,16,38.0,848,1,99.88
보라매,2108483937,16,38.0,721,1,99.86
신대방삼거리,2108483943,16,38.0,901,1,99.89
장승배기,1830596637,16,38.0,854,1,99.88
상도,436821675,16,38.0,771,1,99.87
숭실대입구,11413637825,16,38.0,585,1,99.83
남성,4195693782,16,38.0,686,1,99.85
이수,13434371130,16,38.0,970,1,99.9
내방,2110270505,16,38.0,487,1,99.79
반포,9914441894,16,38.0,746,1,99.87
논현,2280678861,16,38.0,955,1,99.9
학동,2279487893,16,38.0,1030,1,99.9
청담,2279487921,16,38.0,785,1,99.87
자양,9040152140,16,38.0,636,1,99.84
용두,1939143883,16,38.0,1269,1,99.92
신답,2460188205,16,38.0,45,1,97.78
천왕,1784377384,16,38.0,338,1,99.7
장지,11202554992,16,38.0,983,1,99.9
문정,6832910091,16,38.0,581,1,99.83
송파,2280491847,16,38.0,553,1,99.82
석촌,2280491863,16,38.0,301,1,99.67
몽촌토성,2346858828,16,38.0,451,1,99.78
강동구청,436855505,16,38.0,904,1,99.89
암사,999136556,16,38.0,828,1,99.88
중앙보훈병원,4197252516,16,38.0,357,1,99.72
둔촌오륜,11229084218,16,38.0,377,1,99.73
한성백제,10009448574,16,38.0,394,1,99.75
송파나루,1809560163,16,38.0,485,1,99.79
석촌고분,10855673146,16,38.0,780,1,99.87
삼전,4186302819,16,38.0,613,1,99.84
대모산입구,4643770733,16,38.0,495,1,99.8
개포동,2032418657,16,38.0,428,1,99.77
구룡,436814317,16,38.0,225,1,99.56
한티,4784810914,16,38.0,616,1,99.84
압구정로데오,596509934,16,38.0,705,1,99.86
서울숲,9081846792,16,38.0,723,1,99.86
양재시민의숲,12872531616,16,38.0,667,1,99.85
청계산입구,11744211938,16,38.0,177,1,99.44
성신여대입구,5226829495,16,38.0,886,1,99.89
청량리,7749822746,16,38.0,1451,1,99.93
신내,9534964676,16,38.0,661,1,99.85
종로3가,7068953101,16,38.0,1739,1,99.94
신설동,13345643243,16,38.0,1380,1,99.93
성신여대입구,9816197077,16,38.0,862,1,99.88
이촌,13472471079,16,38.0,485,1,99.79
서울역,10216518963,16,38.0,550,1,99.82
수서,6004121530,16,38.0,224,1,99.55
건대입구,11303511536,16,38.0,1018,1,99.9
선정릉,596482732,16,38.0,765,1,99.87
선릉,860338496,16,38.0,762,1,99.87
도곡,3418782698,16,38.0,447,1,99.78
수서,12364278188,16,38.0,233,1,99.57
복정,11330600836,16,38.0,445,1,99.78
왕십리,9369050246,16,38.0,1530,1,99.93
왕십리,11127349780,16,38.0,1663,1,99.94
신설동,4173042514,16,38.0,1293,1,99.92
939정거장,8436624771,16,38.0,364,1,99.73
창동,4659124351,16,38.0,526,1,99.81
동작,3401123578,16,38.0,13,1,92.31
개화,9701881739,16,38.0,242,1,99.59
상봉,2470981971,16,38.0,1849,1,99.95
관악산,4373612914,16,38.0,549,1,99.82
서울대벤처타운,1835221096,16,38.0,879,1,99.89
신림,1844912791,16,38.0,1197,1,99.92
당곡,436858756,16,38.0,1055,1,99.91
보라매병원,436847189,16,38.0,817,1,99.88
보라매공원,7916896848,16,38.0,516,1,99.81
보라매,2819460436,16,38.0,703,1,99.86
서울지방병무청,11178013529,16,38.0,675,1,99.85
대방,11553007316,16,38.0,534,1,99.81
샛강,13506574406,16,38.0,361,1,99.72
샛강,13670786965,16,38.0,348,1,99.71
서울역,3390941198,16,38.0,980,1,99.9
디지털미디어시티,2605603657,16,38.0,383,1,99.74
디지털미디어시티,4652833827,16,38.0,469,1,99.79
노원,5706189891,16,38.0,776,1,99.87
양재,4865811281,16,38.0,893,1,99.89
강남,3087683154,16,38.0,1222,1,99.92
당산,10814323607,16,38.0,737,1,99.86
서울역,3391063393,16,38.0,1011,1,99.9
신길,4636791670,16,38.0,720,1,99.86
가산디지털단지,2108483903,16,38.0,492,1,99.8
상계,3401474874,16,38.0,689,1,99.85
선유도,2726710465,16,38.0,537,1,99.81
신목동,2812530406,16,38.0,405,1,99.75
염창,2289016390,16,38.0,683,1,99.85
등촌,2290015312,16,38.0,810,1,99.88
증미,3042643876,16,38.0,673,1,99.85
가양,2142681442,16,38.0,885,1,99.89
양천향교,414683333,16,38.0,635,1,99.84
신방화,10814323761,16,38.0,827,1,99.88
공항시장,4604019398,16,38.0,777,1,99.87
총신대입구(이수),4984575377,16,38.0,877,1,99.89
동묘앞,3830591800,16,38.0,1683,1,99.94
동대문,7195666618,16,38.0,1827,1,99.95
종로3가,4198116864,16,38.0,1363,1,99.93
종로3가,4197560774,16,38.0,1595,1,99.94
정릉,3828480980,16,38.0,700,1,99.86
솔샘,3841342870,16,38.0,826,1,99.88
삼양사거리,3841342963,16,38.0,1425,1,99.93
삼양,3840741768,16,38.0,1428,1,99.93
화계,436865378,16,38.0,1464,1,99.93
가오리,3840936112,16,38.0,1346,1,99.93
4.19민주묘지,3841077641,16,38.0,939,1,99.89
솔밭공원,3626451463,16,38.0,493,1,99.8
북한산우이,11824482197,16,38.0,274,1,99.64
시청,7677568503,16,38.0,1206,1,99.92
노량진,4627778176,16,38.0,411,1,99.76
김포공항,7981330101,16,38.0,553,1,99.82
김포공항,4874729815,16,38.0,614,1,99.84
옥수,8222891384,16,38.0,318,1,99.69
신도림,5119449050,16,38.0,331,1,99.7
수서,11563289590,16,38.0,234,8,96.58
연신내,10678122489,16,38.0,1643,1,99.94
뚝섬,8498978693,16,38.0,756,1,99.87
동대문역사문화공원,414685825,16,38.0,1759,1,99.94
동대문역사문화공원,1945254583,16,38.0,1864,1,99.95
종합운동장,13894950326,16,38.0,402,1,99.75
홍대입구,13227913200,16,38.0,2129,1,99.95
942정거장,436815896,16,38.0,625,1,99.84
한성대입구,5973684086,16,42.7,1088,1,99.91
제기동,9655918649,16,42.7,1288,1,99.92
신이문,3831106833,16,42.7,1042,1,99.9
회기,9776882774,16,42.7,1756,1,99.94
월계,3834716670,16,42.7,300,1,99.67
녹천,3834717475,16,42.7,227,1,99.56
광운대,436854528,16,42.7,396,5,98.74
창동,3834608837,16,42.7,424,2,99.53
방학,3846919916,16,42.7,688,1,99.85
오류동,8508812072,16,42.7,98,1,98.98
개봉,5442986444,16,42.7,390,1,99.74
구일,3210749463,16,42.7,272,1,99.63
일원,9454279402,16,42.7,208,3,98.56
양원,9534964626,16,42.7,911,1,99.89
한남,3852156874,16,42.7,249,1,99.6
수색,11944713936,16,42.7,364,1,99.73
940정거장,3011994542,16,42.7,315,2,99.37
중랑,10138603166,16,42.7,1617,1,99.94
망우,9760894592,16,42.7,1800,1,99.94
국회의사당,2932339394,16,42.7,587,1,99.83
노들,4627760504,16,42.7,448,1,99.78
신설동,13227969660,16,42.7,1231,1,99.92
용답,2460188229,16,42.7,807,1,99.88
신촌,13683819523,16,42.7,2215,1,99.95
수서,6299196105,16,42.7,236,1,99.58
충정로,3893042379,16,42.7,1387,1,99.93
서강대,5221755996,16,42.7,2111,3,99.86
종로5가,436883169,16,42.7,1678,1,99.94
고속터미널,9798531671,16,42.7,689,7,98.98
청량리,10121691848,16,42.7,1413,1,99.93
봉은사,595750357,16,42.7,602,1,99.83
언주,414684639,16,42.7,1033,2,99.81
삼성중앙,595750358,16,42.7,682,1,99.85
사평,13512489422,16,42.7,789,1,99.87
선정릉,2110338712,16,42.7,804,1,99.88
신논현,8376423650,16,42.7,1082,49,95.47
외대앞,3831105923,16,42.7,1212,1,99.92
구반포,11641428792,16,42.7,381,1,99.74
흑석,436881334,16,42.7,262,1,99.62
신반포,10918075302,16,42.7,556,1,99.82
온수,4987997944,16,42.7,269,1,99.63
왕십리,9083521281,16,42.7,1411,1,99.93
응봉,13780851569,16,42.7,76,1,98.68
도봉,7006105399,16,42.7,659,2,99.7
서빙고,12874837067,16,42.7,295,1,99.66
양재,11431861586,16,42.7,940,1,99.89
이촌,4172393733,16,42.7,454,30,93.39
복정,11330600853,16,42.7,392,1,99.74
독산,4095041979,16,42.7,268,2,99.25
신내,9810803930,16,42.7,662,1,99.85
금천구청,5308009219,16,42.7,605,1,99.83
암사역사공원,436817489,16,42.7,476,1,99.79
보문,436873184,16,42.7,1115,1,99.91
동작,7660036116,16,42.7,204,1,99.51
서울,10013086401,16,42.7,830,2,99.76
도곡,5403582157,16,42.7,462,1,99.78
김포공항,2353543144,16,42.7,522,1,99.81
동대문역사문화공원,8496801700,16,42.7,1850,1,99.95
구로,8918160546,16,42.7,533,1,99.81
북한산보국문,3841557294,16,42.7,582,1,99.83
안국,436867523,16,42.7,1297,1,99.92
강일,13093833784,16,42.7,347,1,99.71
천호,999136673,16,42.7,1051,1,99.9
서원,1835221331,16,42.7,1227,1,99.92
동대문,3830591792,16,42.7,1671,1,99.94
삼각지,5589627062,16,42.7,902,1,99.89
도봉산,5246596481,16,42.7,477,1,99.79
도봉산,5246596482,16,42.7,488,1,99.8
영등포,11459128410,16,42.7,783,1,99.87
노량진,3785111388,16,42.7,417,1,99.76
용산,10816124190,16,42.7,415,2,99.52
종각,11198015018,16,42.7,1508,1,99.93
건대입구,2613069963,16,42.7,1123,32,97.15
가좌,5756085341,16,42.7,950,1,99.89
남영,7836289839,16,42.7,867,1,99.88
대방,4617447369,16,42.7,306,1,99.67
응암,8735757178,16,42.7,2062,1,99.95
합정,5215341441,16,42.7,1477,1,99.93
동묘앞,4170064719,16,42.7,1658,1,99.94
고려대,5404768239,16,42.7,1585,1,99.94
홍대입구,11841458495,16,42.7,2240,2,99.91
디지털미디어시티,9891051186,16,42.7,182,1,99.45
선릉,2280678836,16,42.7,766,8,98.96
강남구청,2282830004,16,42.7,911,3,99.67
강남,7168335697,16,42.7,1287,1,99.92
가락시장,10939998666,16,42.7,266,1,99.62
을지로3가,7694743853,16,42.7,1932,1,99.95
불광,11228575654,16,42.7,1358,1,99.93
구의,3958847218,16,42.7,330,1,99.7
강변,1850655113,16,42.7,359,4,98.89
잠실나루,5159105401,16,42.7,251,1,99.6
옥수,3851466435,16,42.7,215,1,99.53
충무로,3846576172,16,42.7,1502,1,99.93
약수,3846603560,16,42.7,839,1,99.88
교대,3355067052,16,42.7,895,1,99.89
오금,3278844051,16,42.7,992,1,99.9
한양대,8992783196,16,42.7,906,1,99.89
성수,2551966241,16,42.7,805,1,99.88
시청,3404904658,16,42.7,1074,1,99.91
을지로입구,436830313,16,42.7,1494,9,99.4
을지로4가,10296582868,16,42.7,1599,1,99.94
신당,414685846,16,42.7,1733,1,99.94
상왕십리,11127349744,16,42.7,1796,5,99.72
신촌,5937884691,16,42.7,2707,1,99.96
이대,9283138042,16,42.7,1934,1,99.95
아현,1936511359,16,42.7,1758,1,99.94
마곡나루,4019735070,16,42.7,568,1,99.82
당산,3216944261,16,42.7,692,1,99.86
문래,11455185928,16,42.7,1223,1,99.92
신도림,5344219251,16,42.7,229,5,97.82
구로디지털단지,4624772818,16,42.7,665,1,99.85
신대방,4624808762,16,42.7,578,1,99.83
신림,5404739367,16,42.7,1212,1,99.92
봉천,5404739628,16,42.7,1274,1,99.92
서울대입구,5406451695,16,42.7,959,65,93.22
낙성대,5406462591,16,42.7,618,11,98.22
방배,8471989456,16,42.7,421,1,99.76
서초,3221788784,16,42.7,652,1,99.85
역삼,2280678732,16,42.7,948,31,96.73
삼성,733859380,16,42.7,606,1,99.83
종합운동장,1430639131,16,42.7,362,1,99.72
잠실새내,2957013438,16,42.7,642,1,99.84
잠실,7877518993,16,42.7,415,2,99.52
양천구청,3380999909,16,42.7,471,1,99.79
신정네거리,9572122970,16,42.7,759,1,99.87
도림천,4630961655,16,42.7,567,1,99.82
경찰병원,1812000920,16,42.7,649,5,99.23
대청,2927282422,16,42.7,495,1,99.8
학여울,4643770712,16,42.7,520,1,99.81
대치,2281644495,16,42.7,618,1,99.84
매봉,5406359683,16,42.7,583,1,99.83
남부터미널,436864976,16,42.7,743,30,95.96
잠원,4634374794,16,42.7,513,1,99.81
신사,8489501829,16,42.7,1026,1,99.9
압구정,9891581229,16,42.7,1171,1,99.91
금호,4201516987,16,42.7,552,1,99.82
동대입구,436870722,16,42.7,1131,1,99.91
경복궁,6033544429,16,42.7,1196,1,99.92
독립문,13460710395,16,42.7,816,1,99.88
무악재,11296428367,16,42.7,455,1,99.78
홍제,436868050,16,42.7,855,2,99.77
녹번,436867704,16,42.7,786,1,99.87
구파발,8515726110,16,42.7,786,11,98.6
불암산,3841778897,16,42.7,478,1,99.79
쌍문,436836179,16,42.7,1106,1,99.91
수유,9813541694,16,42.7,1433,1,99.93
미아,9819314920,16,42.7,1362,1,99.93
미아사거리,5198597933,16,42.7,1334,1,99.93
길음,5210130825,16,42.7,921,3,99.67
혜화,2409390726,16,42.7,915,1,99.89
명동,7495868732,16,42.7,1420,2,99.86
회현,12920546288,16,42.7,1025,1,99.9
서울역,5348913449,16,42.7,990,1,99.9
숙대입구,2533148374,16,42.7,1017,1,99.9
신용산,10816047755,16,42.7,445,1,99.78
사당,11521991148,16,42.7,772,1,99.87
남태령,7621561344,16,42.7,140,1,99.29
마천,10277058704,16,42.7,1004,1,99.9
거여,4489986954,16,42.7,1107,1,99.91
개롱,12142687377,16,42.7,1146,24,97.91
방이,2310500979,16,42.7,840,1,99.88
올림픽공원,8493888383,16,42.7,637,1,99.84
둔촌동,4680325914,16,42.7,548,1,99.82
상일동,7106623354,16,42.7,484,1,99.79
고덕,5915757376,16,42.7,713,1,99.86
명일,10009228390,16,42.7,570,1,99.82
굽은다리,3851742835,16,42.7,725,9,98.76
길동,3856135009,16,42.7,792,1,99.87
강동,3856513978,16,42.7,814,8,99.02
광나루,11182352080,16,42.7,452,1,99.78
아차산,2123390941,16,42.7,612,4,99.35
장한평,10708070992,16,42.7,481,1,99.79
답십리,10708182321,16,42.7,295,1,99.66
마장,3832676328,16,42.7,1208,1,99.92
행당,3833113882,16,42.7,1241,4,99.68
신금호,3848968727,16,42.7,743,3,99.6
광화문,13971398420,16,42.7,1418,1,99.93
서대문,445343537,16,42.7,1362,1,99.93
애오개,13142535285,16,42.7,1849,1,99.95
공덕,9941864292,16,42.7,1998,9,99.55
마포,13227969612,16,42.7,1192,39,96.73
여의나루,355173356,16,42.7,598,1,99.83
여의도,4744225606,16,42.7,421,1,99.76
신길,4529530743,16,42.7,518,1,99.81
영등포시장,355173354,16,42.7,1102,13,98.82
영등포구청,5215341470,16,42.7,1148,19,98.34
양평,436860925,16,42.7,708,6,99.15
오목교,2808319707,16,42.7,1088,1,99.91
목동,13895049012,16,42.7,1061,1,99.91
신정,2848435510,16,42.7,787,3,99.62
까치산,1906282324,16,42.7,941,1,99.89
화곡,2289350750,16,42.7,1376,1,99.93
우장산,4706229292,16,42.7,1447,1,99.93
발산,1791473931,16,42.7,929,1,99.89
마곡,13800646917,16,42.7,593,1,99.83
송정,4602991606,16,42.7,677,1,99.85
개화산,9228947724,16,42.7,593,1,99.83
방화,2702609963,16,42.7,435,21,95.17
봉화산,436834232,16,42.7,477,1,99.79
화랑대,3842209686,16,42.7,904,1,99.89
석계,1795189949,16,42.7,982,1,99.9
돌곶이,3830773366,16,42.7,1397,1,99.93
상월곡,5219803722,16,42.7,1040,1,99.9
월곡,5406198806,16,42.7,1159,43,96.29
안암,7625622864,16,42.7,1804,1,99.94
창신,1943131791,16,42.7,758,1,99.87
청구,1936511423,16,42.7,1242,1,99.92
버티고개,3847632030,16,42.7,334,8,97.6
한강진,436868241,16,42.7,569,1,99.82
이태원,2470887090,16,42.7,754,1,99.87
녹사평,2384953064,16,42.7,1040,1,99.9
효창공원앞,4426288471,16,42.7,1133,1,99.91
대흥,9987526934,16,42.7,1983,1,99.95
광흥창,4101356295,16,42.7,1853,1,99.95
상수,414685238,16,42.7,1337,1,99.93
망원,445327391,16,42.7,1724,1,99.94
마포구청,5905951490,16,42.7,1038,1,99.9
월드컵경기장,798569457,16,42.7,500,1,99.8
증산,3823125035,16,42.7,1303,1,99.92
새절,3822999355,16,42.7,1828,1,99.95
구산,2292697262,16,42.7,1767,1,99.94
연신내,13357342120,16,42.7,1578,1,99.94
독바위,3824954278,16,42.7,914,3,99.67
역촌,10789220053,16,42.7,1917,14,99.27
어린이대공원,7939459503,16,42.7,860,1,99.88
군자,8743773046,16,42.7,1103,1,99.91
중곡,3840461137,16,42.7,932,1,99.89
용마산,10141309870,16,42.7,1285,3,99.77
사가정,436849774,16,42.7,1805,1,99.94
면목,436816024,16,42.7,1746,1,99.94
상봉,436718863,16,42.7,2078,5,99.76
중화,3819991417,16,42.7,1857,1,99.95
먹골,436538654,16,42.7,1117,1,99.91
태릉입구,13821634895,16,42.7,1354,1,99.93
공릉,13566284590,16,42.7,1151,1,99.91
하계,13566334119,16,42.7,554,1,99.82
중계,3835756882,16,42.7,440,1,99.77
노원,10598556476,16,42.7,697,5,99.28
마들,9410070134,16,42.7,1010,1,99.9
수락산,13566334197,16,42.7,619,1,99.84
가산디지털단지,436846908,16,42.7,460,1,99.78
남구로,2590252230,16,42.7,768,1,99.87
대림,2589375675,16,42.7,858,8,99.07
신풍,2108483850,16,42.7,848,1,99.88
보라매,2108483937,16,42.7,721,1,99.86
신대방삼거리,2108483943,16,42.7,901,1,99.89
장승배기,1830596637,16,42.7,854,1,99.88
상도,436821675,16,42.7,771,1,99.87
숭실대입구,11413637825,16,42.7,585,1,99.83
남성,4195693782,16,42.7,686,1,99.85
이수,13434371130,16,42.7,970,1,99.9
내방,2110270505,16,42.7,487,1,99.79
반포,9914441894,16,42.7,746,1,99.87
논현,2280678861,16,42.7,955,1,99.9
학동,2279487893,16,42.7,1030,1,99.9
청담,2279487921,16,42.7,785,2,99.75
자양,9040152140,16,42.7,636,1,99.84
용두,1939143883,16,42.7,1269,1,99.92
신답,2460188205,16,42.7,45,1,97.78
천왕,1784377384,16,42.7,338,2,99.41
장지,11202554992,16,42.7,983,1,99.9
문정,6832910091,16,42.7,581,1,99.83
송파,2280491847,16,42.7,553,1,99.82
석촌,2280491863,16,42.7,301,1,99.67
몽촌토성,2346858828,16,42.7,451,1,99.78
강동구청,436855505,16,42.7,904,1,99.89
암사,999136556,16,42.7,828,1,99.88
중앙보훈병원,4197252516,16,42.7,357,6,98.32
둔촌오륜,11229084218,16,42.7,377,1,99.73
한성백제,10009448574,16,42.7,394,1,99.75
송파나루,1809560163,16,42.7,485,1,99.79
석촌고분,10855673146,16,42.7,780,1,99.87
삼전,4186302819,16,42.7,613,1,99.84
대모산입구,4643770733,16,42.7,495,1,99.8
개포동,2032418657,16,42.7,428,1,99.77
구룡,436814317,16,42.7,225,2,99.11
한티,4784810914,16,42.7,616,1,99.84
압구정로데오,596509934,16,42.7,705,1,99.86
서울숲,9081846792,16,42.7,723,1,99.86
양재시민의숲,12872531616,16,42.7,667,1,99.85
청계산입구,11744211938,16,42.7,177,1,99.44
성신여대입구,5226829495,16,42.7,886,1,99.89
청량리,7749822746,16,42.7,1451,1,99.93
신내,9534964676,16,42.7,661,1,99.85
종로3가,7068953101,16,42.7,1739,1,99.94
신설동,13345643243,16,42.7,1380,1,99.93
성신여대입구,9816197077,16,42.7,862,1,99.88
이촌,13472471079,16,42.7,485,30,93.81
서울역,10216518963,16,42.7,550,1,99.82
수서,6004121530,16,42.7,224,1,99.55
건대입구,11303511536,16,42.7,1018,1,99.9
선정릉,596482732,16,42.7,765,1,99.87
선릉,860338496,16,42.7,762,15,98.03
도곡,3418782698,16,42.7,447,35,92.17
수서,12364278188,16,42.7,233,1,99.57
복정,11330600836,16,42.7,445,1,99.78
왕십리,9369050246,16,42.7,1530,1,99.93
왕십리,11127349780,16,42.7,1663,1,99.94
신설동,4173042514,16,42.7,1293,1,99.92
939정거장,8436624771,16,42.7,364,1,99.73
창동,4659124351,16,42.7,526,1,99.81
동작,3401123578,16,42.7,13,1,92.31
개화,9701881739,16,42.7,242,1,99.59
상봉,2470981971,16,42.7,1849,1,99.95
관악산,4373612914,16,42.7,549,1,99.82
서울대벤처타운,1835221096,16,42.7,879,1,99.89
신림,1844912791,16,42.7,1197,1,99.92
당곡,436858756,16,42.7,1055,1,99.91
보라매병원,436847189,16,42.7,817,23,97.18
보라매공원,7916896848,16,42.7,516,1,99.81
보라매,2819460436,16,42.7,703,1,99.86
서울지방병무청,11178013529,16,42.7,675,1,99.85
대방,11553007316,16,42.7,534,1,99.81
샛강,13506574406,16,42.7,361,21,94.18
샛강,13670786965,16,42.7,348,1,99.71
서울역,3390941198,16,42.7,980,1,99.9
디지털미디어시티,2605603657,16,42.7,383,5,98.69
디지털미디어시티,4652833827,16,42.7,469,1,99.79
노원,5706189891,16,42.7,776,1,99.87
양재,4865811281,16,42.7,893,1,99.89
강남,3087683154,16,42.7,1222,105,91.41
당산,10814323607,16,42.7,737,34,95.39
서울역,3391063393,16,42.7,1011,1,99.9
신길,4636791670,16,42.7,720,1,99.86
가산디지털단지,2108483903,16,42.7,492,1,99.8
상계,3401474874,16,42.7,689,1,99.85
선유도,2726710465,16,42.7,537,16,97.02
신목동,2812530406,16,42.7,405,1,99.75
염창,2289016390,16,42.7,683,1,99.85
등촌,2290015312,16,42.7,810,1,99.88
증미,3042643876,16,42.7,673,28,95.84
가양,2142681442,16,42.7,885,1,99.89
양천향교,414683333,16,42.7,635,1,99.84
신방화,10814323761,16,42.7,827,1,99.88
공항시장,4604019398,16,42.7,777,1,99.87
총신대입구(이수),4984575377,16,42.7,877,1,99.89
동묘앞,3830591800,16,42.7,1683,17,98.99
동대문,7195666618,16,42.7,1827,1,99.95
종로3가,4198116864,16,42.7,1363,1,99.93
종로3가,4197560774,16,42.7,1595,1,99.94
정릉,3828480980,16,42.7,700,1,99.86
솔샘,3841342870,16,42.7,826,1,99.88
삼양사거리,3841342963,16,42.7,1425,1,99.93
삼양,3840741768,16,42.7,1428,1,99.93
화계,436865378,16,42.7,1464,1,99.93
가오리,3840936112,16,42.7,1346,1,99.93
4.19민주묘지,3841077641,16,42.7,939,1,99.89
솔밭공원,3626451463,16,42.7,493,1,99.8
북한산우이,11824482197,16,42.7,274,1,99.64
시청,7677568503,16,42.7,1206,5,99.59
노량진,4627778176,16,42.7,411,4,99.03
김포공항,7981330101,16,42.7,553,1,99.82
김포공항,4874729815,16,42.7,614,1,99.84
옥수,8222891384,16,42.7,318,1,99.69
신도림,5119449050,16,42.7,331,1,99.7
수서,11563289590,16,42.7,234,24,89.74
연신내,10678122489,16,42.7,1643,1,99.94
뚝섬,8498978693,16,42.7,756,1,99.87
동대문역사문화공원,414685825,16,42.7,1759,1,99.94
동대문역사문화공원,1945254583,16,42.7,1864,1,99.95
종합운동장,13894950326,16,42.7,402,1,99.75
홍대입구,13227913200,16,42.7,2129,63,97.04
942정거장,436815896,16,42.7,625,1,99.84
한성대입구,5973684086,17,38.0,1088,1,99.91
제기동,9655918649,17,38.0,1288,1,99.92
신이문,3831106833,17,38.0,1042,1,99.9
회기,9776882774,17,38.0,1756,1,99.94
월계,3834716670,17,38.0,300,1,99.67
녹천,3834717475,17,38.0,227,1,99.56
광운대,436854528,17,38.0,396,1,99.75
창동,3834608837,17,38.0,424,1,99.76
방학,3846919916,17,38.0,688,1,99.85
오류동,8508812072,17,38.0,98,1,98.98
개봉,5442986444,17,38.0,390,1,99.74
구일,3210749463,17,38.0,272,1,99.63
일원,9454279402,17,38.0,208,1,99.52
양원,9534964626,17,38.0,911,1,99.89
한남,3852156874,17,38.0,249,1,99.6
수색,11944713936,17,38.0,364,1,99.73
940정거장,3011994542,17,38.0,315,1,99.68
중랑,10138603166,17,38.0,1617,1,99.94
망우,9760894592,17,38.0,1800,1,99.94
국회의사당,2932339394,17,38.0,587,1,99.83
노들,4627760504,17,38.0,448,1,99.78
신설동,13227969660,17,38.0,1231,1,99.92
용답,2460188229,17,38.0,807,1,99.88
신촌,13683819523,17,38.0,2215,1,99.95
수서,6299196105,17,38.0,236,1,99.58
충정로,3893042379,17,38.0,1387,1,99.93
서강대,5221755996,17,38.0,2111,1,99.95
종로5가,436883169,17,38.0,1678,1,99.94
고속터미널,9798531671,17,38.0,689,1,99.85
청량리,10121691848,17,38.0,1413,1,99.93
봉은사,595750357,17,38.0,602,1,99.83
언주,414684639,17,38.0,1033,1,99.9
삼성중앙,595750358,17,38.0,682,1,99.85
사평,13512489422,17,38.0,789,1,99.87
선정릉,2110338712,17,38.0,804,1,99.88
신논현,8376423650,17,38.0,1082,1,99.91
외대앞,3831105923,17,38.0,1212,1,99.92
구반포,11641428792,17,38.0,381,1,99.74
흑석,436881334,17,38.0,262,1,99.62
신반포,10918075302,17,38.0,556,1,99.82
온수,4987997944,17,38.0,269,1,99.63
왕십리,9083521281,17,38.0,1411,1,99.93
응봉,13780851569,17,38.0,76,1,98.68
도봉,7006105399,17,38.0,659,1,99.85
서빙고,12874837067,17,38.0,295,1,99.66
양재,11431861586,17,38.0,940,1,99.89
이촌,4172393733,17,38.0,454,1,99.78
복정,11330600853,17,38.0,392,1,99.74
독산,4095041979,17,38.0,268,1,99.63
신내,9810803930,17,38.0,662,1,99.85
금천구청,5308009219,17,38.0,605,1,99.83
암사역사공원,436817489,17,38.0,476,1,99.79
보문,436873184,17,38.0,1115,1,99.91
동작,7660036116,17,38.0,204,1,99.51
서울,10013086401,17,38.0,830,1,99.88
도곡,5403582157,17,38.0,462,1,99.78
김포공항,2353543144,17,38.0,522,1,99.81
동대문역사문화공원,8496801700,17,38.0,1850,1,99.95
구로,8918160546,17,38.0,533,1,99.81
북한산보국문,3841557294,17,38.0,582,1,99.83
안국,436867523,17,38.0,1297,1,99.92
강일,13093833784,17,38.0,347,1,99.71
천호,999136673,17,38.0,1051,1,99.9
서원,1835221331,17,38.0,1227,1,99.92
동대문,3830591792,17,38.0,1671,1,99.94
삼각지,5589627062,17,38.0,902,1,99.89
도봉산,5246596481,17,38.0,477,1,99.79
도봉산,5246596482,17,38.0,488,1,99.8
영등포,11459128410,17,38.0,783,1,99.87
노량진,3785111388,17,38.0,417,1,99.76
용산,10816124190,17,38.0,415,1,99.76
종각,11198015018,17,38.0,1508,1,99.93
건대입구,2613069963,17,38.0,1123,1,99.91
가좌,5756085341,17,38.0,950,1,99.89
남영,7836289839,17,38.0,867,1,99.88
대방,4617447369,17,38.0,306,1,99.67
응암,8735757178,17,38.0,2062,1,99.95
합정,5215341441,17,38.0,1477,1,99.93
동묘앞,4170064719,17,38.0,1658,1,99.94
고려대,5404768239,17,38.0,1585,1,99.94
홍대입구,11841458495,17,38.0,2240,1,99.96
디지털미디어시티,9891051186,17,38.0,182,1,99.45
선릉,2280678836,17,38.0,766,1,99.87
강남구청,2282830004,17,38.0,911,1,99.89
강남,7168335697,17,38.0,1287,1,99.92
가락시장,10939998666,17,38.0,266,1,99.62
을지로3가,7694743853,17,38.0,1932,1,99.95
불광,11228575654,17,38.0,1358,1,99.93
구의,3958847218,17,38.0,330,1,99.7
강변,1850655113,17,38.0,359,1,99.72
잠실나루,5159105401,17,38.0,251,1,99.6
옥수,3851466435,17,38.0,215,1,99.53
충무로,3846576172,17,38.0,1502,1,99.93
약수,3846603560,17,38.0,839,1,99.88
교대,3355067052,17,38.0,895,1,99.89
오금,3278844051,17,38.0,992,1,99.9
한양대,8992783196,17,38.0,906,1,99.89
성수,2551966241,17,38.0,805,1,99.88
시청,3404904658,17,38.0,1074,1,99.91
을지로입구,436830313,17,38.0,1494,1,99.93
을지로4가,10296582868,17,38.0,1599,1,99.94
신당,414685846,17,38.0,1733,1,99.94
상왕십리,11127349744,17,38.0,1796,1,99.94
신촌,5937884691,17,38.0,2707,1,99.96
이대,9283138042,17,38.0,1934,1,99.95
아현,1936511359,17,38.0,1758,1,99.94
마곡나루,4019735070,17,38.0,568,1,99.82
당산,3216944261,17,38.0,692,1,99.86
문래,11455185928,17,38.0,1223,1,99.92
신도림,5344219251,17,38.0,229,1,99.56
구로디지털단지,4624772818,17,38.0,665,1,99.85
신대방,4624808762,17,38.0,578,1,99.83
신림,5404739367,17,38.0,1212,1,99.92
봉천,5404739628,17,38.0,1274,1,99.92
서울대입구,5406451695,17,38.0,959,1,99.9
낙성대,5406462591,17,38.0,618,1,99.84
방배,8471989456,17,38.0,421,1,99.76
서초,3221788784,17,38.0,652,1,99.85
역삼,2280678732,17,38.0,948,1,99.89
삼성,733859380,17,38.0,606,1,99.83
종합운동장,1430639131,17,38.0,362,1,99.72
잠실새내,2957013438,17,38.0,642,1,99.84
잠실,7877518993,17,38.0,415,1,99.76
양천구청,3380999909,17,38.0,471,1,99.79
신정네거리,9572122970,17,38.0,759,1,99.87
도림천,4630961655,17,38.0,567,1,99.82
경찰병원,1812000920,17,38.0,649,1,99.85
대청,2927282422,17,38.0,495,1,99.8
학여울,4643770712,17,38.0,520,1,99.81
대치,2281644495,17,38.0,618,1,99.84
매봉,5406359683,17,38.0,583,1,99.83
남부터미널,436864976,17,38.0,743,1,99.87
잠원,4634374794,17,38.0,513,1,99.81
신사,8489501829,17,38.0,1026,1,99.9
압구정,9891581229,17,38.0,1171,1,99.91
금호,4201516987,17,38.0,552,1,99.82
동대입구,436870722,17,38.0,1131,1,99.91
경복궁,6033544429,17,38.0,1196,1,99.92
독립문,13460710395,17,38.0,816,1,99.88
무악재,11296428367,17,38.0,455,1,99.78
홍제,436868050,17,38.0,855,1,99.88
녹번,436867704,17,38.0,786,1,99.87
구파발,8515726110,17,38.0,786,1,99.87
불암산,3841778897,17,38.0,478,1,99.79
쌍문,436836179,17,38.0,1106,1,99.91
수유,9813541694,17,38.0,1433,1,99.93
미아,9819314920,17,38.0,1362,1,99.93
미아사거리,5198597933,17,38.0,1334,1,99.93
길음,5210130825,17,38.0,921,1,99.89
혜화,2409390726,17,38.0,915,1,99.89
명동,7495868732,17,38.0,1420,1,99.93
회현,12920546288,17,38.0,1025,1,99.9
서울역,5348913449,17,38.0,990,1,99.9
숙대입구,2533148374,17,38.0,1017,1,99.9
신용산,10816047755,17,38.0,445,1,99.78
사당,11521991148,17,38.0,772,1,99.87
남태령,7621561344,17,38.0,140,1,99.29
마천,10277058704,17,38.0,1004,1,99.9
거여,4489986954,17,38.0,1107,1,99.91
개롱,12142687377,17,38.0,1146,1,99.91
방이,2310500979,17,38.0,840,1,99.88
올림픽공원,8493888383,17,38.0,637,1,99.84
둔촌동,4680325914,17,38.0,548,1,99.82
상일동,7106623354,17,38.0,484,1,99.79
고덕,5915757376,17,38.0,713,1,99.86
명일,10009228390,17,38.0,570,1,99.82
굽은다리,3851742835,17,38.0,725,1,99.86
길동,3856135009,17,38.0,792,1,99.87
강동,3856513978,17,38.0,814,1,99.88
광나루,11182352080,17,38.0,452,1,99.78
아차산,2123390941,17,38.0,612,1,99.84
장한평,10708070992,17,38.0,481,1,99.79
답십리,10708182321,17,38.0,295,1,99.66
마장,3832676328,17,38.0,1208,1,99.92
행당,3833113882,17,38.0,1241,1,99.92
신금호,3848968727,17,38.0,743,1,99.87
광화문,13971398420,17,38.0,1418,1,99.93
서대문,445343537,17,38.0,1362,1,99.93
애오개,13142535285,17,38.0,1849,1,99.95
공덕,9941864292,17,38.0,1998,1,99.95
마포,13227969612,17,38.0,1192,1,99.92
여의나루,355173356,17,38.0,598,1,99.83
여의도,4744225606,17,38.0,421,1,99.76
신길,4529530743,17,38.0,518,1,99.81
영등포시장,355173354,17,38.0,1102,1,99.91
영등포구청,5215341470,17,38.0,1148,1,99.91
양평,436860925,17,38.0,708,1,99.86
오목교,2808319707,17,38.0,1088,1,99.91
목동,13895049012,17,38.0,1061,1,99.91
신정,2848435510,17,38.0,787,1,99.87
까치산,1906282324,17,38.0,941,1,99.89
화곡,2289350750,17,38.0,1376,1,99.93
우장산,4706229292,17,38.0,1447,1,99.93
발산,1791473931,17,38.0,929,1,99.89
마곡,13800646917,17,38.0,593,1,99.83
송정,4602991606,17,38.0,677,1,99.85
개화산,9228947724,17,38.0,593,1,99.83
방화,2702609963,17,38.0,435,1,99.77
봉화산,436834232,17,38.0,477,1,99.79
화랑대,3842209686,17,38.0,904,1,99.89
석계,1795189949,17,38.0,982,1,99.9
돌곶이,3830773366,17,38.0,1397,1,99.93
상월곡,5219803722,17,38.0,1040,1,99.9
월곡,5406198806,17,38.0,1159,1,99.91
안암,7625622864,17,38.0,1804,1,99.94
창신,1943131791,17,38.0,758,1,99.87
청구,1936511423,17,38.0,1242,1,99.92
버티고개,3847632030,17,38.0,334,1,99.7
한강진,436868241,17,38.0,569,1,99.82
이태원,2470887090,17,38.0,754,1,99.87
녹사평,2384953064,17,38.0,1040,1,99.9
효창공원앞,4426288471,17,38.0,1133,1,99.91
대흥,9987526934,17,38.0,1983,1,99.95
광흥창,4101356295,17,38.0,1853,1,99.95
상수,414685238,17,38.0,1337,1,99.93
망원,445327391,17,38.0,1724,1,99.94
마포구청,5905951490,17,38.0,1038,1,99.9
월드컵경기장,798569457,17,38.0,500,1,99.8
증산,3823125035,17,38.0,1303,1,99.92
새절,3822999355,17,38.0,1828,1,99.95
구산,2292697262,17,38.0,1767,1,99.94
연신내,13357342120,17,38.0,1578,1,99.94
독바위,3824954278,17,38.0,914,1,99.89
역촌,10789220053,17,38.0,1917,1,99.95
어린이대공원,7939459503,17,38.0,860,1,99.88
군자,8743773046,17,38.0,1103,1,99.91
중곡,3840461137,17,38.0,932,1,99.89
용마산,10141309870,17,38.0,1285,1,99.92
사가정,436849774,17,38.0,1805,1,99.94
면목,436816024,17,38.0,1746,1,99.94
상봉,436718863,17,38.0,2078,1,99.95
중화,3819991417,17,38.0,1857,1,99.95
먹골,436538654,17,38.0,1117,1,99.91
태릉입구,13821634895,17,38.0,1354,1,99.93
공릉,13566284590,17,38.0,1151,1,99.91
하계,13566334119,17,38.0,554,1,99.82
중계,3835756882,17,38.0,440,1,99.77
노원,10598556476,17,38.0,697,1,99.86
마들,9410070134,17,38.0,1010,1,99.9
수락산,13566334197,17,38.0,619,1,99.84
가산디지털단지,436846908,17,38.0,460,1,99.78
남구로,2590252230,17,38.0,768,1,99.87
대림,2589375675,17,38.0,858,1,99.88
신풍,2108483850,17,38.0,848,1,99.88
보라매,2108483937,17,38.0,721,1,99.86
신대방삼거리,2108483943,17,38.0,901,1,99.89
장승배기,1830596637,17,38.0,854,1,99.88
상도,436821675,17,38.0,771,1,99.87
숭실대입구,11413637825,17,38.0,585,1,99.83
남성,4195693782,17,38.0,686,1,99.85
이수,13434371130,17,38.0,970,1,99.9
내방,2110270505,17,38.0,487,1,99.79
반포,9914441894,17,38.0,746,1,99.87
논현,2280678861,17,38.0,955,1,99.9
학동,2279487893,17,38.0,1030,1,99.9
청담,2279487921,17,38.0,785,1,99.87
자양,9040152140,17,38.0,636,1,99.84
용두,1939143883,17,38.0,1269,1,99.92
신답,2460188205,17,38.0,45,1,97.78
천왕,1784377384,17,38.0,338,1,99.7
장지,11202554992,17,38.0,983,1,99.9
문정,6832910091,17,38.0,581,1,99.83
송파,2280491847,17,38.0,553,1,99.82
석촌,2280491863,17,38.0,301,1,99.67
몽촌토성,2346858828,17,38.0,451,1,99.78
강동구청,436855505,17,38.0,904,1,99.89
암사,999136556,17,38.0,828,1,99.88
중앙보훈병원,4197252516,17,38.0,357,1,99.72
둔촌오륜,11229084218,17,38.0,377,1,99.73
한성백제,10009448574,17,38.0,394,1,99.75
송파나루,1809560163,17,38.0,485,1,99.79
석촌고분,10855673146,17,38.0,780,1,99.87
삼전,4186302819,17,38.0,613,1,99.84
대모산입구,4643770733,17,38.0,495,1,99.8
개포동,2032418657,17,38.0,428,1,99.77
구룡,436814317,17,38.0,225,1,99.56
한티,4784810914,17,38.0,616,1,99.84
압구정로데오,596509934,17,38.0,705,1,99.86
서울숲,9081846792,17,38.0,723,1,99.86
양재시민의숲,12872531616,17,38.0,667,1,99.85
청계산입구,11744211938,17,38.0,177,1,99.44
성신여대입구,5226829495,17,38.0,886,1,99.89
청량리,7749822746,17,38.0,1451,1,99.93
신내,9534964676,17,38.0,661,1,99.85
종로3가,7068953101,17,38.0,1739,1,99.94
신설동,13345643243,17,38.0,1380,1,99.93
성신여대입구,9816197077,17,38.0,862,1,99.88
이촌,13472471079,17,38.0,485,1,99.79
서울역,10216518963,17,38.0,550,1,99.82
수서,6004121530,17,38.0,224,1,99.55
건대입구,11303511536,17,38.0,1018,1,99.9
선정릉,596482732,17,38.0,765,1,99.87
선릉,860338496,17,38.0,762,1,99.87
도곡,3418782698,17,38.0,447,1,99.78
수서,12364278188,17,38.0,233,1,99.57
복정,11330600836,17,38.0,445,1,99.78
왕십리,9369050246,17,38.0,1530,1,99.93
왕십리,11127349780,17,38.0,1663,1,99.94
신설동,4173042514,17,38.0,1293,1,99.92
939정거장,8436624771,17,38.0,364,1,99.73
창동,4659124351,17,38.0,526,1,99.81
동작,3401123578,17,38.0,13,1,92.31
개화,9701881739,17,38.0,242,1,99.59
상봉,2470981971,17,38.0,1849,1,99.95
관악산,4373612914,17,38.0,549,1,99.82
서울대벤처타운,1835221096,17,38.0,879,1,99.89
신림,1844912791,17,38.0,1197,1,99.92
당곡,436858756,17,38.0,1055,1,99.91
보라매병원,436847189,17,38.0,817,1,99.88
보라매공원,7916896848,17,38.0,516,1,99.81
보라매,2819460436,17,38.0,703,1,99.86
서울지방병무청,11178013529,17,38.0,675,1,99.85
대방,11553007316,17,38.0,534,1,99.81
샛강,13506574406,17,38.0,361,1,99.72
샛강,13670786965,17,38.0,348,1,99.71
서울역,3390941198,17,38.0,980,1,99.9
디지털미디어시티,2605603657,17,38.0,383,1,99.74
디지털미디어시티,4652833827,17,38.0,469,1,99.79
노원,5706189891,17,38.0,776,1,99.87
양재,4865811281,17,38.0,893,1,99.89
강남,3087683154,17,38.0,1222,1,99.92
당산,10814323607,17,38.0,737,1,99.86
서울역,3391063393,17,38.0,1011,1,99.9
신길,4636791670,17,38.0,720,1,99.86
가산디지털단지,2108483903,17,38.0,492,1,99.8
상계,3401474874,17,38.0,689,1,99.85
선유도,2726710465,17,38.0,537,1,99.81
신목동,2812530406,17,38.0,405,1,99.75
염창,2289016390,17,38.0,683,1,99.85
등촌,2290015312,17,38.0,810,1,99.88
증미,3042643876,17,38.0,673,1,99.85
가양,2142681442,17,38.0,885,1,99.89
양천향교,414683333,17,38.0,635,1,99.84
신방화,10814323761,17,38.0,827,1,99.88
공항시장,4604019398,17,38.0,777,1,99.87
총신대입구(이수),4984575377,17,38.0,877,1,99.89
동묘앞,3830591800,17,38.0,1683,1,99.94
동대문,7195666618,17,38.0,1827,1,99.95
종로3가,4198116864,17,38.0,1363,1,99.93
종로3가,4197560774,17,38.0,1595,1,99.94
정릉,3828480980,17,38.0,700,1,99.86
솔샘,3841342870,17,38.0,826,1,99.88
삼양사거리,3841342963,17,38.0,1425,1,99.93
삼양,3840741768,17,38.0,1428,1,99.93
화계,436865378,17,38.0,1464,1,99.93
가오리,3840936112,17,38.0,1346,1,99.93
4.19민주묘지,3841077641,17,38.0,939,1,99.89
솔밭공원,3626451463,17,38.0,493,1,99.8
북한산우이,11824482197,17,38.0,274,1,99.64
시청,7677568503,17,38.0,1206,1,99.92
노량진,4627778176,17,38.0,411,1,99.76
김포공항,7981330101,17,38.0,553,1,99.82
김포공항,4874729815,17,38.0,614,1,99.84
옥수,8222891384,17,38.0,318,1,99.69
신도림,5119449050,17,38.0,331,1,99.7
수서,11563289590,17,38.0,234,18,92.31
연신내,10678122489,17,38.0,1643,1,99.94
뚝섬,8498978693,17,38.0,756,1,99.87
동대문역사문화공원,414685825,17,38.0,1759,1,99.94
동대문역사문화공원,1945254583,17,38.0,1864,1,99.95
종합운동장,13894950326,17,38.0,402,1,99.75
홍대입구,13227913200,17,38.0,2129,1,99.95
942정거장,436815896,17,38.0,625,1,99.84
한성대입구,5973684086,17,42.7,1088,180,83.46
제기동,9655918649,17,42.7,1288,11,99.15
신이문,3831106833,17,42.7,1042,50,95.2
회기,9776882774,17,42.7,1756,13,99.26
월계,3834716670,17,42.7,300,51,83.0
녹천,3834717475,17,42.7,227,3,98.68
광운대,436854528,17,42.7,396,123,68.94
창동,3834608837,17,42.7,424,65,84.67
방학,3846919916,17,42.7,688,1,99.85
오류동,8508812072,17,42.7,98,1,98.98
개봉,5442986444,17,42.7,390,3,99.23
구일,3210749463,17,42.7,272,2,99.26
일원,9454279402,17,42.7,208,24,88.46
양원,9534964626,17,42.7,911,1,99.89
한남,3852156874,17,42.7,249,18,92.77
수색,11944713936,17,42.7,364,9,97.53
940정거장,3011994542,17,42.7,315,27,91.43
중랑,10138603166,17,42.7,1617,1,99.94
망우,9760894592,17,42.7,1800,1,99.94
국회의사당,2932339394,17,42.7,587,26,95.57
노들,4627760504,17,42.7,448,1,99.78
신설동,13227969660,17,42.7,1231,1,99.92
용답,2460188229,17,42.7,807,1,99.88
신촌,13683819523,17,42.7,2215,1928,12.96
수서,6299196105,17,42.7,236,1,99.58
충정로,3893042379,17,42.7,1387,1,99.93
서강대,5221755996,17,42.7,2111,1576,25.34
종로5가,436883169,17,42.7,1678,1,99.94
고속터미널,9798531671,17,42.7,689,45,93.47
청량리,10121691848,17,42.7,1413,4,99.72
봉은사,595750357,17,42.7,602,12,98.01
언주,414684639,17,42.7,1033,706,31.66
삼성중앙,595750358,17,42.7,682,69,89.88
사평,13512489422,17,42.7,789,1,99.87
선정릉,2110338712,17,42.7,804,515,35.95
신논현,8376423650,17,42.7,1082,251,76.8
외대앞,3831105923,17,42.7,1212,108,91.09
구반포,11641428792,17,42.7,381,1,99.74
흑석,436881334,17,42.7,262,1,99.62
신반포,10918075302,17,42.7,556,42,92.45
온수,4987997944,17,42.7,269,1,99.63
왕십리,9083521281,17,42.7,1411,1,99.93
응봉,13780851569,17,42.7,76,36,52.63
도봉,7006105399,17,42.7,659,37,94.39
서빙고,12874837067,17,42.7,295,1,99.66
양재,11431861586,17,42.7,940,1,99.89
이촌,4172393733,17,42.7,454,126,72.25
복정,11330600853,17,42.7,392,1,99.74
독산,4095041979,17,42.7,268,2,99.25
신내,9810803930,17,42.7,662,1,99.85
금천구청,5308009219,17,42.7,605,1,99.83
암사역사공원,436817489,17,42.7,476,1,99.79
보문,436873184,17,42.7,1115,441,60.45
동작,7660036116,17,42.7,204,6,97.06
서울,10013086401,17,42.7,830,2,99.76
도곡,5403582157,17,42.7,462,1,99.78
김포공항,2353543144,17,42.7,522,46,91.19
동대문역사문화공원,8496801700,17,42.7,1850,419,77.35
구로,8918160546,17,42.7,533,154,71.11
북한산보국문,3841557294,17,42.7,582,2,99.66
안국,436867523,17,42.7,1297,255,80.34
강일,13093833784,17,42.7,347,2,99.42
천호,999136673,17,42.7,1051,1,99.9
서원,1835221331,17,42.7,1227,430,64.96
동대문,3830591792,17,42.7,1671,1,99.94
삼각지,5589627062,17,42.7,902,1,99.89
도봉산,5246596481,17,42.7,477,2,99.58
도봉산,5246596482,17,42.7,488,10,97.95
영등포,11459128410,17,42.7,783,1,99.87
노량진,3785111388,17,42.7,417,1,99.76
용산,10816124190,17,42.7,415,3,99.28
종각,11198015018,17,42.7,1508,1,99.93
건대입구,2613069963,17,42.7,1123,525,53.25
가좌,5756085341,17,42.7,950,1,99.89
남영,7836289839,17,42.7,867,156,82.01
대방,4617447369,17,42.7,306,5,98.37
응암,8735757178,17,42.7,2062,21,98.98
합정,5215341441,17,42.7,1477,1,99.93
동묘앞,4170064719,17,42.7,1658,309,81.36
고려대,5404768239,17,42.7,1585,4,99.75
홍대입구,11841458495,17,42.7,2240,1990,11.16
디지털미디어시티,9891051186,17,42.7,182,2,98.9
선릉,2280678836,17,42.7,766,570,25.59
강남구청,2282830004,17,42.7,911,268,70.58
강남,7168335697,17,42.7,1287,270,79.02
가락시장,10939998666,17,42.7,266,1,99.62
을지로3가,7694743853,17,42.7,1932,238,87.68
불광,11228575654,17,42.7,1358,1,99.93
구의,3958847218,17,42.7,330,244,26.06
강변,1850655113,17,42.7,359,69,80.78
잠실나루,5159105401,17,42.7,251,124,50.6
옥수,3851466435,17,42.7,215,5,97.67
충무로,3846576172,17,42.7,1502,337,77.56
약수,3846603560,17,42.7,839,376,55.18
교대,3355067052,17,42.7,895,1,99.89
오금,3278844051,17,42.7,992,441,55.54
한양대,8992783196,17,42.7,906,1,99.89
성수,2551966241,17,42.7,805,132,83.6
시청,3404904658,17,42.7,1074,1,99.91
을지로입구,436830313,17,42.7,1494,401,73.16
을지로4가,10296582868,17,42.7,1599,2,99.87
신당,414685846,17,42.7,1733,1,99.94
상왕십리,11127349744,17,42.7,1796,393,78.12
신촌,5937884691,17,42.7,2707,2240,17.25
이대,9283138042,17,42.7,1934,1408,27.2
아현,1936511359,17,42.7,1758,1,99.94
마곡나루,4019735070,17,42.7,568,1,99.82
당산,3216944261,17,42.7,692,3,99.57
문래,11455185928,17,42.7,1223,4,99.67
신도림,5344219251,17,42.7,229,83,63.76
구로디지털단지,4624772818,17,42.7,665,1,99.85
신대방,4624808762,17,42.7,578,75,87.02
신림,5404739367,17,42.7,1212,1,99.92
봉천,5404739628,17,42.7,1274,452,64.52
서울대입구,5406451695,17,42.7,959,294,69.34
낙성대,5406462591,17,42.7,618,480,22.33
방배,8471989456,17,42.7,421,1,99.76
서초,3221788784,17,42.7,652,1,99.85
역삼,2280678732,17,42.7,948,474,50.0
삼성,733859380,17,42.7,606,7,98.84
종합운동장,1430639131,17,42.7,362,1,99.72
잠실새내,2957013438,17,42.7,642,1,99.84
잠실,7877518993,17,42.7,415,4,99.04
양천구청,3380999909,17,42.7,471,1,99.79
신정네거리,9572122970,17,42.7,759,123,83.79
도림천,4630961655,17,42.7,567,142,74.96
경찰병원,1812000920,17,42.7,649,467,28.04
대청,2927282422,17,42.7,495,185,62.63
학여울,4643770712,17,42.7,520,1,99.81
대치,2281644495,17,42.7,618,122,80.26
매봉,5406359683,17,42.7,583,142,75.64
남부터미널,436864976,17,42.7,743,246,66.89
잠원,4634374794,17,42.7,513,2,99.61
신사,8489501829,17,42.7,1026,260,74.66
압구정,9891581229,17,42.7,1171,323,72.42
금호,4201516987,17,42.7,552,215,61.05
동대입구,436870722,17,42.7,1131,1,99.91
경복궁,6033544429,17,42.7,1196,1,99.92
독립문,13460710395,17,42.7,816,17,97.92
무악재,11296428367,17,42.7,455,2,99.56
홍제,436868050,17,42.7,855,271,68.3
녹번,436867704,17,42.7,786,109,86.13
구파발,8515726110,17,42.7,786,102,87.02
불암산,3841778897,17,42.7,478,1,99.79
쌍문,436836179,17,42.7,1106,1,99.91
수유,9813541694,17,42.7,1433,914,36.22
미아,9819314920,17,42.7,1362,768,43.61
미아사거리,5198597933,17,42.7,1334,1,99.93
길음,5210130825,17,42.7,921,7,99.24
혜화,2409390726,17,42.7,915,1,99.89
명동,7495868732,17,42.7,1420,160,88.73
회현,12920546288,17,42.7,1025,176,82.83
서울역,5348913449,17,42.7,990,1,99.9
숙대입구,2533148374,17,42.7,1017,1,99.9
신용산,10816047755,17,42.7,445,1,99.78
사당,11521991148,17,42.7,772,1,99.87
남태령,7621561344,17,42.7,140,1,99.29
마천,10277058704,17,42.7,1004,277,72.41
거여,4489986954,17,42.7,1107,1,99.91
개롱,12142687377,17,42.7,1146,643,43.89
방이,2310500979,17,42.7,840,169,79.88
올림픽공원,8493888383,17,42.7,637,1,99.84
둔촌동,4680325914,17,42.7,548,2,99.64
상일동,7106623354,17,42.7,484,1,99.79
고덕,5915757376,17,42.7,713,1,99.86
명일,10009228390,17,42.7,570,144,74.74
굽은다리,3851742835,17,42.7,725,550,24.14
길동,3856135009,17,42.7,792,577,27.15
강동,3856513978,17,42.7,814,602,26.04
광나루,11182352080,17,42.7,452,1,99.78
아차산,2123390941,17,42.7,612,76,87.58
장한평,10708070992,17,42.7,481,1,99.79
답십리,10708182321,17,42.7,295,141,52.2
마장,3832676328,17,42.7,1208,39,96.77
행당,3833113882,17,42.7,1241,442,64.38
신금호,3848968727,17,42.7,743,172,76.85
광화문,13971398420,17,42.7,1418,2,99.86
서대문,445343537,17,42.7,1362,348,74.45
애오개,13142535285,17,42.7,1849,69,96.27
공덕,9941864292,17,42.7,1998,1123,43.79
마포,13227969612,17,42.7,1192,611,48.74
여의나루,355173356,17,42.7,598,16,97.32
여의도,4744225606,17,42.7,421,1,99.76
신길,4529530743,17,42.7,518,1,99.81
영등포시장,355173354,17,42.7,1102,254,76.95
영등포구청,5215341470,17,42.7,1148,321,72.04
양평,436860925,17,42.7,708,213,69.92
오목교,2808319707,17,42.7,1088,443,59.28
목동,13895049012,17,42.7,1061,1,99.91
신정,2848435510,17,42.7,787,248,68.49
까치산,1906282324,17,42.7,941,579,38.47
화곡,2289350750,17,42.7,1376,1,99.93
우장산,4706229292,17,42.7,1447,2,99.86
발산,1791473931,17,42.7,929,1,99.89
마곡,13800646917,17,42.7,593,1,99.83
송정,4602991606,17,42.7,677,149,77.99
개화산,9228947724,17,42.7,593,96,83.81
방화,2702609963,17,42.7,435,81,81.38
봉화산,436834232,17,42.7,477,82,82.81
화랑대,3842209686,17,42.7,904,51,94.36
석계,1795189949,17,42.7,982,1,99.9
돌곶이,3830773366,17,42.7,1397,1,99.93
상월곡,5219803722,17,42.7,1040,669,35.67
월곡,5406198806,17,42.7,1159,505,56.43
안암,7625622864,17,42.7,1804,249,86.2
창신,1943131791,17,42.7,758,1,99.87
청구,1936511423,17,42.7,1242,496,60.06
버티고개,3847632030,17,42.7,334,154,53.89
한강진,436868241,17,42.7,569,1,99.82
이태원,2470887090,17,42.7,754,1,99.87
녹사평,2384953064,17,42.7,1040,1,99.9
효창공원앞,4426288471,17,42.7,1133,1,99.91
대흥,9987526934,17,42.7,1983,1,99.95
광흥창,4101356295,17,42.7,1853,424,77.12
상수,414685238,17,42.7,1337,242,81.9
망원,445327391,17,42.7,1724,1252,27.38
마포구청,5905951490,17,42.7,1038,1,99.9
월드컵경기장,798569457,17,42.7,500,1,99.8
증산,3823125035,17,42.7,1303,427,67.23
새절,3822999355,17,42.7,1828,686,62.47
구산,2292697262,17,42.7,1767,1366,22.69
연신내,13357342120,17,42.7,1578,1,99.94
독바위,3824954278,17,42.7,914,483,47.16
역촌,10789220053,17,42.7,1917,778,59.42
어린이대공원,7939459503,17,42.7,860,1,99.88
군자,8743773046,17,42.7,1103,1,99.91
중곡,3840461137,17,42.7,932,616,33.91
용마산,10141309870,17,42.7,1285,7,99.46
사가정,436849774,17,42.7,1805,539,70.14
면목,436816024,17,42.7,1746,1,99.94
상봉,436718863,17,42.7,2078,165,92.06
중화,3819991417,17,42.7,1857,1,99.95
먹골,436538654,17,42.7,1117,413,63.03
태릉입구,13821634895,17,42.7,1354,1,99.93
공릉,13566284590,17,42.7,1151,153,86.71
하계,13566334119,17,42.7,554,73,86.82
중계,3835756882,17,42.7,440,1,99.77
노원,10598556476,17,42.7,697,155,77.76
마들,9410070134,17,42.7,1010,16,98.42
수락산,13566334197,17,42.7,619,79,87.24
가산디지털단지,436846908,17,42.7,460,77,83.26
남구로,2590252230,17,42.7,768,387,49.61
대림,2589375675,17,42.7,858,162,81.12
신풍,2108483850,17,42.7,848,85,89.98
보라매,2108483937,17,42.7,721,2,99.72
신대방삼거리,2108483943,17,42.7,901,123,86.35
장승배기,1830596637,17,42.7,854,1,99.88
상도,436821675,17,42.7,771,115,85.08
숭실대입구,11413637825,17,42.7,585,163,72.14
남성,4195693782,17,42.7,686,356,48.1
이수,13434371130,17,42.7,970,191,80.31
내방,2110270505,17,42.7,487,1,99.79
반포,9914441894,17,42.7,746,25,96.65
논현,2280678861,17,42.7,955,1,99.9
학동,2279487893,17,42.7,1030,369,64.17
청담,2279487921,17,42.7,785,70,91.08
자양,9040152140,17,42.7,636,1,99.84
용두,1939143883,17,42.7,1269,48,96.22
신답,2460188205,17,42.7,45,28,37.78
천왕,1784377384,17,42.7,338,97,71.3
장지,11202554992,17,42.7,983,1,99.9
문정,6832910091,17,42.7,581,1,99.83
송파,2280491847,17,42.7,553,1,99.82
석촌,2280491863,17,42.7,301,1,99.67
몽촌토성,2346858828,17,42.7,451,1,99.78
강동구청,436855505,17,42.7,904,387,57.19
암사,999136556,17,42.7,828,505,39.01
중앙보훈병원,4197252516,17,42.7,357,8,97.76
둔촌오륜,11229084218,17,42.7,377,1,99.73
한성백제,10009448574,17,42.7,394,1,99.75
송파나루,1809560163,17,42.7,485,287,40.82
석촌고분,10855673146,17,42.7,780,1,99.87
삼전,4186302819,17,42.7,613,325,46.98
대모산입구,4643770733,17,42.7,495,1,99.8
개포동,2032418657,17,42.7,428,2,99.53
구룡,436814317,17,42.7,225,15,93.33
한티,4784810914,17,42.7,616,7,98.86
압구정로데오,596509934,17,42.7,705,1,99.86
서울숲,9081846792,17,42.7,723,1,99.86
양재시민의숲,12872531616,17,42.7,667,1,99.85
청계산입구,11744211938,17,42.7,177,7,96.05
성신여대입구,5226829495,17,42.7,886,386,56.43
청량리,7749822746,17,42.7,1451,1,99.93
신내,9534964676,17,42.7,661,1,99.85
종로3가,7068953101,17,42.7,1739,1,99.94
신설동,13345643243,17,42.7,1380,273,80.22
성신여대입구,9816197077,17,42.7,862,1,99.88
이촌,13472471079,17,42.7,485,119,75.46
서울역,10216518963,17,42.7,550,2,99.64
수서,6004121530,17,42.7,224,1,99.55
건대입구,11303511536,17,42.7,1018,2,99.8
선정릉,596482732,17,42.7,765,481,37.12
선릉,860338496,17,42.7,762,558,26.77
도곡,3418782698,17,42.7,447,47,89.49
수서,12364278188,17,42.7,233,1,99.57
복정,11330600836,17,42.7,445,1,99.78
왕십리,9369050246,17,42.7,1530,3,99.8
왕십리,11127349780,17,42.7,1663,1,99.94
신설동,4173042514,17,42.7,1293,121,90.64
939정거장,8436624771,17,42.7,364,5,98.63
창동,4659124351,17,42.7,526,65,87.64
동작,3401123578,17,42.7,13,10,23.08
개화,9701881739,17,42.7,242,16,93.39
상봉,2470981971,17,42.7,1849,328,82.26
관악산,4373612914,17,42.7,549,1,99.82
서울대벤처타운,1835221096,17,42.7,879,387,55.97
신림,1844912791,17,42.7,1197,184,84.63
당곡,436858756,17,42.7,1055,104,90.14
보라매병원,436847189,17,42.7,817,137,83.23
보라매공원,7916896848,17,42.7,516,43,91.67
보라매,2819460436,17,42.7,703,34,95.16
서울지방병무청,11178013529,17,42.7,675,16,97.63
대방,11553007316,17,42.7,534,4,99.25
샛강,13506574406,17,42.7,361,118,67.31
샛강,13670786965,17,42.7,348,1,99.71
서울역,3390941198,17,42.7,980,1,99.9
디지털미디어시티,2605603657,17,42.7,383,164,57.18
디지털미디어시티,4652833827,17,42.7,469,1,99.79
노원,5706189891,17,42.7,776,148,80.93
양재,4865811281,17,42.7,893,1,99.89
강남,3087683154,17,42.7,1222,364,70.21
당산,10814323607,17,42.7,737,220,70.15
서울역,3391063393,17,42.7,1011,1,99.9
신길,4636791670,17,42.7,720,1,99.86
가산디지털단지,2108483903,17,42.7,492,94,80.89
상계,3401474874,17,42.7,689,376,45.43
선유도,2726710465,17,42.7,537,151,71.88
신목동,2812530406,17,42.7,405,86,78.77
염창,2289016390,17,42.7,683,1,99.85
등촌,2290015312,17,42.7,810,1,99.88
증미,3042643876,17,42.7,673,316,53.05
가양,2142681442,17,42.7,885,380,57.06
양천향교,414683333,17,42.7,635,1,99.84
신방화,10814323761,17,42.7,827,129,84.4
공항시장,4604019398,17,42.7,777,169,78.25
총신대입구(이수),4984575377,17,42.7,877,304,65.34
동묘앞,3830591800,17,42.7,1683,67,96.02
동대문,7195666618,17,42.7,1827,1,99.95
종로3가,4198116864,17,42.7,1363,288,78.87
종로3가,4197560774,17,42.7,1595,249,84.39
정릉,3828480980,17,42.7,700,1,99.86
솔샘,3841342870,17,42.7,826,295,64.29
삼양사거리,3841342963,17,42.7,1425,811,43.09
삼양,3840741768,17,42.7,1428,1019,28.64
화계,436865378,17,42.7,1464,506,65.44
가오리,3840936112,17,42.7,1346,871,35.29
4.19민주묘지,3841077641,17,42.7,939,206,78.06
솔밭공원,3626451463,17,42.7,493,202,59.03
북한산우이,11824482197,17,42.7,274,138,49.64
시청,7677568503,17,42.7,1206,330,72.64
노량진,4627778176,17,42.7,411,1,99.76
김포공항,7981330101,17,42.7,553,1,99.82
김포공항,4874729815,17,42.7,614,1,99.84
옥수,8222891384,17,42.7,318,1,99.69
신도림,5119449050,17,42.7,331,81,75.53
수서,11563289590,17,42.7,234,51,78.21
연신내,10678122489,17,42.7,1643,1074,34.63
뚝섬,8498978693,17,42.7,756,277,63.36
동대문역사문화공원,414685825,17,42.7,1759,1,99.94
동대문역사문화공원,1945254583,17,42.7,1864,424,77.25
종합운동장,13894950326,17,42.7,402,1,99.75
홍대입구,13227913200,17,42.7,2129,1787,16.06
942정거장,436815896,17,42.7,625,97,84.48
한성대입구,5973684086,18,38.0,1088,1,99.91
제기동,9655918649,18,38.0,1288,1,99.92
신이문,3831106833,18,38.0,1042,1,99.9
회기,9776882774,18,38.0,1756,4,99.77
월계,3834716670,18,38.0,300,1,99.67
녹천,3834717475,18,38.0,227,1,99.56
광운대,436854528,18,38.0,396,1,99.75
창동,3834608837,18,38.0,424,2,99.53
방학,3846919916,18,38.0,688,1,99.85
오류동,8508812072,18,38.0,98,1,98.98
개봉,5442986444,18,38.0,390,1,99.74
구일,3210749463,18,38.0,272,1,99.63
일원,9454279402,18,38.0,208,2,99.04
양원,9534964626,18,38.0,911,1,99.89
한남,3852156874,18,38.0,249,1,99.6
수색,11944713936,18,38.0,364,1,99.73
940정거장,3011994542,18,38.0,315,1,99.68
중랑,10138603166,18,38.0,1617,1,99.94
망우,9760894592,18,38.0,1800,1,99.94
국회의사당,2932339394,18,38.0,587,1,99.83
노들,4627760504,18,38.0,448,1,99.78
신설동,13227969660,18,38.0,1231,1,99.92
용답,2460188229,18,38.0,807,1,99.88
신촌,13683819523,18,38.0,2215,1,99.95
수서,6299196105,18,38.0,236,1,99.58
충정로,3893042379,18,38.0,1387,1,99.93
서강대,5221755996,18,38.0,2111,1,99.95
종로5가,436883169,18,38.0,1678,1,99.94
고속터미널,9798531671,18,38.0,689,37,94.63
청량리,10121691848,18,38.0,1413,1,99.93
봉은사,595750357,18,38.0,602,1,99.83
언주,414684639,18,38.0,1033,2,99.81
삼성중앙,595750358,18,38.0,682,1,99.85
사평,13512489422,18,38.0,789,1,99.87
선정릉,2110338712,18,38.0,804,2,99.75
신논현,8376423650,18,38.0,1082,1,99.91
외대앞,3831105923,18,38.0,1212,1,99.92
구반포,11641428792,18,38.0,381,1,99.74
흑석,436881334,18,38.0,262,1,99.62
신반포,10918075302,18,38.0,556,1,99.82
온수,4987997944,18,38.0,269,1,99.63
왕십리,9083521281,18,38.0,1411,1,99.93
응봉,13780851569,18,38.0,76,1,98.68
도봉,7006105399,18,38.0,659,3,99.54
서빙고,12874837067,18,38.0,295,1,99.66
양재,11431861586,18,38.0,940,1,99.89
이촌,4172393733,18,38.0,454,9,98.02
복정,11330600853,18,38.0,392,1,99.74
독산,4095041979,18,38.0,268,1,99.63
신내,9810803930,18,38.0,662,1,99.85
금천구청,5308009219,18,38.0,605,1,99.83
암사역사공원,436817489,18,38.0,476,1,99.79
보문,436873184,18,38.0,1115,1,99.91
동작,7660036116,18,38.0,204,1,99.51
서울,10013086401,18,38.0,830,1,99.88
도곡,5403582157,18,38.0,462,1,99.78
김포공항,2353543144,18,38.0,522,1,99.81
동대문역사문화공원,8496801700,18,38.0,1850,10,99.46
구로,8918160546,18,38.0,533,1,99.81
북한산보국문,3841557294,18,38.0,582,1,99.83
안국,436867523,18,38.0,1297,1,99.92
강일,13093833784,18,38.0,347,1,99.71
천호,999136673,18,38.0,1051,1,99.9
서원,1835221331,18,38.0,1227,1,99.92
동대문,3830591792,18,38.0,1671,1,99.94
삼각지,5589627062,18,38.0,902,1,99.89
도봉산,5246596481,18,38.0,477,1,99.79
도봉산,5246596482,18,38.0,488,1,99.8
영등포,11459128410,18,38.0,783,1,99.87
노량진,3785111388,18,38.0,417,1,99.76
용산,10816124190,18,38.0,415,2,99.52
종각,11198015018,18,38.0,1508,1,99.93
건대입구,2613069963,18,38.0,1123,14,98.75
가좌,5756085341,18,38.0,950,1,99.89
남영,7836289839,18,38.0,867,7,99.19
대방,4617447369,18,38.0,306,1,99.67
응암,8735757178,18,38.0,2062,1,99.95
합정,5215341441,18,38.0,1477,1,99.93
동묘앞,4170064719,18,38.0,1658,1,99.94
고려대,5404768239,18,38.0,1585,1,99.94
홍대입구,11841458495,18,38.0,2240,80,96.43
디지털미디어시티,9891051186,18,38.0,182,1,99.45
선릉,2280678836,18,38.0,766,1,99.87
강남구청,2282830004,18,38.0,911,1,99.89
강남,7168335697,18,38.0,1287,1,99.92
가락시장,10939998666,18,38.0,266,1,99.62
을지로3가,7694743853,18,38.0,1932,1,99.95
불광,11228575654,18,38.0,1358,1,99.93
구의,3958847218,18,38.0,330,1,99.7
강변,1850655113,18,38.0,359,1,99.72
잠실나루,5159105401,18,38.0,251,1,99.6
옥수,3851466435,18,38.0,215,1,99.53
충무로,3846576172,18,38.0,1502,9,99.4
약수,3846603560,18,38.0,839,1,99.88
교대,3355067052,18,38.0,895,1,99.89
오금,3278844051,18,38.0,992,1,99.9
한양대,8992783196,18,38.0,906,1,99.89
성수,2551966241,18,38.0,805,1,99.88
시청,3404904658,18,38.0,1074,1,99.91
을지로입구,436830313,18,38.0,1494,1,99.93
을지로4가,10296582868,18,38.0,1599,1,99.94
신당,414685846,18,38.0,1733,1,99.94
상왕십리,11127349744,18,38.0,1796,1,99.94
신촌,5937884691,18,38.0,2707,1,99.96
이대,9283138042,18,38.0,1934,1,99.95
아현,1936511359,18,38.0,1758,1,99.94
마곡나루,4019735070,18,38.0,568,1,99.82
당산,3216944261,18,38.0,692,1,99.86
문래,11455185928,18,38.0,1223,1,99.92
신도림,5344219251,18,38.0,229,14,93.89
구로디지털단지,4624772818,18,38.0,665,1,99.85
신대방,4624808762,18,38.0,578,1,99.83
신림,5404739367,18,38.0,1212,1,99.92
봉천,5404739628,18,38.0,1274,1,99.92
서울대입구,5406451695,18,38.0,959,1,99.9
낙성대,5406462591,18,38.0,618,1,99.84
방배,8471989456,18,38.0,421,1,99.76
서초,3221788784,18,38.0,652,1,99.85
역삼,2280678732,18,38.0,948,45,95.25
삼성,733859380,18,38.0,606,1,99.83
종합운동장,1430639131,18,38.0,362,1,99.72
잠실새내,2957013438,18,38.0,642,1,99.84
잠실,7877518993,18,38.0,415,1,99.76
양천구청,3380999909,18,38.0,471,1,99.79
신정네거리,9572122970,18,38.0,759,1,99.87
도림천,4630961655,18,38.0,567,1,99.82
경찰병원,1812000920,18,38.0,649,48,92.6
대청,2927282422,18,38.0,495,24,95.15
학여울,4643770712,18,38.0,520,1,99.81
대치,2281644495,18,38.0,618,3,99.51
매봉,5406359683,18,38.0,583,1,99.83
남부터미널,436864976,18,38.0,743,1,99.87
잠원,4634374794,18,38.0,513,1,99.81
신사,8489501829,18,38.0,1026,1,99.9
압구정,9891581229,18,38.0,1171,1,99.91
금호,4201516987,18,38.0,552,1,99.82
동대입구,436870722,18,38.0,1131,1,99.91
경복궁,6033544429,18,38.0,1196,1,99.92
독립문,13460710395,18,38.0,816,1,99.88
무악재,11296428367,18,38.0,455,1,99.78
홍제,436868050,18,38.0,855,1,99.88
녹번,436867704,18,38.0,786,1,99.87
구파발,8515726110,18,38.0,786,42,94.66
불암산,3841778897,18,38.0,478,1,99.79
쌍문,436836179,18,38.0,1106,1,99.91
수유,9813541694,18,38.0,1433,1,99.93
미아,9819314920,18,38.0,1362,1,99.93
미아사거리,5198597933,18,38.0,1334,1,99.93
길음,5210130825,18,38.0,921,4,99.57
혜화,2409390726,18,38.0,915,1,99.89
명동,7495868732,18,38.0,1420,1,99.93
회현,12920546288,18,38.0,1025,1,99.9
서울역,5348913449,18,38.0,990,1,99.9
숙대입구,2533148374,18,38.0,1017,1,99.9
신용산,10816047755,18,38.0,445,1,99.78
사당,11521991148,18,38.0,772,1,99.87
남태령,7621561344,18,38.0,140,1,99.29
마천,10277058704,18,38.0,1004,1,99.9
거여,4489986954,18,38.0,1107,1,99.91
개롱,12142687377,18,38.0,1146,10,99.13
방이,2310500979,18,38.0,840,1,99.88
올림픽공원,8493888383,18,38.0,637,1,99.84
둔촌동,4680325914,18,38.0,548,1,99.82
상일동,7106623354,18,38.0,484,1,99.79
고덕,5915757376,18,38.0,713,1,99.86
명일,10009228390,18,38.0,570,1,99.82
굽은다리,3851742835,18,38.0,725,2,99.72
길동,3856135009,18,38.0,792,1,99.87
강동,3856513978,18,38.0,814,1,99.88
광나루,11182352080,18,38.0,452,1,99.78
아차산,2123390941,18,38.0,612,1,99.84
장한평,10708070992,18,38.0,481,1,99.79
답십리,10708182321,18,38.0,295,1,99.66
마장,3832676328,18,38.0,1208,1,99.92
행당,3833113882,18,38.0,1241,9,99.27
신금호,3848968727,18,38.0,743,1,99.87
광화문,13971398420,18,38.0,1418,1,99.93
서대문,445343537,18,38.0,1362,1,99.93
애오개,13142535285,18,38.0,1849,5,99.73
공덕,9941864292,18,38.0,1998,9,99.55
마포,13227969612,18,38.0,1192,96,91.95
여의나루,355173356,18,38.0,598,1,99.83
여의도,4744225606,18,38.0,421,1,99.76
신길,4529530743,18,38.0,518,1,99.81
영등포시장,355173354,18,38.0,1102,1,99.91
영등포구청,5215341470,18,38.0,1148,1,99.91
양평,436860925,18,38.0,708,1,99.86
오목교,2808319707,18,38.0,1088,1,99.91
목동,13895049012,18,38.0,1061,1,99.91
신정,2848435510,18,38.0,787,1,99.87
까치산,1906282324,18,38.0,941,1,99.89
화곡,2289350750,18,38.0,1376,1,99.93
우장산,4706229292,18,38.0,1447,1,99.93
발산,1791473931,18,38.0,929,1,99.89
마곡,13800646917,18,38.0,593,1,99.83
송정,4602991606,18,38.0,677,1,99.85
개화산,9228947724,18,38.0,593,1,99.83
방화,2702609963,18,38.0,435,1,99.77
봉화산,436834232,18,38.0,477,1,99.79
화랑대,3842209686,18,38.0,904,8,99.12
석계,1795189949,18,38.0,982,1,99.9
돌곶이,3830773366,18,38.0,1397,1,99.93
상월곡,5219803722,18,38.0,1040,1,99.9
월곡,5406198806,18,38.0,1159,23,98.02
안암,7625622864,18,38.0,1804,1,99.94
창신,1943131791,18,38.0,758,1,99.87
청구,1936511423,18,38.0,1242,1,99.92
버티고개,3847632030,18,38.0,334,2,99.4
한강진,436868241,18,38.0,569,1,99.82
이태원,2470887090,18,38.0,754,1,99.87
녹사평,2384953064,18,38.0,1040,1,99.9
효창공원앞,4426288471,18,38.0,1133,1,99.91
대흥,9987526934,18,38.0,1983,1,99.95
광흥창,4101356295,18,38.0,1853,1,99.95
상수,414685238,18,38.0,1337,1,99.93
망원,445327391,18,38.0,1724,1,99.94
마포구청,5905951490,18,38.0,1038,1,99.9
월드컵경기장,798569457,18,38.0,500,1,99.8
증산,3823125035,18,38.0,1303,10,99.23
새절,3822999355,18,38.0,1828,1,99.95
구산,2292697262,18,38.0,1767,24,98.64
연신내,13357342120,18,38.0,1578,1,99.94
독바위,3824954278,18,38.0,914,1,99.89
역촌,10789220053,18,38.0,1917,3,99.84
어린이대공원,7939459503,18,38.0,860,1,99.88
군자,8743773046,18,38.0,1103,1,99.91
중곡,3840461137,18,38.0,932,1,99.89
용마산,10141309870,18,38.0,1285,1,99.92
사가정,436849774,18,38.0,1805,1,99.94
면목,436816024,18,38.0,1746,1,99.94
상봉,436718863,18,38.0,2078,1,99.95
중화,3819991417,18,38.0,1857,1,99.95
먹골,436538654,18,38.0,1117,1,99.91
태릉입구,13821634895,18,38.0,1354,1,99.93
공릉,13566284590,18,38.0,1151,1,99.91
하계,13566334119,18,38.0,554,1,99.82
중계,3835756882,18,38.0,440,1,99.77
노원,10598556476,18,38.0,697,7,99.0
마들,9410070134,18,38.0,1010,2,99.8
수락산,13566334197,18,38.0,619,1,99.84
가산디지털단지,436846908,18,38.0,460,3,99.35
남구로,2590252230,18,38.0,768,1,99.87
대림,2589375675,18,38.0,858,2,99.77
신풍,2108483850,18,38.0,848,1,99.88
보라매,2108483937,18,38.0,721,1,99.86
신대방삼거리,2108483943,18,38.0,901,1,99.89
장승배기,1830596637,18,38.0,854,1,99.88
상도,436821675,18,38.0,771,1,99.87
숭실대입구,11413637825,18,38.0,585,1,99.83
남성,4195693782,18,38.0,686,1,99.85
이수,13434371130,18,38.0,970,1,99.9
내방,2110270505,18,38.0,487,1,99.79
반포,9914441894,18,38.0,746,1,99.87
논현,2280678861,18,38.0,955,1,99.9
학동,2279487893,18,38.0,1030,1,99.9
청담,2279487921,18,38.0,785,1,99.87
자양,9040152140,18,38.0,636,1,99.84
용두,1939143883,18,38.0,1269,1,99.92
신답,2460188205,18,38.0,45,1,97.78
천왕,1784377384,18,38.0,338,10,97.04
장지,11202554992,18,38.0,983,1,99.9
문정,6832910091,18,38.0,581,1,99.83
송파,2280491847,18,38.0,553,1,99.82
석촌,2280491863,18,38.0,301,1,99.67
몽촌토성,2346858828,18,38.0,451,1,99.78
강동구청,436855505,18,38.0,904,1,99.89
암사,999136556,18,38.0,828,1,99.88
중앙보훈병원,4197252516,18,38.0,357,6,98.32
둔촌오륜,11229084218,18,38.0,377,1,99.73
한성백제,10009448574,18,38.0,394,1,99.75
송파나루,1809560163,18,38.0,485,1,99.79
석촌고분,10855673146,18,38.0,780,1,99.87
삼전,4186302819,18,38.0,613,1,99.84
대모산입구,4643770733,18,38.0,495,1,99.8
개포동,2032418657,18,38.0,428,1,99.77
구룡,436814317,18,38.0,225,1,99.56
한티,4784810914,18,38.0,616,1,99.84
압구정로데오,596509934,18,38.0,705,1,99.86
서울숲,9081846792,18,38.0,723,1,99.86
양재시민의숲,12872531616,18,38.0,667,1,99.85
청계산입구,11744211938,18,38.0,177,1,99.44
성신여대입구,5226829495,18,38.0,886,1,99.89
청량리,7749822746,18,38.0,1451,1,99.93
신내,9534964676,18,38.0,661,1,99.85
종로3가,7068953101,18,38.0,1739,1,99.94
신설동,13345643243,18,38.0,1380,1,99.93
성신여대입구,9816197077,18,38.0,862,1,99.88
이촌,13472471079,18,38.0,485,1,99.79
서울역,10216518963,18,38.0,550,1,99.82
수서,6004121530,18,38.0,224,1,99.55
건대입구,11303511536,18,38.0,1018,1,99.9
선정릉,596482732,18,38.0,765,6,99.22
선릉,860338496,18,38.0,762,63,91.73
도곡,3418782698,18,38.0,447,1,99.78
수서,12364278188,18,38.0,233,1,99.57
복정,11330600836,18,38.0,445,1,99.78
왕십리,9369050246,18,38.0,1530,1,99.93
왕십리,11127349780,18,38.0,1663,1,99.94
신설동,4173042514,18,38.0,1293,1,99.92
939정거장,8436624771,18,38.0,364,1,99.73
창동,4659124351,18,38.0,526,1,99.81
동작,3401123578,18,38.0,13,1,92.31
개화,9701881739,18,38.0,242,1,99.59
상봉,2470981971,18,38.0,1849,1,99.95
관악산,4373612914,18,38.0,549,1,99.82
서울대벤처타운,1835221096,18,38.0,879,1,99.89
신림,1844912791,18,38.0,1197,1,99.92
당곡,436858756,18,38.0,1055,1,99.91
보라매병원,436847189,18,38.0,817,19,97.67
보라매공원,7916896848,18,38.0,516,1,99.81
보라매,2819460436,18,38.0,703,1,99.86
서울지방병무청,11178013529,18,38.0,675,1,99.85
대방,11553007316,18,38.0,534,1,99.81
샛강,13506574406,18,38.0,361,65,81.99
샛강,13670786965,18,38.0,348,1,99.71
서울역,3390941198,18,38.0,980,1,99.9
디지털미디어시티,2605603657,18,38.0,383,1,99.74
디지털미디어시티,4652833827,18,38.0,469,1,99.79
노원,5706189891,18,38.0,776,1,99.87
양재,4865811281,18,38.0,893,1,99.89
강남,3087683154,18,38.0,1222,160,86.91
당산,10814323607,18,38.0,737,1,99.86
서울역,3391063393,18,38.0,1011,1,99.9
신길,4636791670,18,38.0,720,1,99.86
가산디지털단지,2108483903,18,38.0,492,1,99.8
상계,3401474874,18,38.0,689,1,99.85
선유도,2726710465,18,38.0,537,5,99.07
신목동,2812530406,18,38.0,405,1,99.75
염창,2289016390,18,38.0,683,1,99.85
등촌,2290015312,18,38.0,810,1,99.88
증미,3042643876,18,38.0,673,25,96.29
가양,2142681442,18,38.0,885,27,96.95
양천향교,414683333,18,38.0,635,1,99.84
신방화,10814323761,18,38.0,827,1,99.88
공항시장,4604019398,18,38.0,777,1,99.87
총신대입구(이수),4984575377,18,38.0,877,1,99.89
동묘앞,3830591800,18,38.0,1683,4,99.76
동대문,7195666618,18,38.0,1827,1,99.95
종로3가,4198116864,18,38.0,1363,1,99.93
종로3가,4197560774,18,38.0,1595,1,99.94
정릉,3828480980,18,38.0,700,1,99.86
솔샘,3841342870,18,38.0,826,1,99.88
삼양사거리,3841342963,18,38.0,1425,1,99.93
삼양,3840741768,18,38.0,1428,1,99.93
화계,436865378,18,38.0,1464,1,99.93
가오리,3840936112,18,38.0,1346,1,99.93
4.19민주묘지,3841077641,18,38.0,939,1,99.89
솔밭공원,3626451463,18,38.0,493,1,99.8
북한산우이,11824482197,18,38.0,274,2,99.27
시청,7677568503,18,38.0,1206,5,99.59
노량진,4627778176,18,38.0,411,1,99.76
김포공항,7981330101,18,38.0,553,1,99.82
김포공항,4874729815,18,38.0,614,1,99.84
옥수,8222891384,18,38.0,318,1,99.69
신도림,5119449050,18,38.0,331,14,95.77
수서,11563289590,18,38.0,234,21,91.03
연신내,10678122489,18,38.0,1643,1,99.94
뚝섬,8498978693,18,38.0,756,1,99.87
동대문역사문화공원,414685825,18,38.0,1759,1,99.94
동대문역사문화공원,1945254583,18,38.0,1864,10,99.46
종합운동장,13894950326,18,38.0,402,1,99.75
홍대입구,13227913200,18,38.0,2129,80,96.24
942정거장,436815896,18,38.0,625,1,99.84
한성대입구,5973684086,18,42.7,1088,1088,0.0
제기동,9655918649,18,42.7,1288,1288,0.0
신이문,3831106833,18,42.7,1042,1042,0.0
회기,9776882774,18,42.7,1756,1756,0.0
월계,3834716670,18,42.7,300,300,0.0
녹천,3834717475,18,42.7,227,227,0.0
광운대,436854528,18,42.7,396,396,0.0
창동,3834608837,18,42.7,424,424,0.0
방학,3846919916,18,42.7,688,688,0.0
오류동,8508812072,18,42.7,98,98,0.0
개봉,5442986444,18,42.7,390,390,0.0
구일,3210749463,18,42.7,272,272,0.0
일원,9454279402,18,42.7,208,208,0.0
양원,9534964626,18,42.7,911,911,0.0
한남,3852156874,18,42.7,249,249,0.0
수색,11944713936,18,42.7,364,364,0.0
940정거장,3011994542,18,42.7,315,315,0.0
중랑,10138603166,18,42.7,1617,1617,0.0
망우,9760894592,18,42.7,1800,1800,0.0
국회의사당,2932339394,18,42.7,587,587,0.0
노들,4627760504,18,42.7,448,448,0.0
신설동,13227969660,18,42.7,1231,1231,0.0
용답,2460188229,18,42.7,807,807,0.0
신촌,13683819523,18,42.7,2215,2215,0.0
수서,6299196105,18,42.7,236,236,0.0
충정로,3893042379,18,42.7,1387,1387,0.0
서강대,5221755996,18,42.7,2111,2111,0.0
종로5가,436883169,18,42.7,1678,1678,0.0
고속터미널,9798531671,18,42.7,689,689,0.0
청량리,10121691848,18,42.7,1413,1413,0.0
봉은사,595750357,18,42.7,602,602,0.0
언주,414684639,18,42.7,1033,1033,0.0
삼성중앙,595750358,18,42.7,682,682,0.0
사평,13512489422,18,42.7,789,789,0.0
선정릉,2110338712,18,42.7,804,804,0.0
신논현,8376423650,18,42.7,1082,1082,0.0
외대앞,3831105923,18,42.7,1212,1212,0.0
구반포,11641428792,18,42.7,381,381,0.0
흑석,436881334,18,42.7,262,262,0.0
신반포,10918075302,18,42.7,556,556,0.0
온수,4987997944,18,42.7,269,269,0.0
왕십리,9083521281,18,42.7,1411,1411,0.0
응봉,13780851569,18,42.7,76,76,0.0
도봉,7006105399,18,42.7,659,659,0.0
서빙고,12874837067,18,42.7,295,295,0.0
양재,11431861586,18,42.7,940,940,0.0
이촌,4172393733,18,42.7,454,454,0.0
복정,11330600853,18,42.7,392,392,0.0
독산,4095041979,18,42.7,268,268,0.0
신내,9810803930,18,42.7,662,662,0.0
금천구청,5308009219,18,42.7,605,605,0.0
암사역사공원,436817489,18,42.7,476,476,0.0
보문,436873184,18,42.7,1115,1115,0.0
동작,7660036116,18,42.7,204,204,0.0
서울,10013086401,18,42.7,830,830,0.0
도곡,5403582157,18,42.7,462,462,0.0
김포공항,2353543144,18,42.7,522,522,0.0
동대문역사문화공원,8496801700,18,42.7,1850,1850,0.0
구로,8918160546,18,42.7,533,533,0.0
북한산보국문,3841557294,18,42.7,582,582,0.0
안국,436867523,18,42.7,1297,1297,0.0
강일,13093833784,18,42.7,347,347,0.0
천호,999136673,18,42.7,1051,1051,0.0
서원,1835221331,18,42.7,1227,1227,0.0
동대문,3830591792,18,42.7,1671,1671,0.0
삼각지,5589627062,18,42.7,902,902,0.0
도봉산,5246596481,18,42.7,477,477,0.0
도봉산,5246596482,18,42.7,488,488,0.0
영등포,11459128410,18,42.7,783,783,0.0
노량진,3785111388,18,42.7,417,417,0.0
용산,10816124190,18,42.7,415,415,0.0
종각,11198015018,18,42.7,1508,1508,0.0
건대입구,2613069963,18,42.7,1123,1123,0.0
가좌,5756085341,18,42.7,950,950,0.0
남영,7836289839,18,42.7,867,867,0.0
대방,4617447369,18,42.7,306,306,0.0
응암,8735757178,18,42.7,2062,2062,0.0
합정,5215341441,18,42.7,1477,1477,0.0
동묘앞,4170064719,18,42.7,1658,1658,0.0
고려대,5404768239,18,42.7,1585,1585,0.0
홍대입구,11841458495,18,42.7,2240,2240,0.0
디지털미디어시티,9891051186,18,42.7,182,182,0.0
선릉,2280678836,18,42.7,766,766,0.0
강남구청,2282830004,18,42.7,911,911,0.0
강남,7168335697,18,42.7,1287,1287,0.0
가락시장,10939998666,18,42.7,266,266,0.0
을지로3가,7694743853,18,42.7,1932,1932,0.0
불광,11228575654,18,42.7,1358,1358,0.0
구의,3958847218,18,42.7,330,330,0.0
강변,1850655113,18,42.7,359,359,0.0
잠실나루,5159105401,18,42.7,251,251,0.0
옥수,3851466435,18,42.7,215,215,0.0
충무로,3846576172,18,42.7,1502,1502,0.0
약수,3846603560,18,42.7,839,839,0.0
교대,3355067052,18,42.7,895,895,0.0
오금,3278844051,18,42.7,992,992,0.0
한양대,8992783196,18,42.7,906,906,0.0
성수,2551966241,18,42.7,805,805,0.0
시청,3404904658,18,42.7,1074,1074,0.0
을지로입구,436830313,18,42.7,1494,1494,0.0
을지로4가,10296582868,18,42.7,1599,1599,0.0
신당,414685846,18,42.7,1733,1733,0.0
상왕십리,11127349744,18,42.7,1796,1796,0.0
신촌,5937884691,18,42.7,2707,2707,0.0
이대,9283138042,18,42.7,1934,1934,0.0
아현,1936511359,18,42.7,1758,1758,0.0
마곡나루,4019735070,18,42.7,568,568,0.0
당산,3216944261,18,42.7,692,692,0.0
문래,11455185928,18,42.7,1223,1223,0.0
신도림,5344219251,18,42.7,229,229,0.0
구로디지털단지,4624772818,18,42.7,665,665,0.0
신대방,4624808762,18,42.7,578,578,0.0
신림,5404739367,18,42.7,1212,1212,0.0
봉천,5404739628,18,42.7,1274,1274,0.0
서울대입구,5406451695,18,42.7,959,959,0.0
낙성대,5406462591,18,42.7,618,618,0.0
방배,8471989456,18,42.7,421,421,0.0
서초,3221788784,18,42.7,652,652,0.0
역삼,2280678732,18,42.7,948,948,0.0
삼성,733859380,18,42.7,606,606,0.0
종합운동장,1430639131,18,42.7,362,362,0.0
잠실새내,2957013438,18,42.7,642,642,0.0
잠실,7877518993,18,42.7,415,415,0.0
양천구청,3380999909,18,42.7,471,471,0.0
신정네거리,9572122970,18,42.7,759,759,0.0
도림천,4630961655,18,42.7,567,567,0.0
경찰병원,1812000920,18,42.7,649,649,0.0
대청,2927282422,18,42.7,495,495,0.0
학여울,4643770712,18,42.7,520,520,0.0
대치,2281644495,18,42.7,618,618,0.0
매봉,5406359683,18,42.7,583,583,0.0
남부터미널,436864976,18,42.7,743,743,0.0
잠원,4634374794,18,42.7,513,513,0.0
신사,8489501829,18,42.7,1026,1026,0.0
압구정,9891581229,18,42.7,1171,1171,0.0
금호,4201516987,18,42.7,552,552,0.0
동대입구,436870722,18,42.7,1131,1131,0.0
경복궁,6033544429,18,42.7,1196,1196,0.0
독립문,13460710395,18,42.7,816,816,0.0
무악재,11296428367,18,42.7,455,455,0.0
홍제,436868050,18,42.7,855,855,0.0
녹번,436867704,18,42.7,786,786,0.0
구파발,8515726110,18,42.7,786,786,0.0
불암산,3841778897,18,42.7,478,478,0.0
쌍문,436836179,18,42.7,1106,1106,0.0
수유,9813541694,18,42.7,1433,1433,0.0
미아,9819314920,18,42.7,1362,1362,0.0
미아사거리,5198597933,18,42.7,1334,1334,0.0
길음,5210130825,18,42.7,921,921,0.0
혜화,2409390726,18,42.7,915,915,0.0
명동,7495868732,18,42.7,1420,1420,0.0
회현,12920546288,18,42.7,1025,1025,0.0
서울역,5348913449,18,42.7,990,990,0.0
숙대입구,2533148374,18,42.7,1017,1017,0.0
신용산,10816047755,18,42.7,445,445,0.0
사당,11521991148,18,42.7,772,772,0.0
남태령,7621561344,18,42.7,140,140,0.0
마천,10277058704,18,42.7,1004,1004,0.0
거여,4489986954,18,42.7,1107,1107,0.0
개롱,12142687377,18,42.7,1146,1146,0.0
방이,2310500979,18,42.7,840,840,0.0
올림픽공원,8493888383,18,42.7,637,637,0.0
둔촌동,4680325914,18,42.7,548,548,0.0
상일동,7106623354,18,42.7,484,484,0.0
고덕,5915757376,18,42.7,713,713,0.0
명일,10009228390,18,42.7,570,570,0.0
굽은다리,3851742835,18,42.7,725,725,0.0
길동,3856135009,18,42.7,792,792,0.0
강동,3856513978,18,42.7,814,814,0.0
광나루,11182352080,18,42.7,452,452,0.0
아차산,2123390941,18,42.7,612,612,0.0
장한평,10708070992,18,42.7,481,481,0.0
답십리,10708182321,18,42.7,295,295,0.0
마장,3832676328,18,42.7,1208,1208,0.0
행당,3833113882,18,42.7,1241,1241,0.0
신금호,3848968727,18,42.7,743,743,0.0
광화문,13971398420,18,42.7,1418,1418,0.0
서대문,445343537,18,42.7,1362,1362,0.0
애오개,13142535285,18,42.7,1849,1849,0.0
공덕,9941864292,18,42.7,1998,1998,0.0
마포,13227969612,18,42.7,1192,1192,0.0
여의나루,355173356,18,42.7,598,598,0.0
여의도,4744225606,18,42.7,421,421,0.0
신길,4529530743,18,42.7,518,518,0.0
영등포시장,355173354,18,42.7,1102,1102,0.0
영등포구청,5215341470,18,42.7,1148,1148,0.0
양평,436860925,18,42.7,708,708,0.0
오목교,2808319707,18,42.7,1088,1088,0.0
목동,13895049012,18,42.7,1061,1061,0.0
신정,2848435510,18,42.7,787,787,0.0
까치산,1906282324,18,42.7,941,941,0.0
화곡,2289350750,18,42.7,1376,1376,0.0
우장산,4706229292,18,42.7,1447,1447,0.0
발산,1791473931,18,42.7,929,929,0.0
마곡,13800646917,18,42.7,593,593,0.0
송정,4602991606,18,42.7,677,677,0.0
개화산,9228947724,18,42.7,593,593,0.0
방화,2702609963,18,42.7,435,435,0.0
봉화산,436834232,18,42.7,477,477,0.0
화랑대,3842209686,18,42.7,904,904,0.0
석계,1795189949,18,42.7,982,982,0.0
돌곶이,3830773366,18,42.7,1397,1397,0.0
상월곡,5219803722,18,42.7,1040,1040,0.0
월곡,5406198806,18,42.7,1159,1159,0.0
안암,7625622864,18,42.7,1804,1804,0.0
창신,1943131791,18,42.7,758,758,0.0
청구,1936511423,18,42.7,1242,1242,0.0
버티고개,3847632030,18,42.7,334,334,0.0
한강진,436868241,18,42.7,569,569,0.0
이태원,2470887090,18,42.7,754,754,0.0
녹사평,2384953064,18,42.7,1040,1040,0.0
효창공원앞,4426288471,18,42.7,1133,1133,0.0
대흥,9987526934,18,42.7,1983,1983,0.0
광흥창,4101356295,18,42.7,1853,1853,0.0
상수,414685238,18,42.7,1337,1337,0.0
망원,445327391,18,42.7,1724,1724,0.0
마포구청,5905951490,18,42.7,1038,1038,0.0
월드컵경기장,798569457,18,42.7,500,500,0.0
증산,3823125035,18,42.7,1303,1303,0.0
새절,3822999355,18,42.7,1828,1828,0.0
구산,2292697262,18,42.7,1767,1767,0.0
연신내,13357342120,18,42.7,1578,1578,0.0
독바위,3824954278,18,42.7,914,914,0.0
역촌,10789220053,18,42.7,1917,1917,0.0
어린이대공원,7939459503,18,42.7,860,860,0.0
군자,8743773046,18,42.7,1103,1103,0.0
중곡,3840461137,18,42.7,932,932,0.0
용마산,10141309870,18,42.7,1285,1285,0.0
사가정,436849774,18,42.7,1805,1805,0.0
면목,436816024,18,42.7,1746,1746,0.0
상봉,436718863,18,42.7,2078,2078,0.0
중화,3819991417,18,42.7,1857,1857,0.0
먹골,436538654,18,42.7,1117,1117,0.0
태릉입구,13821634895,18,42.7,1354,1354,0.0
공릉,13566284590,18,42.7,1151,1151,0.0
하계,13566334119,18,42.7,554,554,0.0
중계,3835756882,18,42.7,440,440,0.0
노원,10598556476,18,42.7,697,697,0.0
마들,9410070134,18,42.7,1010,1010,0.0
수락산,13566334197,18,42.7,619,619,0.0
가산디지털단지,436846908,18,42.7,460,460,0.0
남구로,2590252230,18,42.7,768,768,0.0
대림,2589375675,18,42.7,858,858,0.0
신풍,2108483850,18,42.7,848,848,0.0
보라매,2108483937,18,42.7,721,721,0.0
신대방삼거리,2108483943,18,42.7,901,901,0.0
장승배기,1830596637,18,42.7,854,854,0.0
상도,436821675,18,42.7,771,771,0.0
숭실대입구,11413637825,18,42.7,585,585,0.0
남성,4195693782,18,42.7,686,686,0.0
이수,13434371130,18,42.7,970,970,0.0
내방,2110270505,18,42.7,487,487,0.0
반포,9914441894,18,42.7,746,746,0.0
논현,2280678861,18,42.7,955,955,0.0
학동,2279487893,18,42.7,1030,1030,0.0
청담,2279487921,18,42.7,785,785,0.0
자양,9040152140,18,42.7,636,636,0.0
용두,1939143883,18,42.7,1269,1269,0.0
신답,2460188205,18,42.7,45,45,0.0
천왕,1784377384,18,42.7,338,338,0.0
장지,11202554992,18,42.7,983,983,0.0
문정,6832910091,18,42.7,581,581,0.0
송파,2280491847,18,42.7,553,553,0.0
석촌,2280491863,18,42.7,301,301,0.0
몽촌토성,2346858828,18,42.7,451,451,0.0
강동구청,436855505,18,42.7,904,904,0.0
암사,999136556,18,42.7,828,828,0.0
중앙보훈병원,4197252516,18,42.7,357,357,0.0
둔촌오륜,11229084218,18,42.7,377,377,0.0
한성백제,10009448574,18,42.7,394,394,0.0
송파나루,1809560163,18,42.7,485,485,0.0
석촌고분,10855673146,18,42.7,780,780,0.0
삼전,4186302819,18,42.7,613,613,0.0
대모산입구,4643770733,18,42.7,495,495,0.0
개포동,2032418657,18,42.7,428,428,0.0
구룡,436814317,18,42.7,225,225,0.0
한티,4784810914,18,42.7,616,616,0.0
압구정로데오,596509934,18,42.7,705,705,0.0
서울숲,9081846792,18,42.7,723,723,0.0
양재시민의숲,12872531616,18,42.7,667,667,0.0
청계산입구,11744211938,18,42.7,177,177,0.0
성신여대입구,5226829495,18,42.7,886,886,0.0
청량리,7749822746,18,42.7,1451,1451,0.0
신내,9534964676,18,42.7,661,661,0.0
종로3가,7068953101,18,42.7,1739,1739,0.0
신설동,13345643243,18,42.7,1380,1380,0.0
성신여대입구,9816197077,18,42.7,862,862,0.0
이촌,13472471079,18,42.7,485,485,0.0
서울역,10216518963,18,42.7,550,550,0.0
수서,6004121530,18,42.7,224,224,0.0
건대입구,11303511536,18,42.7,1018,1018,0.0
선정릉,596482732,18,42.7,765,765,0.0
선릉,860338496,18,42.7,762,762,0.0
도곡,3418782698,18,42.7,447,447,0.0
수서,12364278188,18,42.7,233,233,0.0
복정,11330600836,18,42.7,445,445,0.0
왕십리,9369050246,18,42.7,1530,1530,0.0
왕십리,11127349780,18,42.7,1663,1663,0.0
신설동,4173042514,18,42.7,1293,1293,0.0
939정거장,8436624771,18,42.7,364,364,0.0
창동,4659124351,18,42.7,526,526,0.0
동작,3401123578,18,42.7,13,13,0.0
개화,9701881739,18,42.7,242,242,0.0
상봉,2470981971,18,42.7,1849,1849,0.0
관악산,4373612914,18,42.7,549,549,0.0
서울대벤처타운,1835221096,18,42.7,879,879,0.0
신림,1844912791,18,42.7,1197,1197,0.0
당곡,436858756,18,42.7,1055,1055,0.0
보라매병원,436847189,18,42.7,817,817,0.0
보라매공원,7916896848,18,42.7,516,516,0.0
보라매,2819460436,18,42.7,703,703,0.0
서울지방병무청,11178013529,18,42.7,675,675,0.0
대방,11553007316,18,42.7,534,534,0.0
샛강,13506574406,18,42.7,361,361,0.0
샛강,13670786965,18,42.7,348,348,0.0
서울역,3390941198,18,42.7,980,980,0.0
디지털미디어시티,2605603657,18,42.7,383,383,0.0
디지털미디어시티,4652833827,18,42.7,469,469,0.0
노원,5706189891,18,42.7,776,776,0.0
양재,4865811281,18,42.7,893,893,0.0
강남,3087683154,18,42.7,1222,1222,0.0
당산,10814323607,18,42.7,737,737,0.0
서울역,3391063393,18,42.7,1011,1011,0.0
신길,4636791670,18,42.7,720,720,0.0
가산디지털단지,2108483903,18,42.7,492,492,0.0
상계,3401474874,18,42.7,689,689,0.0
선유도,2726710465,18,42.7,537,537,0.0
신목동,2812530406,18,42.7,405,405,0.0
염창,2289016390,18,42.7,683,683,0.0
등촌,2290015312,18,42.7,810,810,0.0
증미,3042643876,18,42.7,673,673,0.0
가양,2142681442,18,42.7,885,885,0.0
양천향교,414683333,18,42.7,635,635,0.0
신방화,10814323761,18,42.7,827,827,0.0
공항시장,4604019398,18,42.7,777,777,0.0
총신대입구(이수),4984575377,18,42.7,877,877,0.0
동묘앞,3830591800,18,42.7,1683,1683,0.0
동대문,7195666618,18,42.7,1827,1827,0.0
종로3가,4198116864,18,42.7,1363,1363,0.0
종로3가,4197560774,18,42.7,1595,1595,0.0
정릉,3828480980,18,42.7,700,700,0.0
솔샘,3841342870,18,42.7,826,826,0.0
삼양사거리,3841342963,18,42.7,1425,1425,0.0
삼양,3840741768,18,42.7,1428,1428,0.0
화계,436865378,18,42.7,1464,1464,0.0
가오리,3840936112,18,42.7,1346,1346,0.0
4.19민주묘지,3841077641,18,42.7,939,939,0.0
솔밭공원,3626451463,18,42.7,493,493,0.0
북한산우이,11824482197,18,42.7,274,274,0.0
시청,7677568503,18,42.7,1206,1206,0.0
노량진,4627778176,18,42.7,411,411,0.0
김포공항,7981330101,18,42.7,553,553,0.0
김포공항,4874729815,18,42.7,614,614,0.0
옥수,8222891384,18,42.7,318,318,0.0
신도림,5119449050,18,42.7,331,331,0.0
수서,11563289590,18,42.7,234,234,0.0
연신내,10678122489,18,42.7,1643,1643,0.0
뚝섬,8498978693,18,42.7,756,756,0.0
동대문역사문화공원,414685825,18,42.7,1759,1759,0.0
동대문역사문화공원,1945254583,18,42.7,1864,1864,0.0
종합운동장,13894950326,18,42.7,402,402,0.0
홍대입구,13227913200,18,42.7,2129,2129,0.0
942정거장,436815896,18,42.7,625,625,0.0
한성대입구,5973684086,19,38.0,1088,808,25.74
제기동,9655918649,19,38.0,1288,793,38.43
신이문,3831106833,19,38.0,1042,462,55.66
회기,9776882774,19,38.0,1756,817,53.47
월계,3834716670,19,38.0,300,194,35.33
녹천,3834717475,19,38.0,227,7,96.92
광운대,436854528,19,38.0,396,313,20.96
창동,3834608837,19,38.0,424,241,43.16
방학,3846919916,19,38.0,688,80,88.37
오류동,8508812072,19,38.0,98,90,8.16
개봉,5442986444,19,38.0,390,34,91.28
구일,3210749463,19,38.0,272,2,99.26
일원,9454279402,19,38.0,208,114,45.19
양원,9534964626,19,38.0,911,1,99.89
한남,3852156874,19,38.0,249,121,51.41
수색,11944713936,19,38.0,364,10,97.25
940정거장,3011994542,19,38.0,315,210,33.33
중랑,10138603166,19,38.0,1617,531,67.16
망우,9760894592,19,38.0,1800,1434,20.33
국회의사당,2932339394,19,38.0,587,126,78.53
노들,4627760504,19,38.0,448,1,99.78
신설동,13227969660,19,38.0,1231,877,28.76
용답,2460188229,19,38.0,807,1,99.88
신촌,13683819523,19,38.0,2215,1872,15.49
수서,6299196105,19,38.0,236,1,99.58
충정로,3893042379,19,38.0,1387,697,49.75
서강대,5221755996,19,38.0,2111,1757,16.77
종로5가,436883169,19,38.0,1678,542,67.7
고속터미널,9798531671,19,38.0,689,156,77.36
청량리,10121691848,19,38.0,1413,1035,26.75
봉은사,595750357,19,38.0,602,291,51.66
언주,414684639,19,38.0,1033,990,4.16
삼성중앙,595750358,19,38.0,682,510,25.22
사평,13512489422,19,38.0,789,1,99.87
선정릉,2110338712,19,38.0,804,761,5.35
신논현,8376423650,19,38.0,1082,962,11.09
외대앞,3831105923,19,38.0,1212,792,34.65
구반포,11641428792,19,38.0,381,16,95.8
흑석,436881334,19,38.0,262,1,99.62
신반포,10918075302,19,38.0,556,142,74.46
온수,4987997944,19,38.0,269,150,44.24
왕십리,9083521281,19,38.0,1411,1,99.93
응봉,13780851569,19,38.0,76,52,31.58
도봉,7006105399,19,38.0,659,269,59.18
서빙고,12874837067,19,38.0,295,1,99.66
양재,11431861586,19,38.0,940,1,99.89
이촌,4172393733,19,38.0,454,128,71.81
복정,11330600853,19,38.0,392,1,99.74
독산,4095041979,19,38.0,268,139,48.13
신내,9810803930,19,38.0,662,1,99.85
금천구청,5308009219,19,38.0,605,1,99.83
암사역사공원,436817489,19,38.0,476,1,99.79
보문,436873184,19,38.0,1115,729,34.62
동작,7660036116,19,38.0,204,5,97.55
서울,10013086401,19,38.0,830,2,99.76
도곡,5403582157,19,38.0,462,240,48.05
김포공항,2353543144,19,38.0,522,1,99.81
동대문역사문화공원,8496801700,19,38.0,1850,841,54.54
구로,8918160546,19,38.0,533,303,43.15
북한산보국문,3841557294,19,38.0,582,329,43.47
안국,436867523,19,38.0,1297,719,44.56
강일,13093833784,19,38.0,347,2,99.42
천호,999136673,19,38.0,1051,379,63.94
서원,1835221331,19,38.0,1227,666,45.72
동대문,3830591792,19,38.0,1671,1,99.94
삼각지,5589627062,19,38.0,902,2,99.78
도봉산,5246596481,19,38.0,477,12,97.48
도봉산,5246596482,19,38.0,488,12,97.54
영등포,11459128410,19,38.0,783,212,72.92
노량진,3785111388,19,38.0,417,1,99.76
용산,10816124190,19,38.0,415,213,48.67
종각,11198015018,19,38.0,1508,1002,33.55
건대입구,2613069963,19,38.0,1123,644,42.65
가좌,5756085341,19,38.0,950,1,99.89
남영,7836289839,19,38.0,867,330,61.94
대방,4617447369,19,38.0,306,19,93.79
응암,8735757178,19,38.0,2062,1842,10.67
합정,5215341441,19,38.0,1477,1303,11.78
동묘앞,4170064719,19,38.0,1658,926,44.15
고려대,5404768239,19,38.0,1585,860,45.74
홍대입구,11841458495,19,38.0,2240,2113,5.67
디지털미디어시티,9891051186,19,38.0,182,1,99.45
선릉,2280678836,19,38.0,766,741,3.26
강남구청,2282830004,19,38.0,911,843,7.46
강남,7168335697,19,38.0,1287,1141,11.34
가락시장,10939998666,19,38.0,266,1,99.62
을지로3가,7694743853,19,38.0,1932,1158,40.06
불광,11228575654,19,38.0,1358,1016,25.18
구의,3958847218,19,38.0,330,278,15.76
강변,1850655113,19,38.0,359,253,29.53
잠실나루,5159105401,19,38.0,251,188,25.1
옥수,3851466435,19,38.0,215,191,11.16
충무로,3846576172,19,38.0,1502,1094,27.16
약수,3846603560,19,38.0,839,623,25.74
교대,3355067052,19,38.0,895,803,10.28
오금,3278844051,19,38.0,992,850,14.31
한양대,8992783196,19,38.0,906,1,99.89
성수,2551966241,19,38.0,805,356,55.78
시청,3404904658,19,38.0,1074,1,99.91
을지로입구,436830313,19,38.0,1494,1033,30.86
을지로4가,10296582868,19,38.0,1599,748,53.22
신당,414685846,19,38.0,1733,1028,40.68
상왕십리,11127349744,19,38.0,1796,567,68.43
신촌,5937884691,19,38.0,2707,2304,14.89
이대,9283138042,19,38.0,1934,1454,24.82
아현,1936511359,19,38.0,1758,1,99.94
마곡나루,4019735070,19,38.0,568,1,99.82
당산,3216944261,19,38.0,692,540,21.97
문래,11455185928,19,38.0,1223,193,84.22
신도림,5344219251,19,38.0,229,221,3.49
구로디지털단지,4624772818,19,38.0,665,289,56.54
신대방,4624808762,19,38.0,578,147,74.57
신림,5404739367,19,38.0,1212,377,68.89
봉천,5404739628,19,38.0,1274,594,53.38
서울대입구,5406451695,19,38.0,959,771,19.6
낙성대,5406462591,19,38.0,618,533,13.75
방배,8471989456,19,38.0,421,309,26.6
서초,3221788784,19,38.0,652,502,23.01
역삼,2280678732,19,38.0,948,941,0.74
삼성,733859380,19,38.0,606,508,16.17
종합운동장,1430639131,19,38.0,362,1,99.72
잠실새내,2957013438,19,38.0,642,165,74.3
잠실,7877518993,19,38.0,415,192,53.73
양천구청,3380999909,19,38.0,471,292,38.0
신정네거리,9572122970,19,38.0,759,626,17.52
도림천,4630961655,19,38.0,567,150,73.54
경찰병원,1812000920,19,38.0,649,552,14.95
대청,2927282422,19,38.0,495,341,31.11
학여울,4643770712,19,38.0,520,259,50.19
대치,2281644495,19,38.0,618,475,23.14
매봉,5406359683,19,38.0,583,510,12.52
남부터미널,436864976,19,38.0,743,678,8.75
잠원,4634374794,19,38.0,513,233,54.58
신사,8489501829,19,38.0,1026,751,26.8
압구정,9891581229,19,38.0,1171,787,32.79
금호,4201516987,19,38.0,552,481,12.86
동대입구,436870722,19,38.0,1131,603,46.68
경복궁,6033544429,19,38.0,1196,1,99.92
독립문,13460710395,19,38.0,816,125,84.68
무악재,11296428367,19,38.0,455,298,34.51
홍제,436868050,19,38.0,855,664,22.34
녹번,436867704,19,38.0,786,185,76.46
구파발,8515726110,19,38.0,786,361,54.07
불암산,3841778897,19,38.0,478,1,99.79
쌍문,436836179,19,38.0,1106,838,24.23
수유,9813541694,19,38.0,1433,1272,11.24
미아,9819314920,19,38.0,1362,1267,6.98
미아사거리,5198597933,19,38.0,1334,1038,22.19
길음,5210130825,19,38.0,921,650,29.42
혜화,2409390726,19,38.0,915,661,27.76
명동,7495868732,19,38.0,1420,1164,18.03
회현,12920546288,19,38.0,1025,762,25.66
서울역,5348913449,19,38.0,990,424,57.17
숙대입구,2533148374,19,38.0,1017,1,99.9
신용산,10816047755,19,38.0,445,238,46.52
사당,11521991148,19,38.0,772,1,99.87
남태령,7621561344,19,38.0,140,72,48.57
마천,10277058704,19,38.0,1004,324,67.73
거여,4489986954,19,38.0,1107,462,58.27
개롱,12142687377,19,38.0,1146,764,33.33
방이,2310500979,19,38.0,840,478,43.1
올림픽공원,8493888383,19,38.0,637,1,99.84
둔촌동,4680325914,19,38.0,548,361,34.12
상일동,7106623354,19,38.0,484,1,99.79
고덕,5915757376,19,38.0,713,1,99.86
명일,10009228390,19,38.0,570,432,24.21
굽은다리,3851742835,19,38.0,725,683,5.79
길동,3856135009,19,38.0,792,595,24.87
강동,3856513978,19,38.0,814,405,50.25
광나루,11182352080,19,38.0,452,1,99.78
아차산,2123390941,19,38.0,612,240,60.78
장한평,10708070992,19,38.0,481,1,99.79
답십리,10708182321,19,38.0,295,168,43.05
마장,3832676328,19,38.0,1208,457,62.17
행당,3833113882,19,38.0,1241,911,26.59
신금호,3848968727,19,38.0,743,579,22.07
광화문,13971398420,19,38.0,1418,432,69.53
서대문,445343537,19,38.0,1362,1036,23.94
애오개,13142535285,19,38.0,1849,798,56.84
공덕,9941864292,19,38.0,1998,1486,25.63
마포,13227969612,19,38.0,1192,728,38.93
여의나루,355173356,19,38.0,598,248,58.53
여의도,4744225606,19,38.0,421,186,55.82
신길,4529530743,19,38.0,518,1,99.81
영등포시장,355173354,19,38.0,1102,263,76.13
영등포구청,5215341470,19,38.0,1148,485,57.75
양평,436860925,19,38.0,708,301,57.49
오목교,2808319707,19,38.0,1088,558,48.71
목동,13895049012,19,38.0,1061,15,98.59
신정,2848435510,19,38.0,787,502,36.21
까치산,1906282324,19,38.0,941,777,17.43
화곡,2289350750,19,38.0,1376,1188,13.66
우장산,4706229292,19,38.0,1447,1088,24.81
발산,1791473931,19,38.0,929,1,99.89
마곡,13800646917,19,38.0,593,1,99.83
송정,4602991606,19,38.0,677,171,74.74
개화산,9228947724,19,38.0,593,349,41.15
방화,2702609963,19,38.0,435,318,26.9
봉화산,436834232,19,38.0,477,217,54.51
화랑대,3842209686,19,38.0,904,461,49.0
석계,1795189949,19,38.0,982,329,66.5
돌곶이,3830773366,19,38.0,1397,1,99.93
상월곡,5219803722,19,38.0,1040,872,16.15
월곡,5406198806,19,38.0,1159,750,35.29
안암,7625622864,19,38.0,1804,1252,30.6
창신,1943131791,19,38.0,758,478,36.94
청구,1936511423,19,38.0,1242,952,23.35
버티고개,3847632030,19,38.0,334,324,2.99
한강진,436868241,19,38.0,569,386,32.16
이태원,2470887090,19,38.0,754,545,27.72
녹사평,2384953064,19,38.0,1040,1,99.9
효창공원앞,4426288471,19,38.0,1133,681,39.89
대흥,9987526934,19,38.0,1983,1249,37.01
광흥창,4101356295,19,38.0,1853,1092,41.07
상수,414685238,19,38.0,1337,668,50.04
망원,445327391,19,38.0,1724,1629,5.51
마포구청,5905951490,19,38.0,1038,286,72.45
월드컵경기장,798569457,19,38.0,500,205,59.0
증산,3823125035,19,38.0,1303,677,48.04
새절,3822999355,19,38.0,1828,1597,12.64
구산,2292697262,19,38.0,1767,1700,3.79
연신내,13357342120,19,38.0,1578,1343,14.89
독바위,3824954278,19,38.0,914,753,17.61
역촌,10789220053,19,38.0,1917,1625,15.23
어린이대공원,7939459503,19,38.0,860,1,99.88
군자,8743773046,19,38.0,1103,1,99.91
중곡,3840461137,19,38.0,932,756,18.88
용마산,10141309870,19,38.0,1285,99,92.3
사가정,436849774,19,38.0,1805,935,48.2
면목,436816024,19,38.0,1746,1,99.94
상봉,436718863,19,38.0,2078,1635,21.32
중화,3819991417,19,38.0,1857,1450,21.92
먹골,436538654,19,38.0,1117,870,22.11
태릉입구,13821634895,19,38.0,1354,1002,26.0
공릉,13566284590,19,38.0,1151,792,31.19
하계,13566334119,19,38.0,554,443,20.04
중계,3835756882,19,38.0,440,1,99.77
노원,10598556476,19,38.0,697,400,42.61
마들,9410070134,19,38.0,1010,387,61.68
수락산,13566334197,19,38.0,619,164,73.51
가산디지털단지,436846908,19,38.0,460,208,54.78
남구로,2590252230,19,38.0,768,635,17.32
대림,2589375675,19,38.0,858,673,21.56
신풍,2108483850,19,38.0,848,361,57.43
보라매,2108483937,19,38.0,721,468,35.09
신대방삼거리,2108483943,19,38.0,901,735,18.42
장승배기,1830596637,19,38.0,854,594,30.44
상도,436821675,19,38.0,771,619,19.71
숭실대입구,11413637825,19,38.0,585,458,21.71
남성,4195693782,19,38.0,686,491,28.43
이수,13434371130,19,38.0,970,740,23.71
내방,2110270505,19,38.0,487,434,10.88
반포,9914441894,19,38.0,746,208,72.12
논현,2280678861,19,38.0,955,843,11.73
학동,2279487893,19,38.0,1030,1007,2.23
청담,2279487921,19,38.0,785,642,18.22
자양,9040152140,19,38.0,636,406,36.16
용두,1939143883,19,38.0,1269,522,58.87
신답,2460188205,19,38.0,45,12,73.33
천왕,1784377384,19,38.0,338,160,52.66
장지,11202554992,19,38.0,983,3,99.69
문정,6832910091,19,38.0,581,2,99.66
송파,2280491847,19,38.0,553,1,99.82
석촌,2280491863,19,38.0,301,2,99.34
몽촌토성,2346858828,19,38.0,451,276,38.8
강동구청,436855505,19,38.0,904,615,31.97
암사,999136556,19,38.0,828,619,25.24
중앙보훈병원,4197252516,19,38.0,357,17,95.24
둔촌오륜,11229084218,19,38.0,377,1,99.73
한성백제,10009448574,19,38.0,394,1,99.75
송파나루,1809560163,19,38.0,485,403,16.91
석촌고분,10855673146,19,38.0,780,1,99.87
삼전,4186302819,19,38.0,613,249,59.38
대모산입구,4643770733,19,38.0,495,223,54.95
개포동,2032418657,19,38.0,428,58,86.45
구룡,436814317,19,38.0,225,154,31.56
한티,4784810914,19,38.0,616,529,14.12
압구정로데오,596509934,19,38.0,705,435,38.3
서울숲,9081846792,19,38.0,723,1,99.86
양재시민의숲,12872531616,19,38.0,667,1,99.85
청계산입구,11744211938,19,38.0,177,4,97.74
성신여대입구,5226829495,19,38.0,886,783,11.63
청량리,7749822746,19,38.0,1451,963,33.63
신내,9534964676,19,38.0,661,1,99.85
종로3가,7068953101,19,38.0,1739,893,48.65
신설동,13345643243,19,38.0,1380,905,34.42
성신여대입구,9816197077,19,38.0,862,764,11.37
이촌,13472471079,19,38.0,485,122,74.85
서울역,10216518963,19,38.0,550,5,99.09
수서,6004121530,19,38.0,224,31,86.16
건대입구,11303511536,19,38.0,1018,1,99.9
선정릉,596482732,19,38.0,765,721,5.75
선릉,860338496,19,38.0,762,732,3.94
도곡,3418782698,19,38.0,447,233,47.87
수서,12364278188,19,38.0,233,1,99.57
복정,11330600836,19,38.0,445,2,99.55
왕십리,9369050246,19,38.0,1530,702,54.12
왕십리,11127349780,19,38.0,1663,669,59.77
신설동,4173042514,19,38.0,1293,754,41.69
939정거장,8436624771,19,38.0,364,7,98.08
창동,4659124351,19,38.0,526,325,38.21
동작,3401123578,19,38.0,13,11,15.38
개화,9701881739,19,38.0,242,26,89.26
상봉,2470981971,19,38.0,1849,1460,21.04
관악산,4373612914,19,38.0,549,1,99.82
서울대벤처타운,1835221096,19,38.0,879,618,29.69
신림,1844912791,19,38.0,1197,381,68.17
당곡,436858756,19,38.0,1055,266,74.79
보라매병원,436847189,19,38.0,817,71,91.31
보라매공원,7916896848,19,38.0,516,239,53.68
보라매,2819460436,19,38.0,703,464,34.0
서울지방병무청,11178013529,19,38.0,675,502,25.63
대방,11553007316,19,38.0,534,4,99.25
샛강,13506574406,19,38.0,361,207,42.66
샛강,13670786965,19,38.0,348,215,38.22
서울역,3390941198,19,38.0,980,1,99.9
디지털미디어시티,2605603657,19,38.0,383,227,40.73
디지털미디어시티,4652833827,19,38.0,469,239,49.04
노원,5706189891,19,38.0,776,488,37.11
양재,4865811281,19,38.0,893,1,99.89
강남,3087683154,19,38.0,1222,1090,10.8
당산,10814323607,19,38.0,737,434,41.11
서울역,3391063393,19,38.0,1011,181,82.1
신길,4636791670,19,38.0,720,11,98.47
가산디지털단지,2108483903,19,38.0,492,276,43.9
상계,3401474874,19,38.0,689,549,20.32
선유도,2726710465,19,38.0,537,374,30.35
신목동,2812530406,19,38.0,405,213,47.41
염창,2289016390,19,38.0,683,349,48.9
등촌,2290015312,19,38.0,810,366,54.81
증미,3042643876,19,38.0,673,457,32.1
가양,2142681442,19,38.0,885,636,28.14
양천향교,414683333,19,38.0,635,1,99.84
신방화,10814323761,19,38.0,827,480,41.96
공항시장,4604019398,19,38.0,777,385,50.45
총신대입구(이수),4984575377,19,38.0,877,681,22.35
동묘앞,3830591800,19,38.0,1683,860,48.9
동대문,7195666618,19,38.0,1827,329,81.99
종로3가,4198116864,19,38.0,1363,790,42.04
종로3가,4197560774,19,38.0,1595,804,49.59
정릉,3828480980,19,38.0,700,502,28.29
솔샘,3841342870,19,38.0,826,740,10.41
삼양사거리,3841342963,19,38.0,1425,1325,7.02
삼양,3840741768,19,38.0,1428,1364,4.48
화계,436865378,19,38.0,1464,1340,8.47
가오리,3840936112,19,38.0,1346,1297,3.64
4.19민주묘지,3841077641,19,38.0,939,858,8.63
솔밭공원,3626451463,19,38.0,493,428,13.18
북한산우이,11824482197,19,38.0,274,252,8.03
시청,7677568503,19,38.0,1206,772,35.99
노량진,4627778176,19,38.0,411,1,99.76
김포공항,7981330101,19,38.0,553,1,99.82
김포공항,4874729815,19,38.0,614,1,99.84
옥수,8222891384,19,38.0,318,287,9.75
신도림,5119449050,19,38.0,331,318,3.93
수서,11563289590,19,38.0,234,83,64.53
연신내,10678122489,19,38.0,1643,1396,15.03
뚝섬,8498978693,19,38.0,756,326,56.88
동대문역사문화공원,414685825,19,38.0,1759,935,46.84
동대문역사문화공원,1945254583,19,38.0,1864,827,55.63
종합운동장,13894950326,19,38.0,402,1,99.75
홍대입구,13227913200,19,38.0,2129,1991,6.48
942정거장,436815896,19,38.0,625,1,99.84
한성대입구,5973684086,19,42.7,1088,1088,0.0
제기동,9655918649,19,42.7,1288,1288,0.0
신이문,3831106833,19,42.7,1042,1042,0.0
회기,9776882774,19,42.7,1756,1756,0.0
월계,3834716670,19,42.7,300,300,0.0
녹천,3834717475,19,42.7,227,227,0.0
광운대,436854528,19,42.7,396,396,0.0
창동,3834608837,19,42.7,424,424,0.0
방학,3846919916,19,42.7,688,688,0.0
오류동,8508812072,19,42.7,98,98,0.0
개봉,5442986444,19,42.7,390,390,0.0
구일,3210749463,19,42.7,272,272,0.0
일원,9454279402,19,42.7,208,208,0.0
양원,9534964626,19,42.7,911,911,0.0
한남,3852156874,19,42.7,249,249,0.0
수색,11944713936,19,42.7,364,364,0.0
940정거장,3011994542,19,42.7,315,315,0.0
중랑,10138603166,19,42.7,1617,1617,0.0
망우,9760894592,19,42.7,1800,1800,0.0
국회의사당,2932339394,19,42.7,587,587,0.0
노들,4627760504,19,42.7,448,448,0.0
신설동,13227969660,19,42.7,1231,1231,0.0
용답,2460188229,19,42.7,807,807,0.0
신촌,13683819523,19,42.7,2215,2215,0.0
수서,6299196105,19,42.7,236,236,0.0
충정로,3893042379,19,42.7,1387,1387,0.0
서강대,5221755996,19,42.7,2111,2111,0.0
종로5가,436883169,19,42.7,1678,1678,0.0
고속터미널,9798531671,19,42.7,689,689,0.0
청량리,10121691848,19,42.7,1413,1413,0.0
봉은사,595750357,19,42.7,602,602,0.0
언주,414684639,19,42.7,1033,1033,0.0
삼성중앙,595750358,19,42.7,682,682,0.0
사평,13512489422,19,42.7,789,789,0.0
선정릉,2110338712,19,42.7,804,804,0.0
신논현,8376423650,19,42.7,1082,1082,0.0
외대앞,3831105923,19,42.7,1212,1212,0.0
구반포,11641428792,19,42.7,381,381,0.0
흑석,436881334,19,42.7,262,262,0.0
신반포,10918075302,19,42.7,556,556,0.0
온수,4987997944,19,42.7,269,269,0.0
왕십리,9083521281,19,42.7,1411,1411,0.0
응봉,13780851569,19,42.7,76,76,0.0
도봉,7006105399,19,42.7,659,659,0.0
서빙고,12874837067,19,42.7,295,295,0.0
양재,11431861586,19,42.7,940,940,0.0
이촌,4172393733,19,42.7,454,454,0.0
복정,11330600853,19,42.7,392,392,0.0
독산,4095041979,19,42.7,268,268,0.0
신내,9810803930,19,42.7,662,662,0.0
금천구청,5308009219,19,42.7,605,605,0.0
암사역사공원,436817489,19,42.7,476,476,0.0
보문,436873184,19,42.7,1115,1115,0.0
동작,7660036116,19,42.7,204,204,0.0
서울,10013086401,19,42.7,830,830,0.0
도곡,5403582157,19,42.7,462,462,0.0
김포공항,2353543144,19,42.7,522,522,0.0
동대문역사문화공원,8496801700,19,42.7,1850,1850,0.0
구로,8918160546,19,42.7,533,533,0.0
북한산보국문,3841557294,19,42.7,582,582,0.0
안국,436867523,19,42.7,1297,1297,0.0
강일,13093833784,19,42.7,347,347,0.0
천호,999136673,19,42.7,1051,1051,0.0
서원,1835221331,19,42.7,1227,1227,0.0
동대문,3830591792,19,42.7,1671,1671,0.0
삼각지,5589627062,19,42.7,902,902,0.0
도봉산,5246596481,19,42.7,477,477,0.0
도봉산,5246596482,19,42.7,488,488,0.0
영등포,11459128410,19,42.7,783,783,0.0
노량진,3785111388,19,42.7,417,417,0.0
용산,10816124190,19,42.7,415,415,0.0
종각,11198015018,19,42.7,1508,1508,0.0
건대입구,2613069963,19,42.7,1123,1123,0.0
가좌,5756085341,19,42.7,950,950,0.0
남영,7836289839,19,42.7,867,867,0.0
대방,4617447369,19,42.7,306,306,0.0
응암,8735757178,19,42.7,2062,2062,0.0
합정,5215341441,19,42.7,1477,1477,0.0
동묘앞,4170064719,19,42.7,1658,1658,0.0
고려대,5404768239,19,42.7,1585,1585,0.0
홍대입구,11841458495,19,42.7,2240,2240,0.0
디지털미디어시티,9891051186,19,42.7,182,182,0.0
선릉,2280678836,19,42.7,766,766,0.0
강남구청,2282830004,19,42.7,911,911,0.0
강남,7168335697,19,42.7,1287,1287,0.0
가락시장,10939998666,19,42.7,266,266,0.0
을지로3가,7694743853,19,42.7,1932,1932,0.0
불광,11228575654,19,42.7,1358,1358,0.0
구의,3958847218,19,42.7,330,330,0.0
강변,1850655113,19,42.7,359,359,0.0
잠실나루,5159105401,19,42.7,251,251,0.0
옥수,3851466435,19,42.7,215,215,0.0
충무로,3846576172,19,42.7,1502,1502,0.0
약수,3846603560,19,42.7,839,839,0.0
교대,3355067052,19,42.7,895,895,0.0
오금,3278844051,19,42.7,992,992,0.0
한양대,8992783196,19,42.7,906,906,0.0
성수,2551966241,19,42.7,805,805,0.0
시청,3404904658,19,42.7,1074,1074,0.0
을지로입구,436830313,19,42.7,1494,1494,0.0
을지로4가,10296582868,19,42.7,1599,1599,0.0
신당,414685846,19,42.7,1733,1733,0.0
상왕십리,11127349744,19,42.7,1796,1796,0.0
신촌,5937884691,19,42.7,2707,2707,0.0
이대,9283138042,19,42.7,1934,1934,0.0
아현,1936511359,19,42.7,1758,1758,0.0
마곡나루,4019735070,19,42.7,568,568,0.0
당산,3216944261,19,42.7,692,692,0.0
문래,11455185928,19,42.7,1223,1223,0.0
신도림,5344219251,19,42.7,229,229,0.0
구로디지털단지,4624772818,19,42.7,665,665,0.0
신대방,4624808762,19,42.7,578,578,0.0
신림,5404739367,19,42.7,1212,1212,0.0
봉천,5404739628,19,42.7,1274,1274,0.0
서울대입구,5406451695,19,42.7,959,959,0.0
낙성대,5406462591,19,42.7,618,618,0.0
방배,8471989456,19,42.7,421,421,0.0
서초,3221788784,19,42.7,652,652,0.0
역삼,2280678732,19,42.7,948,948,0.0
삼성,733859380,19,42.7,606,606,0.0
종합운동장,1430639131,19,42.7,362,362,0.0
잠실새내,2957013438,19,42.7,642,642,0.0
잠실,7877518993,19,42.7,415,415,0.0
양천구청,3380999909,19,42.7,471,471,0.0
신정네거리,9572122970,19,42.7,759,759,0.0
도림천,4630961655,19,42.7,567,567,0.0
경찰병원,1812000920,19,42.7,649,649,0.0
대청,2927282422,19,42.7,495,495,0.0
학여울,4643770712,19,42.7,520,520,0.0
대치,2281644495,19,42.7,618,618,0.0
매봉,5406359683,19,42.7,583,583,0.0
남부터미널,436864976,19,42.7,743,743,0.0
잠원,4634374794,19,42.7,513,513,0.0
신사,8489501829,19,42.7,1026,1026,0.0
압구정,9891581229,19,42.7,1171,1171,0.0
금호,4201516987,19,42.7,552,552,0.0
동대입구,436870722,19,42.7,1131,1131,0.0
경복궁,6033544429,19,42.7,1196,1196,0.0
독립문,13460710395,19,42.7,816,816,0.0
무악재,11296428367,19,42.7,455,455,0.0
홍제,436868050,19,42.7,855,855,0.0
녹번,436867704,19,42.7,786,786,0.0
구파발,8515726110,19,42.7,786,786,0.0
불암산,3841778897,19,42.7,478,478,0.0
쌍문,436836179,19,42.7,1106,1106,0.0
수유,9813541694,19,42.7,1433,1433,0.0
미아,9819314920,19,42.7,1362,1362,0.0
미아사거리,5198597933,19,42.7,1334,1334,0.0
길음,5210130825,19,42.7,921,921,0.0
혜화,2409390726,19,42.7,915,915,0.0
명동,7495868732,19,42.7,1420,1420,0.0
회현,12920546288,19,42.7,1025,1025,0.0
서울역,5348913449,19,42.7,990,990,0.0
숙대입구,2533148374,19,42.7,1017,1017,0.0
신용산,10816047755,19,42.7,445,445,0.0
사당,11521991148,19,42.7,772,772,0.0
남태령,7621561344,19,42.7,140,140,0.0
마천,10277058704,19,42.7,1004,1004,0.0
거여,4489986954,19,42.7,1107,1107,0.0
개롱,12142687377,19,42.7,1146,1146,0.0
방이,2310500979,19,42.7,840,840,0.0
올림픽공원,8493888383,19,42.7,637,637,0.0
둔촌동,4680325914,19,42.7,548,548,0.0
상일동,7106623354,19,42.7,484,484,0.0
고덕,5915757376,19,42.7,713,713,0.0
명일,10009228390,19,42.7,570,570,0.0
굽은다리,3851742835,19,42.7,725,725,0.0
길동,3856135009,19,42.7,792,792,0.0
강동,3856513978,19,42.7,814,814,0.0
광나루,11182352080,19,42.7,452,452,0.0
아차산,2123390941,19,42.7,612,612,0.0
장한평,10708070992,19,42.7,481,481,0.0
답십리,10708182321,19,42.7,295,295,0.0
마장,3832676328,19,42.7,1208,1208,0.0
행당,3833113882,19,42.7,1241,1241,0.0
신금호,3848968727,19,42.7,743,743,0.0
광화문,13971398420,19,42.7,1418,1418,0.0
서대문,445343537,19,42.7,1362,1362,0.0
애오개,13142535285,19,42.7,1849,1849,0.0
공덕,9941864292,19,42.7,1998,1998,0.0
마포,13227969612,19,42.7,1192,1192,0.0
여의나루,355173356,19,42.7,598,598,0.0
여의도,4744225606,19,42.7,421,421,0.0
신길,4529530743,19,42.7,518,518,0.0
영등포시장,355173354,19,42.7,1102,1102,0.0
영등포구청,5215341470,19,42.7,1148,1148,0.0
양평,436860925,19,42.7,708,708,0.0
오목교,2808319707,19,42.7,1088,1088,0.0
목동,13895049012,19,42.7,1061,1061,0.0
신정,2848435510,19,42.7,787,787,0.0
까치산,1906282324,19,42.7,941,941,0.0
화곡,2289350750,19,42.7,1376,1376,0.0
우장산,4706229292,19,42.7,1447,1447,0.0
발산,1791473931,19,42.7,929,929,0.0
마곡,13800646917,19,42.7,593,593,0.0
송정,4602991606,19,42.7,677,677,0.0
개화산,9228947724,19,42.7,593,593,0.0
방화,2702609963,19,42.7,435,435,0.0
봉화산,436834232,19,42.7,477,477,0.0
화랑대,3842209686,19,42.7,904,904,0.0
석계,1795189949,19,42.7,982,982,0.0
돌곶이,3830773366,19,42.7,1397,1397,0.0
상월곡,5219803722,19,42.7,1040,1040,0.0
월곡,5406198806,19,42.7,1159,1159,0.0
안암,7625622864,19,42.7,1804,1804,0.0
창신,1943131791,19,42.7,758,758,0.0
청구,1936511423,19,42.7,1242,1242,0.0
버티고개,3847632030,19,42.7,334,334,0.0
한강진,436868241,19,42.7,569,569,0.0
이태원,2470887090,19,42.7,754,754,0.0
녹사평,2384953064,19,42.7,1040,1040,0.0
효창공원앞,4426288471,19,42.7,1133,1133,0.0
대흥,9987526934,19,42.7,1983,1983,0.0
광흥창,4101356295,19,42.7,1853,1853,0.0
상수,414685238,19,42.7,1337,1337,0.0
망원,445327391,19,42.7,1724,1724,0.0
마포구청,5905951490,19,42.7,1038,1038,0.0
월드컵경기장,798569457,19,42.7,500,500,0.0
증산,3823125035,19,42.7,1303,1303,0.0
새절,3822999355,19,42.7,1828,1828,0.0
구산,2292697262,19,42.7,1767,1767,0.0
연신내,13357342120,19,42.7,1578,1578,0.0
독바위,3824954278,19,42.7,914,914,0.0
역촌,10789220053,19,42.7,1917,1917,0.0
어린이대공원,7939459503,19,42.7,860,860,0.0
군자,8743773046,19,42.7,1103,1103,0.0
중곡,3840461137,19,42.7,932,932,0.0
용마산,10141309870,19,42.7,1285,1285,0.0
사가정,436849774,19,42.7,1805,1805,0.0
면목,436816024,19,42.7,1746,1746,0.0
상봉,436718863,19,42.7,2078,2078,0.0
중화,3819991417,19,42.7,1857,1857,0.0
먹골,436538654,19,42.7,1117,1117,0.0
태릉입구,13821634895,19,42.7,1354,1354,0.0
공릉,13566284590,19,42.7,1151,1151,0.0
하계,13566334119,19,42.7,554,554,0.0
중계,3835756882,19,42.7,440,440,0.0
노원,10598556476,19,42.7,697,697,0.0
마들,9410070134,19,42.7,1010,1010,0.0
수락산,13566334197,19,42.7,619,619,0.0
가산디지털단지,436846908,19,42.7,460,460,0.0
남구로,2590252230,19,42.7,768,768,0.0
대림,2589375675,19,42.7,858,858,0.0
신풍,2108483850,19,42.7,848,848,0.0
보라매,2108483937,19,42.7,721,721,0.0
신대방삼거리,2108483943,19,42.7,901,901,0.0
장승배기,1830596637,19,42.7,854,854,0.0
상도,436821675,19,42.7,771,771,0.0
숭실대입구,11413637825,19,42.7,585,585,0.0
남성,4195693782,19,42.7,686,686,0.0
이수,13434371130,19,42.7,970,970,0.0
내방,2110270505,19,42.7,487,487,0.0
반포,9914441894,19,42.7,746,746,0.0
논현,2280678861,19,42.7,955,955,0.0
학동,2279487893,19,42.7,1030,1030,0.0
청담,2279487921,19,42.7,785,785,0.0
자양,9040152140,19,42.7,636,636,0.0
용두,1939143883,19,42.7,1269,1269,0.0
신답,2460188205,19,42.7,45,45,0.0
천왕,1784377384,19,42.7,338,338,0.0
장지,11202554992,19,42.7,983,983,0.0
문정,6832910091,19,42.7,581,581,0.0
송파,2280491847,19,42.7,553,553,0.0
석촌,2280491863,19,42.7,301,301,0.0
몽촌토성,2346858828,19,42.7,451,451,0.0
강동구청,436855505,19,42.7,904,904,0.0
암사,999136556,19,42.7,828,828,0.0
중앙보훈병원,4197252516,19,42.7,357,357,0.0
둔촌오륜,11229084218,19,42.7,377,377,0.0
한성백제,10009448574,19,42.7,394,394,0.0
송파나루,1809560163,19,42.7,485,485,0.0
석촌고분,10855673146,19,42.7,780,780,0.0
삼전,4186302819,19,42.7,613,613,0.0
대모산입구,4643770733,19,42.7,495,495,0.0
개포동,2032418657,19,42.7,428,428,0.0
구룡,436814317,19,42.7,225,225,0.0
한티,4784810914,19,42.7,616,616,0.0
압구정로데오,596509934,19,42.7,705,705,0.0
서울숲,9081846792,19,42.7,723,723,0.0
양재시민의숲,12872531616,19,42.7,667,667,0.0
청계산입구,11744211938,19,42.7,177,177,0.0
성신여대입구,5226829495,19,42.7,886,886,0.0
청량리,7749822746,19,42.7,1451,1451,0.0
신내,9534964676,19,42.7,661,661,0.0
종로3가,7068953101,19,42.7,1739,1739,0.0
신설동,13345643243,19,42.7,1380,1380,0.0
성신여대입구,9816197077,19,42.7,862,862,0.0
이촌,13472471079,19,42.7,485,485,0.0
서울역,10216518963,19,42.7,550,550,0.0
수서,6004121530,19,42.7,224,224,0.0
건대입구,11303511536,19,42.7,1018,1018,0.0
선정릉,596482732,19,42.7,765,765,0.0
선릉,860338496,19,42.7,762,762,0.0
도곡,3418782698,19,42.7,447,447,0.0
수서,12364278188,19,42.7,233,233,0.0
복정,11330600836,19,42.7,445,445,0.0
왕십리,9369050246,19,42.7,1530,1530,0.0
왕십리,11127349780,19,42.7,1663,1663,0.0
신설동,4173042514,19,42.7,1293,1293,0.0
939정거장,8436624771,19,42.7,364,364,0.0
창동,4659124351,19,42.7,526,526,0.0
동작,3401123578,19,42.7,13,13,0.0
개화,9701881739,19,42.7,242,242,0.0
상봉,2470981971,19,42.7,1849,1849,0.0
관악산,4373612914,19,42.7,549,549,0.0
서울대벤처타운,1835221096,19,42.7,879,879,0.0
신림,1844912791,19,42.7,1197,1197,0.0
당곡,436858756,19,42.7,1055,1055,0.0
보라매병원,436847189,19,42.7,817,817,0.0
보라매공원,7916896848,19,42.7,516,516,0.0
보라매,2819460436,19,42.7,703,703,0.0
서울지방병무청,11178013529,19,42.7,675,675,0.0
대방,11553007316,19,42.7,534,534,0.0
샛강,13506574406,19,42.7,361,361,0.0
샛강,13670786965,19,42.7,348,348,0.0
서울역,3390941198,19,42.7,980,980,0.0
디지털미디어시티,2605603657,19,42.7,383,383,0.0
디지털미디어시티,4652833827,19,42.7,469,469,0.0
노원,5706189891,19,42.7,776,776,0.0
양재,4865811281,19,42.7,893,893,0.0
강남,3087683154,19,42.7,1222,1222,0.0
당산,10814323607,19,42.7,737,737,0.0
서울역,3391063393,19,42.7,1011,1011,0.0
신길,4636791670,19,42.7,720,720,0.0
가산디지털단지,2108483903,19,42.7,492,492,0.0
상계,3401474874,19,42.7,689,689,0.0
선유도,2726710465,19,42.7,537,537,0.0
신목동,2812530406,19,42.7,405,405,0.0
염창,2289016390,19,42.7,683,683,0.0
등촌,2290015312,19,42.7,810,810,0.0
증미,3042643876,19,42.7,673,673,0.0
가양,2142681442,19,42.7,885,885,0.0
양천향교,414683333,19,42.7,635,635,0.0
신방화,10814323761,19,42.7,827,827,0.0
공항시장,4604019398,19,42.7,777,777,0.0
총신대입구(이수),4984575377,19,42.7,877,877,0.0
동묘앞,3830591800,19,42.7,1683,1683,0.0
동대문,7195666618,19,42.7,1827,1827,0.0
종로3가,4198116864,19,42.7,1363,1363,0.0
종로3가,4197560774,19,42.7,1595,1595,0.0
정릉,3828480980,19,42.7,700,700,0.0
솔샘,3841342870,19,42.7,826,826,0.0
삼양사거리,3841342963,19,42.7,1425,1425,0.0
삼양,3840741768,19,42.7,1428,1428,0.0
화계,436865378,19,42.7,1464,1464,0.0
가오리,3840936112,19,42.7,1346,1346,0.0
4.19민주묘지,3841077641,19,42.7,939,939,0.0
솔밭공원,3626451463,19,42.7,493,493,0.0
북한산우이,11824482197,19,42.7,274,274,0.0
시청,7677568503,19,42.7,1206,1206,0.0
노량진,4627778176,19,42.7,411,411,0.0
김포공항,7981330101,19,42.7,553,553,0.0
김포공항,4874729815,19,42.7,614,614,0.0
옥수,8222891384,19,42.7,318,318,0.0
신도림,5119449050,19,42.7,331,331,0.0
수서,11563289590,19,42.7,234,234,0.0
연신내,10678122489,19,42.7,1643,1643,0.0
뚝섬,8498978693,19,42.7,756,756,0.0
동대문역사문화공원,414685825,19,42.7,1759,1759,0.0
동대문역사문화공원,1945254583,19,42.7,1864,1864,0.0
종합운동장,13894950326,19,42.7,402,402,0.0
홍대입구,13227913200,19,42.7,2129,2129,0.0
942정거장,436815896,19,42.7,625,625,0.0
